source,State,District,Rivers / Streams,start_date
court_docs,Madhya Pradesh,"Jabalpur, Alirajpur, Betul, Bhind",Narmada,2020-02-28 18:30:00+00
court_docs,Madhya Pradesh,Gwalior,Sindh,2020-09-04 18:30:00+00
court_docs,Haryana,,"yamuna, Ghaggar, Tangri, Markanda, Krishnavati, Dohan",
court_docs,"Uttar Pradesh, Rajasthan, Madhya Pradesh","Dhaulpur, Morena, Gwalior, Bhind, Bharatpur, Etawah, Jhansi",Chambal,2022-03-30 18:30:00+00
court_docs,Madhya Pradesh,Jabalpur,Narmada,2025-02-13 18:30:00+00
court_docs,Madhya Pradesh,Bhind,Sindh,2025-02-10 18:30:00+00
court_docs,Madhya Pradesh,Dhar,,2023-08-08 18:30:00+00
court_docs,Madhya Pradesh,Narsimhapur,Dudhi,2020-10-23 18:30:00+00
court_docs,Madhya Pradesh,Jabalpur,Narmada,2025-05-28 18:30:00+00
court_docs,Uttar Pradesh,Ghaziabad,Yamuna,2023-12-01 18:30:00+00
court_docs,Madhya Pradesh,Sehore,Narmada,2021-09-23 18:30:00+00
court_docs,Maharashtra,Nagpur,"Kanhan, Pench",2022-03-26 07:00:00+00
court_docs,Maharashtra,Sindhudurg,Gad (Maharashtra),2022-02-28 18:30:00+00
court_docs,Odisha,"Bargarh, Jharsuguda",Mahanadi,2024-07-08 18:30:00+00
court_docs,Andhra Pradesh,"Guntur, Krishna, Mahbubnagar, Medak, Nizamabad, Prakasam, Y.s.r. / Kadapa, Visakhapatnam, Warangal, Anantapur, East Godavari, Chittoor, Hyderabad, Kurnool, Nalgonda, Vizianagaram, West Godavari, Srikakulam, Annamayya, Sri Sathya Sai, Palnadu / Narasaraopet, Rangareddy, Tirupati, Bapatla, Dr. B. R. Ambedkar Konaseema / Konaseema, Sri Potti Sriramulu Nellore, Nandyal, Kakinada, Khammam, East Godavari, Karimnagar",,2023-06-23 18:30:00+00
court_docs,Madhya Pradesh,Jabalpur,Narmada,2021-10-07 18:30:00+00
court_docs,Madhya Pradesh,Seoni,,2022-05-25 18:30:00+00
court_docs,Madhya Pradesh,"Jabalpur, Narsimhapur",Narmada,2015-10-15 18:30:00+00
court_docs,Madhya Pradesh,Bhind,Chambal,2022-09-21 18:30:00+00
court_docs,Uttar Pradesh,Hamirpur,Betwa,2019-08-22 18:30:00+00
court_docs,Madhya Pradesh,"Morena, Gwalior, Bhind, Datia",Chambal,2021-07-22 18:30:00+00
court_docs,Madhya Pradesh,Chhindwara,Kanhan,2018-01-30 18:30:00+00
court_docs,Karnataka,"Gadag, Raichur, Kalaburagi / Gulbarga",,2020-10-06 18:30:00+00
court_docs,Madhya Pradesh,Morena,Chambal,2022-03-30 18:30:00+00
court_docs,Madhya Pradesh,Harda,Narmada,2025-05-17 18:30:00+00
court_docs,Madhya Pradesh,Shahdol,,2023-08-28 18:30:00+00
court_docs,Bihar,Banka,"Chanan, Chir, Sukhaniya, Badua, Kurar, Odhni, Darbhasan",2020-06-16 18:30:00+00
court_docs,Madhya Pradesh,,,2023-11-24 18:30:00+00
court_docs,Madhya Pradesh,Bhind,,2020-09-28 18:30:00+00
court_docs,Uttar Pradesh,Hamirpur,,2024-10-01 18:30:00+00
court_docs,Madhya Pradesh,Datia,Sindh,2014-03-07 18:30:00+00
court_docs,Assam,Bajali,Kaldiya,2024-09-23 18:30:00+00
court_docs,Madhya Pradesh,Barwani,Narmada,2020-02-04 18:30:00+00
court_docs,Madhya Pradesh,Panna,Jhanpar,2023-08-17 18:30:00+00
court_docs,Madhya Pradesh,Shivpuri,,2023-01-17 18:30:00+00
court_docs,Madhya Pradesh,Balaghat,Wainganga,2023-04-18 18:30:00+00
court_docs,Madhya Pradesh,Jabalpur,,2017-03-10 18:30:00+00
court_docs,Madhya Pradesh,Shahdol,,2022-12-02 18:30:00+00
court_docs,Madhya Pradesh,Raisen,Narmada,2022-01-25 18:30:00+00
court_docs,Madhya Pradesh,Singrauli,Mahan,2025-04-15 18:30:00+00
court_docs,Rajasthan,Dhaulpur,Chambal,2022-03-30 18:30:00+00
court_docs,Madhya Pradesh,Bhind,Chambal,2024-02-01 18:30:00+00
court_docs,Madhya Pradesh,Betul,Narmada,2023-05-24 18:30:00+00
court_docs,"Odisha, West Bengal","Baleshwar, Paschim Medinipur",Subarnarekha,2017-05-29 18:30:00+00
court_docs,Uttar Pradesh,Shamli,Yamuna,2024-05-04 18:30:00+00
court_docs,Madhya Pradesh,Narmadapuram,Narmada,2021-01-01 18:30:00+00
court_docs,Madhya Pradesh,Seoni,Hirri,2024-07-15 18:30:00+00
court_docs,Madhya Pradesh,Mandsaur,"Chambal, Shivna, Retam",2001-01-01 18:30:00+00
court_docs,Madhya Pradesh,Jabalpur,Narmada,2021-10-07 18:30:00+00
court_docs,Karnataka,Bagalkot,Krishna,2025-01-13 18:30:00+00
court_docs,Madhya Pradesh,,Chambal,2008-01-01 18:30:00+00
court_docs,Madhya Pradesh,Burhanpur,Tapi,2025-01-01 18:30:00+00
court_docs,Madhya Pradesh,Shahdol,Sone,2023-11-30 18:30:00+00
court_docs,Madhya Pradesh,"Panna, Chhatarpur",Ken,2013-01-01 18:30:00+00
court_docs,Goa,"North Goa, South Goa","Zuari, Mandovi",2024-04-01 18:30:00+00
court_docs,Madhya Pradesh,Barwani,Narmada,2022-08-23 18:30:00+00
court_docs,Madhya Pradesh,Dewas,"Narmada, Kali Sindh, Shipra",2022-05-07 18:30:00+00
court_docs,Rajasthan,Dhaulpur,Chambal,2022-03-30 18:30:00+00
court_docs,Madhya Pradesh,Seoni,"Narmada, Wainganga",2022-05-25 18:30:00+00
court_docs,Madhya Pradesh,Sagar,,2020-08-13 18:30:00+00
court_docs,Madhya Pradesh,Vidisha,,2019-04-24 18:30:00+00
court_docs,Madhya Pradesh,Bhind,Sindh,2017-11-20 18:30:00+00
court_docs,Madhya Pradesh,"Dhar, Barwani, Alirajpur, Khargone (West Nimar)",Narmada,2015-01-01 18:30:00+00
court_docs,Madhya Pradesh,Singrauli,Sone,2022-06-15 18:30:00+00
court_docs,Madhya Pradesh,Jabalpur,Narmada,2024-07-25 18:30:00+00
court_docs,Goa,South Goa,Zuari,2024-04-01 18:30:00+00
court_docs,Odisha,Bhadrak,Baitrani,2021-09-22 18:30:00+00
court_docs,Haryana,Sonipat,yamuna,2023-04-17 18:30:00+00
court_docs,"Rajasthan, Madhya Pradesh, Uttar Pradesh",,Chambal,2026-03-20 18:30:00+00
court_docs,Madhya Pradesh,Jabalpur,Narmada,2020-09-30 18:30:00+00
court_docs,Madhya Pradesh,Harda,Ganjal,2023-04-12 18:30:00+00
court_docs,Madhya Pradesh,Shahdol,Jhanpar,2022-01-21 18:30:00+00
court_docs,Uttar Pradesh,Aligarh,Yamuna,2020-02-06 18:30:00+00
court_docs,Meghalaya,West Garo Hills,Rongai,2024-07-23 18:30:00+00
court_docs,Meghalaya,West Garo Hills,Rongai,2024-08-14 18:30:00+00
court_docs,Uttar Pradesh,Banda,Ken,2019-06-27 18:30:00+00
court_docs,Madhya Pradesh,Gwalior,"Sindh, Yamuna",2025-05-17 18:30:00+00
court_docs,Madhya Pradesh,Shivpuri,Sindh,2024-02-16 18:30:00+00
court_docs,Madhya Pradesh,Seoni,"Hiran, Narmada",2018-05-07 18:30:00+00
court_docs,Madhya Pradesh,Chhatarpur,"Dhasan, Ken",2024-07-18 18:30:00+00
court_docs,Madhya Pradesh,"Sehore, Narmadapuram",Narmada,2021-12-10 18:30:00+00
court_docs,Madhya Pradesh,Vidisha,Betwa,2023-09-25 18:30:00+00
court_docs,Uttar Pradesh,Banda,Ken,2019-06-27 18:30:00+00
court_docs,Odisha,Baleshwar,Subarnarekha,2023-08-02 18:30:00+00
court_docs,Madhya Pradesh,Narsimhapur,Narmada,2014-04-01 18:30:00+00
court_docs,"Madhya Pradesh, Rajasthan",,Narmada,2023-05-11 18:30:00+00
court_docs,Madhya Pradesh,Sehore,Narmada,2023-11-01 18:30:00+00
court_docs,Madhya Pradesh,Shahdol,Sone,2023-11-30 18:30:00+00
court_docs,Madhya Pradesh,,"Chambal, Narmada",2025-05-17 18:30:00+00
court_docs,Madhya Pradesh,Shahdol,Sone,2023-07-04 18:30:00+00
court_docs,Madhya Pradesh,Gwalior,Sindh,2022-01-17 18:30:00+00
news_reports,Maharashtra,Akola,Katepurna,2019-09-07 18:30:00+00
news_reports,Maharashtra,Akola,N/A,2019-07-27 18:30:00+00
news_reports,Maharashtra,N/A,Vaitarna,2018-09-09 18:30:00+00
news_reports,Maharashtra,Raigarh,Savitri,2016-08-10 18:30:00+00
news_reports,Tamil Nadu,Vellore,Palar,2022-11-09 18:30:00+00
news_reports,Jammu & Kashmir,"Baramula, Bandipore",Jhelum,2022-11-01 18:30:00+00
news_reports,Maharashtra,Bhandara,Wainganga,2019-03-12 18:30:00+00
news_reports,Maharashtra,Chandrapur,Uma,2017-09-14 18:30:00+00
news_reports,Maharashtra,Yavatmal,Painganga,2015-11-23 18:30:00+00
news_reports,Madhya Pradesh,Narmadapuram,"Narmada, Betul",2022-10-28 18:30:00+00
news_reports,Odisha,Khordha,Kharasrota,2022-10-27 18:30:00+00
news_reports,Tamil Nadu,Virudhunagar,Gundaru,2018-12-25 18:30:00+00
news_reports,Maharashtra,Kolhapur,Nira,2015-05-27 18:30:00+00
news_reports,Maharashtra,Aurangabad,Kham,2019-06-23 18:30:00+00
news_reports,Maharashtra,Solapur,Bhima,2018-03-12 18:30:00+00
news_reports,Kerala,Alappuzha,N/A,2023-06-10 18:30:00+00
news_reports,Tamil Nadu,Karur,"Kaveri, Kollidam",2019-05-19 18:30:00+00
news_reports,Odisha,Cuttack,Birupa,2022-10-23 18:30:00+00
news_reports,Puducherry,Puducherry,Ariyankuppam,2019-07-20 18:30:00+00
news_reports,Tamil Nadu,Pudukkottai,Vellar,2018-11-02 18:30:00+00
news_reports,Tamil Nadu,Coimbatore,Noyyal,2018-07-16 18:30:00+00
news_reports,Tamil Nadu,Thiruvarur,Koraiyar,2018-07-12 18:30:00+00
news_reports,Tamil Nadu,Cuddalore,Kollidam,2018-07-11 18:30:00+00
news_reports,Punjab,Kapurthala,Beas,2022-09-10 18:30:00+00
news_reports,Chhattisgarh,Bilaspur,Arpa,2022-11-02 18:30:00+00
news_reports,Punjab,Kapurthala,Kasoor Nala,2022-11-03 18:30:00+00
news_reports,Punjab,Moga,Sutlej,2022-10-29 18:30:00+00
news_reports,Odisha,Mayurbhanj,"Khairi, Bhandan ",2022-11-08 18:30:00+00
news_reports,Goa,North Goa,Mandovi,2022-11-10 18:30:00+00
news_reports,"Odisha, Andhra Pradesh",Gajapati,Vamsadhara,2022-11-11 18:30:00+00
news_reports,Haryana,Yamunanagar,yamuna,2022-09-06 18:30:00+00
news_reports,Maharashtra,Raigarh,Panvel Creek,2022-11-12 18:30:00+00
news_reports,Jharkhand,Garhwa,Danro,2022-11-14 18:30:00+00
news_reports,Goa,North Goa,Mandovi,2022-11-16 18:30:00+00
news_reports,Maharashtra,Thane,Vaitarna,2019-02-06 18:30:00+00
news_reports,Tamil Nadu,Vellore,Palar,2017-03-06 18:30:00+00
news_reports,Madhya Pradesh,Shivpuri,Parvati,2019-06-24 18:30:00+00
news_reports,Maharashtra,Hingoli,Penganga,2013-08-11 18:30:00+00
news_reports,Assam,Golaghat,Doikrong,2018-05-17 18:30:00+00
news_reports,Tripura,West Tripura,Howrah,2015-11-01 18:30:00+00
news_reports,Punjab,Jalandhar,Sutlej,2022-12-27 18:30:00+00
news_reports,Kerala,Ernakulam,Periyar,2018-09-11 18:30:00+00
news_reports,Kerala,Palakkad,"Gayathripuzha, Bharathapuzha , Kunthipuzha, Kalpathipuzha",2018-09-01 18:30:00+00
news_reports,Odisha,Jajapur,Brahmani,2016-02-26 18:30:00+00
news_reports,Haryana,Faridabad,yamuna,2022-12-28 18:30:00+00
news_reports,Punjab,Rupnagar,Sawan,2022-12-28 18:30:00+00
news_reports,Punjab,Shahid Bhagat Singh Nagar,Sutlej,2022-12-08 18:30:00+00
news_reports,Rajasthan,Chittaurgarh,Berach,2017-07-12 18:30:00+00
news_reports,Madhya Pradesh,Dewas,"Bagdi, Narmada",2022-12-08 18:30:00+00
news_reports,Rajasthan,Ajmer,Khari,2017-11-28 18:30:00+00
news_reports,Rajasthan,Sawai Madhopur,Banas,2018-02-17 18:30:00+00
news_reports,Haryana,Yamunanagar,"Boli, yamuna",2022-11-25 18:30:00+00
news_reports,Maharashtra,Nanded,"Manyad ",2019-06-09 18:30:00+00
news_reports,Rajasthan,Dhaulpur,Chambal,2019-08-31 18:30:00+00
news_reports,Rajasthan,Udaipur,Gomathi,2022-09-29 18:30:00+00
news_reports,Rajasthan,Jaipur,N/A,2019-02-06 18:30:00+00
news_reports,Karnataka,Udupi,"Udayavara, Suvarna",2018-09-16 18:30:00+00
news_reports,Karnataka,chamarajanagar,Kaveri,2019-09-19 18:30:00+00
news_reports,Karnataka,Uttara Kannada,Kali,2019-09-02 18:30:00+00
news_reports,Goa,South Goa,N/A,2023-02-26 18:30:00+00
news_reports,Madhya Pradesh,Sheopur,"Parbati, Chambal",2023-02-20 18:30:00+00
news_reports,Uttar Pradesh,Kushinagar,N/A,2023-02-22 18:30:00+00
news_reports,Assam,Nagaon,"Kopili, Borpani",2023-02-05 18:30:00+00
news_reports,Karnataka,Raichur,"Krishna ",2018-09-17 18:30:00+00
news_reports,NCT of Delhi,N/A,yamuna,2017-09-01 18:30:00+00
news_reports,NCT of Delhi,North East,yamuna,2018-09-01 18:30:00+00
news_reports,Assam,Golaghat,Doigrung,2018-05-22 18:30:00+00
news_reports,Himachal Pradesh,Una,not mentioned,2023-01-16 18:30:00+00
news_reports,Assam,Kamrup,"Digaru ",2018-07-20 18:30:00+00
news_reports,Assam,Tinsukia,Dehing,2017-01-12 18:30:00+00
news_reports,"Assam, Arunanchal Pradesh","Tinsukia, Tirap",Dirak,2018-01-25 18:30:00+00
news_reports,Assam,Sivasagar,"Puthimari, Dikhow, Mitong",2018-01-09 18:30:00+00
news_reports,Assam,Kamrup,Kulshi,2019-05-31 18:30:00+00
news_reports,Manipur,Thoubal,Thoubal,2018-12-29 18:30:00+00
news_reports,Tamil Nadu,Karur,Kaveri,2023-01-13 18:30:00+00
news_reports,Manipur,Thoubal,Thoubal,2017-11-21 18:30:00+00
news_reports,Maharashtra,Raigarh,"Kharghar Creek, Belapur Creek",2018-04-18 18:30:00+00
news_reports,Bihar,Gaya,Morhar,2023-02-20 18:30:00+00
news_reports,Maharashtra,Raigarh,Taloje,2015-04-26 18:30:00+00
news_reports,Jharkhand,Godda,N/A,2021-01-09 18:30:00+00
news_reports,Maharashtra,Raigarh,Taloje,2019-04-18 18:30:00+00
news_reports,Odisha,Nayagarh,N/A,2021-09-23 18:30:00+00
news_reports,Bihar,"Gaya, Patna, Bhojpur","Sone , Morhar, Punpun, Ganga, Falgu",2022-03-05 18:30:00+00
news_reports,Jharkhand,Garhwa,Turi,2021-02-12 18:30:00+00
news_reports,Odisha,Jajapur,Kharasrota,2022-03-26 18:30:00+00
news_reports,Madhya Pradesh,Morena,Chambal,2021-06-11 18:30:00+00
news_reports,Assam,Kamrup Metropolitan,Kolong-Kapili,2019-02-04 18:30:00+00
news_reports,N/A,N/A,N/A,2023-01-14 18:30:00+00
news_reports,Uttar Pradesh,Lucknow,N/A,2023-01-15 18:30:00+00
news_reports,Rajasthan,"Sikar, Bharatpur, Kota, Udaipur, Ganganagar, Bundi, Bhilwara, Banswara, Nagaur","Chambal, Luni, Sone , Brahmani, Kothari, Banas",2023-01-14 18:30:00+00
news_reports,Assam,Hailakandi,"Dhaleswari , Katakhal",2018-05-24 18:30:00+00
news_reports,Tamil Nadu,"Tiruchirappalli, Karur","Kaveri, Kollidam",2023-01-17 18:30:00+00
news_reports,Madhya Pradesh,Narmadapuram,Narmada,2019-03-08 18:30:00+00
news_reports,Jammu & Kashmir,Anantnag,"Lidder, Jhelum, Brengi",2023-01-24 18:30:00+00
news_reports,Arunanchal Pradesh,Tawang,Nyamjang Chhu,2017-11-28 18:30:00+00
news_reports,Kerala,Kottayam,Meenachil,2023-01-19 18:30:00+00
news_reports,Maharashtra,Thane,Thane Creek,2023-01-21 18:30:00+00
news_reports,Punjab,"Ambala, Sahibzada Ajit Singh Nagar",N/A,2023-01-23 18:30:00+00
news_reports,Karnataka,Mandya,"Shimsha, Kaveri",2016-07-30 18:30:00+00
news_reports,Tamil Nadu,Tiruchirappalli,Kaveri,2023-01-29 18:30:00+00
news_reports,Madhya Pradesh,Bhind,Sindh,2022-02-27 18:30:00+00
news_reports,Punjab,Chandigarh,not mentioned,2023-01-31 18:30:00+00
news_reports,Karnataka,Udupi,"Swarna, Seetha",2018-12-17 18:30:00+00
news_reports,Punjab,Hoshiarpur,N/A,2023-02-03 18:30:00+00
news_reports,Kerala,Kottayam,"Meenachil, Meenanthara, Kodoor ",2023-02-02 18:30:00+00
news_reports,Odisha,Baleshwar,Sona,2023-02-05 18:30:00+00
news_reports,Rajasthan,Jaipur,N/A,2019-05-31 18:30:00+00
news_reports,Tamil Nadu,Thoothukkudi,not mentioned,2023-02-05 18:30:00+00
news_reports,Rajasthan,Bundi,Chambal,2019-03-27 18:30:00+00
news_reports,Punjab,Shahid Bhagat Singh Nagar,Sutlej,2023-02-08 18:30:00+00
news_reports,Rajasthan,Dungarpur,Som,2019-02-15 18:30:00+00
news_reports,Andhra Pradesh,Anantapur,Penna,2023-02-09 18:30:00+00
news_reports,Madhya Pradesh,Morena,Chambal,2017-01-01 18:30:00+00
news_reports,Odisha,Baleshwar,Subarnarekha,2019-02-09 18:30:00+00
news_reports,Odisha,Jagatsinghapur,"Mahanadi, Devi, Prachi",2019-06-05 18:30:00+00
news_reports,Punjab,Ludhiana,N/A,2023-03-04 18:30:00+00
news_reports,Haryana,Panipat,yamuna,2023-03-04 18:30:00+00
news_reports,Madhya Pradesh,Morena,N/A,2023-02-20 18:30:00+00
news_reports,Kerala,Thiruvananthapuram,Neyyar,2003-01-31 18:30:00+00
news_reports,Gujarat,Ahmadabad,N/A,2023-02-23 18:30:00+00
news_reports,Tamil Nadu,Tiruchirappalli,Kaveri,2019-09-24 18:30:00+00
news_reports,Tamil Nadu,Tiruchirappalli,Kaveri,2019-09-27 18:30:00+00
news_reports,Tamil Nadu,Thiruvarur,"Thirumalairajan, Putharu",2019-09-25 18:30:00+00
news_reports,Haryana,Panchkula,Mahadev,2023-02-27 18:30:00+00
news_reports,Puducherry,Puducherry,Thenpennaiar,2017-09-09 18:30:00+00
news_reports,Punjab,Rupnagar,Sawan,2023-03-10 18:30:00+00
news_reports,Assam,Hojai,Kopili,2022-03-26 18:30:00+00
news_reports,Odisha,Jajapur,Brahmani,2021-08-18 18:30:00+00
news_reports,Tamil Nadu,Tirunelveli,"Nambiyar, Tamirabarani, Vaigai, Kaveri, Kollidam, Palar",2018-05-12 18:30:00+00
news_reports,Tamil Nadu,Cuddalore,Kollidam,2018-07-11 18:30:00+00
news_reports,Tamil Nadu,Thoothukkudi,Vaippar,2019-08-16 18:30:00+00
news_reports,Haryana,Sonipat,yamuna,2023-03-18 18:30:00+00
news_reports,Odisha,Kendrapara,Luna,2023-03-30 18:30:00+00
news_reports,Haryana,Sonipat,yamuna,2021-07-24 18:30:00+00
news_reports,Tamil Nadu,Tiruchirappalli,Kaveri,2018-07-16 18:30:00+00
news_reports,Tamil Nadu,Chennai,N/A,2023-03-14 18:30:00+00
news_reports,"Uttarakhand, Uttar Pradesh",Udham Singh Nagar,Dhela,2022-10-18 18:30:00+00
news_reports,Punjab,Sahibzada Ajit Singh Nagar,N/A,2023-03-21 18:30:00+00
news_reports,Goa,South Goa,Khandepar,2022-10-20 18:30:00+00
news_reports,Madhya Pradesh,Morena,Chambal,2022-04-20 18:30:00+00
news_reports,Punjab,Shahid Bhagat Singh Nagar,Sutlej,2022-10-21 18:30:00+00
news_reports,Madhya Pradesh,Bhopal,N/A,2021-02-17 18:30:00+00
news_reports,Madhya Pradesh,Sidhi,"Sone ",2022-11-02 18:30:00+00
news_reports,Kerala,Ernakulam,N/A,2021-03-28 18:30:00+00
news_reports,Jammu & Kashmir,Shupiyan,"Tongri Nalla, Rambi Ara",2022-11-07 18:30:00+00
news_reports,Odisha,Kendrapara,Luna,2022-11-07 18:30:00+00
news_reports,Punjab,"Hoshiarpur, Amritsar","Sutlej, Beas",2022-11-07 18:30:00+00
news_reports,Karnataka,chamarajanagar,N/A,2021-05-18 18:30:00+00
news_reports,Tamil Nadu,Chennai,N/A,2021-02-18 18:30:00+00
news_reports,Goa,"North Goa, South Goa",N/A,2021-09-30 18:30:00+00
news_reports,Jharkhand,Hazaribagh,"Sawana ",2022-11-10 18:30:00+00
news_reports,Haryana,"Faridabad, Palwal",yamuna,2023-03-20 18:30:00+00
news_reports,Punjab,Amritsar,Ravi,2022-11-11 18:30:00+00
news_reports,Andhra Pradesh,East Godavari,godavari,2022-11-12 18:30:00+00
news_reports,Punjab,Jalandhar,Sutlej,2022-11-12 18:30:00+00
news_reports,Karnataka,Bangalore,"Vrishabhavati ",2020-12-25 18:30:00+00
news_reports,Maharashtra,Raigarh,Taloja,2022-11-14 18:30:00+00
news_reports,Punjab,Shahid Bhagat Singh Nagar,N/A,2023-04-28 18:30:00+00
news_reports,Maharashtra,Aurangabad,Sukhana,2022-11-13 18:30:00+00
news_reports,Maharashtra,Raigarh,Taloja,2016-07-26 18:30:00+00
news_reports,Tamil Nadu,Thoothukkudi,Vaippar,2022-11-15 18:30:00+00
news_reports,Meghalaya,West Khasi Hills,"Wah Kynshi, Namiliang",2022-11-16 18:30:00+00
news_reports,Assam,Cachar,Barak,2022-11-17 18:30:00+00
news_reports,Maharashtra,N/A,Vaitarna,2016-06-15 18:30:00+00
news_reports,Maharashtra,Mumbai,"Mithi, Mahim Creek",2019-02-13 18:30:00+00
news_reports,Punjab,"Ludhiana, Jalandhar, Shahid Bhagat Singh Nagar, Gurdaspur, Amritsar","Sutlej, Ravi, Beas",2023-01-10 18:30:00+00
news_reports,Maharashtra,Thane,"Desai Khadi, Ulhas",2016-11-30 18:30:00+00
news_reports,Madhya Pradesh,Datia,Sindh,2021-03-09 18:30:00+00
news_reports,Punjab,"Rupnagar, Chandigarh",N/A,2023-01-11 18:30:00+00
news_reports,Haryana,Yamunanagar,yamuna,2021-06-11 18:30:00+00
news_reports,Maharashtra,Raigarh,"Kalundre ",2018-06-22 18:30:00+00
news_reports,Maharashtra,Raigarh,Kundalika,2016-03-28 18:30:00+00
news_reports,Maharashtra,N/A,Vaitarna,2016-08-13 18:30:00+00
news_reports,Uttar Pradesh,Banda,N/A,2022-01-27 18:30:00+00
news_reports,Maharashtra,Thane,Ulhas,2016-04-01 18:30:00+00
news_reports,Uttar Pradesh,Bara Banki,N/A,2021-10-07 18:30:00+00
news_reports,Madhya Pradesh,Singrauli,N/A,2023-01-10 18:30:00+00
news_reports,Maharashtra,Thane,Ulhas,2015-07-09 18:30:00+00
news_reports,Maharashtra,Thane,Kalyan Creek,2017-04-08 18:30:00+00
news_reports,Punjab,"Rupnagar, Chandigarh",not mentioned,2023-01-10 18:30:00+00
news_reports,Odisha,Khordha,Prachi,2023-01-09 18:30:00+00
news_reports,Maharashtra,Thane,Thane Creek,2016-08-09 18:30:00+00
news_reports,West Bengal,Paschim Bardhaman,N/A,2023-01-09 18:30:00+00
news_reports,Punjab,Ludhiana,Sutlej,2023-01-09 18:30:00+00
news_reports,Himachal Pradesh,Kangra,"Beas, Neugal, Mandh Khud",2023-01-09 18:30:00+00
news_reports,Maharashtra,Raigarh,Amba,2016-09-26 18:30:00+00
news_reports,Maharashtra,Ahmadnagar,godavari,2019-07-06 18:30:00+00
news_reports,Maharashtra,Nashik,godavari,2017-01-01 18:30:00+00
news_reports,Bihar,Begusarai,N/A,2023-02-20 18:30:00+00
news_reports,Maharashtra,Sindhudurg,"Hadi, Kalaval ",2016-10-08 18:30:00+00
news_reports,Madhya Pradesh,Narmadapuram,Narmada,2023-01-05 18:30:00+00
news_reports,Maharashtra,Satara,Yerala,2015-10-18 18:30:00+00
news_reports,Rajasthan,"Ajmer, Banswara, Bhilwara, Chittaurgarh, Dungarpur, Hanumangarh, Jaipur, Jalor, Kota, Pali, Sikar, Sirohi, Tonk, Udaipur, Alwar, Barmer, Baran, Bharatpur, Bikaner, Churu, Bundi, Dhaulpur, Ganganagar, Jaisalmer, Jhalawar, Jhunjhunun, Jodhpur, Nagaur, Pratapgarh, Rajsamand, Dausa, Karauli, Sawai Madhopur",N/A,2023-01-05 18:30:00+00
news_reports,Maharashtra,Pune,"Mutha, Bhima",2023-01-04 18:30:00+00
news_reports,Maharashtra,Satara,"Krishna ",2016-06-11 18:30:00+00
news_reports,Maharashtra,Sangli,"Krishna ",2015-06-08 18:30:00+00
news_reports,Maharashtra,Osmanabad,"Bhogavati ",2017-03-20 18:30:00+00
news_reports,Kerala,Ernakulam,peri,2023-01-03 18:30:00+00
news_reports,Maharashtra,Pune,Bhima,2015-12-19 18:30:00+00
news_reports,Kerala,Ernakulam,N/A,2022-12-31 18:30:00+00
news_reports,Bihar,Patna,N/A,2022-12-31 18:30:00+00
news_reports,N/A,N/A,N/A,2022-12-12 18:30:00+00
news_reports,Maharashtra,Pune,Bhima,2016-04-18 18:30:00+00
news_reports,Maharashtra,Pune,Bhima,2019-05-28 18:30:00+00
news_reports,Bihar,Patna,N/A,2022-12-17 18:30:00+00
news_reports,Goa,North Goa,Uguem,2022-12-12 18:30:00+00
news_reports,Maharashtra,Satara,Mula-Mutha,2018-06-04 18:30:00+00
news_reports,Bihar,Patna,N/A,2022-12-18 18:30:00+00
news_reports,Uttarakhand,Nainital,rivers in Uttarakhand,2022-12-19 18:30:00+00
news_reports,Maharashtra,Nagpur,Wunna,2019-05-11 18:30:00+00
news_reports,Karnataka,Dakshina Kannada,"Netravathi, Gurpur, Phalguni, Kuloor",2022-12-21 18:30:00+00
news_reports,Karnataka,Udupi,Panchagangavali,2022-12-20 18:30:00+00
news_reports,Punjab,Chandigarh,N/A,2022-12-27 18:30:00+00
news_reports,Punjab,Sahibzada Ajit Singh Nagar,"Ravi, beas",2022-12-26 18:30:00+00
news_reports,Madhya Pradesh,Burhanpur,Tapi,2022-12-30 18:30:00+00
news_reports,Maharashtra,Nagpur,"Kanhan ",2013-09-04 18:30:00+00
news_reports,Tamil Nadu,Thanjavur,Kollidam,2023-01-02 18:30:00+00
news_reports,Tamil Nadu,Thanjavur,Kollidam,2022-12-31 18:30:00+00
news_reports,Tamil Nadu,"Thanjavur, Tiruchirappalli",Kollidam,2023-01-05 18:30:00+00
news_reports,Maharashtra,Thane,Thane Creek,2017-04-10 18:30:00+00
news_reports,Jammu & Kashmir,"Pulwama, Anantnag, Kulgam","Jhelum, Doodh Ganga, Vaishav, Shali Ganga, Rambi Ara",2023-01-05 18:30:00+00
news_reports,Sikkim,Gangtok,"Rangpo, Rongli",2022-12-26 18:30:00+00
news_reports,Madhya Pradesh,Singrauli,"Sone ",2023-01-06 18:30:00+00
news_reports,Jharkhand,Gumla,N/A,2022-12-27 18:30:00+00
news_reports,Jharkhand,Hazaribagh,Barakar,2023-01-05 18:30:00+00
news_reports,Odisha,Kendujhar,Baitrani,2023-01-07 18:30:00+00
news_reports,Haryana,Ambala,Markanda,2023-01-07 18:30:00+00
news_reports,Bihar,Bhagalpur,Ganga,2022-12-28 18:30:00+00
news_reports,Madhya Pradesh,Khargone (West Nimar),Narmada,2022-12-23 18:30:00+00
news_reports,Maharashtra,Mumbai,"Kalundre ",2018-09-08 18:30:00+00
news_reports,Bihar,Patna,not mentioned,2023-01-08 18:30:00+00
news_reports,Madhya Pradesh,Harda,Narmada,2022-12-22 18:30:00+00
news_reports,Andhra Pradesh,Anantapur,N/A,2023-01-09 18:30:00+00
news_reports,N/A,N/A,N/A,2022-12-22 18:30:00+00
news_reports,Uttarakhand,Dehradun,yamuna,2023-01-10 18:30:00+00
news_reports,Tamil Nadu,Viluppuram,"Sangaraparani ",2022-12-19 18:30:00+00
news_reports,Uttar Pradesh,Kaushambi,yamuna,2020-12-02 18:30:00+00
news_reports,Tamil Nadu,Viluppuram,Then Pennai,2022-12-18 18:30:00+00
news_reports,Uttar Pradesh,Agra,yamuna,2021-01-01 18:30:00+00
news_reports,Maharashtra,Raigarh,Nandgaon Beach,2017-02-09 18:30:00+00
news_reports,Uttar Pradesh,Banda,Ken,2021-11-29 18:30:00+00
news_reports,Uttarakhand,Nainital,Koshi,2021-01-30 18:30:00+00
news_reports,Haryana,Yamunanagar,yamuna,2021-11-01 18:30:00+00
news_reports,Maharashtra,Raigarh,"Kalu ",2018-03-01 18:30:00+00
news_reports,Maharashtra,Raigarh,Kalundre,2018-10-30 18:30:00+00
news_reports,Uttar Pradesh,Yamunanagar,yamuna,2022-12-14 18:30:00+00
news_reports,Punjab,Rupnagar,N/A,2023-01-10 18:30:00+00
news_reports,Goa,South Goa,Sanguem,2022-12-18 18:30:00+00
news_reports,Bihar,Saran,Ganga,2021-09-03 18:30:00+00
news_reports,Bihar,Katihar,Ganga,2022-03-25 18:30:00+00
news_reports,Bihar,Patna,"Sone ",2021-08-25 18:30:00+00
news_reports,Maharashtra,N/A,Vaitarna,2017-09-12 18:30:00+00
news_reports,Bihar,Bhojpur,"Sone , Ganga",2022-01-22 18:30:00+00
news_reports,Punjab,Sahibzada Ajit Singh Nagar,Sutlej,2022-12-18 18:30:00+00
news_reports,West Bengal,Birbhum,"Brahmani, Mayurakshi, Ajay",2022-03-27 18:30:00+00
news_reports,Punjab,Amritsar,"Upper Bari Doab Canal, Ravi",2022-12-16 18:30:00+00
news_reports,Jharkhand,Garhwa,Banki,2019-08-18 18:30:00+00
news_reports,Jharkhand,Garhwa,Danro,2021-12-17 18:30:00+00
news_reports,West Bengal,Purba Bardhaman,Damodar,2023-01-12 18:30:00+00
news_reports,Goa,South Goa,Zuari,2022-11-05 18:30:00+00
news_reports,Jharkhand,Ramgarh,Damodar,2022-12-13 18:30:00+00
news_reports,Goa,South Goa,"Sanguem, Uguem",2022-12-14 18:30:00+00
news_reports,Assam,Dhubri,Brahmaputra,2021-01-23 18:30:00+00
news_reports,Karnataka,Dakshina Kannada,"Netravathi, Phalguni",2022-12-14 18:30:00+00
news_reports,Madhya Pradesh,Khargone (West Nimar),Narmada,2021-07-06 18:30:00+00
news_reports,Punjab,Amritsar,Ravi,2023-01-14 18:30:00+00
news_reports,Goa,South Goa,N/A,2023-01-15 18:30:00+00
news_reports,Goa,North Goa,Chapora,2022-12-14 18:30:00+00
news_reports,Punjab,Sahibzada Ajit Singh Nagar,N/A,2023-01-15 18:30:00+00
news_reports,Maharashtra,Nagpur,Pench,2017-04-10 18:30:00+00
news_reports,Punjab,Sahibzada Ajit Singh Nagar,N/A,2023-01-25 18:30:00+00
news_reports,Maharashtra,Mumbai,Kihim Beach,2018-12-26 18:30:00+00
news_reports,Tamil Nadu,"Tiruchirappalli, Thanjavur",Kaveri,2023-02-12 18:30:00+00
news_reports,Goa,"North Goa, South Goa",N/A,2023-01-16 18:30:00+00
news_reports,"Odisha, West Bengal","Baleshwar, Paschim Medinipur",Subarnarekha,2023-01-16 18:30:00+00
news_reports,Goa,North Goa,Chapora,2022-12-13 18:30:00+00
news_reports,Jharkhand,East Singhbum,Subarnarekha,2022-12-13 18:30:00+00
news_reports,Uttarakhand,Dehradun,"Sahastradharaa, Baldi, Song",2022-06-08 18:30:00+00
news_reports,N/A,N/A,"Som, yamuna",2022-05-26 18:30:00+00
news_reports,Karnataka,Dakshina Kannada,Netravathi,2022-12-09 18:30:00+00
news_reports,Jharkhand,"Ranchi, Dhanbad, Bokaro, Giridih, Hazaribagh, Chatra, Deoghar, Pakur, Dumka, Godda, Jamtara, West Singhbum, East Singhbum, Sahebganj, Koderma","Damodar, Ajay, Subarnarekha, Koel",2022-11-30 18:30:00+00
news_reports,Goa,North Goa,"Mandovi, Zuari, Chapora",2023-01-19 18:30:00+00
news_reports,Odisha,Kendrapara,Luna,2023-02-21 18:30:00+00
news_reports,Uttar Pradesh,Hamirpur,Betwa,2022-12-09 18:30:00+00
news_reports,Madhya Pradesh,Bhopal,Chambal,2023-01-19 18:30:00+00
news_reports,West Bengal,"Darjeeling, Jalpaiguri, Alipurduar, Cooch Behar, Birbhum, Bankura, Paschim Medinipur, Hugli / Hooghly, Howrah/Haora, Purba Bardhaman, Paschim Bardhaman","Teesta, Mahananda, Jayanti, Balason, Jaldhaka, Sankosh, Leesh, Damodar, Bhagirathi, torsa",2022-09-23 18:30:00+00
news_reports,Jammu & Kashmir,Pulwama,"Romeshi, Jhelum",2023-01-22 18:30:00+00
news_reports,Odisha,Kendrapara,Mahanadi,2022-12-09 18:30:00+00
news_reports,Punjab,Chandigarh,Ganga,2023-01-30 18:30:00+00
news_reports,Kerala,Thiruvananthapuram,N/A,2023-01-23 18:30:00+00
news_reports,N/A,N/A,N/A,2023-01-27 18:30:00+00
news_reports,Kerala,Thiruvananthapuram,"Bharathapuzha , Chaliyar, Mahe, Valapattanam, Kadalundi, Chandragiri, Megral, Uppala, Periyar, Muvattupuzha, Achankovil, Pamba",2022-12-07 18:30:00+00
news_reports,Kerala,Kollam,Kallada,2023-01-28 18:30:00+00
news_reports,Maharashtra,Gondiya,Wainganga,2022-12-06 18:30:00+00
news_reports,Rajasthan,"Sikar, Banswara, Jaipur","Chambal, Luni, Sone , Brahmani, Kothari, Banas",2023-01-26 18:30:00+00
news_reports,Madhya Pradesh,Guna,Parvati,2022-12-05 18:30:00+00
news_reports,Kerala,Thiruvananthapuram,not mentioned,2023-02-01 18:30:00+00
news_reports,Maharashtra,Pune,Mutha,2023-02-01 18:30:00+00
news_reports,"Punjab, Haryana",Chandigarh,N/A,2023-02-01 18:30:00+00
news_reports,Bihar,Bhojpur,"Sone , Ganga",2022-08-18 18:30:00+00
news_reports,Haryana,Panchkula,N/A,2023-02-03 18:30:00+00
news_reports,Bihar,"Bhojpur, Patna, Vaishali, Saran, Arwal, Aurangabad","Sone , Kiul, Falgu, Chanan, Morha",2022-09-16 18:30:00+00
news_reports,Odisha,Baleshwar,N/A,2023-02-04 18:30:00+00
news_reports,Maharashtra,Raigarh,"Panvel Creek, Taloja, Kharghar Creek",2022-12-05 18:30:00+00
news_reports,Punjab,"Chandigarh, Ludhiana, Rupnagar",N/A,2023-02-04 18:30:00+00
news_reports,Goa,North Goa,Chapora,2023-02-06 18:30:00+00
news_reports,Tamil Nadu,Tiruchirappalli,Kaveri,2023-02-03 18:30:00+00
news_reports,Maharashtra,Latur,godavari,2022-12-02 18:30:00+00
news_reports,Madhya Pradesh,Bhopal,Chambal,2023-02-04 18:30:00+00
news_reports,Punjab,Shahid Bhagat Singh Nagar,N/A,2023-02-07 18:30:00+00
news_reports,Haryana,Karnal,yamuna,2023-02-10 18:30:00+00
news_reports,Bihar,Patna,"Sone ",2022-09-29 18:30:00+00
news_reports,Punjab,Ludhiana,N/A,2023-02-08 18:30:00+00
news_reports,Punjab,Jalandhar,Sutlej,2023-02-09 18:30:00+00
news_reports,Odisha,Baleshwar,"Subarnarekha, Burhabalanga",2023-02-11 18:30:00+00
news_reports,Bihar,Purbi Champaran,Gandak,2022-12-02 18:30:00+00
news_reports,Odisha,Mayurbhanj,Sana,2023-02-11 18:30:00+00
news_reports,West Bengal,Darjeeling,Balason,2023-03-06 18:30:00+00
news_reports,Haryana,Faridabad,yamuna,2023-03-06 18:30:00+00
news_reports,"NCT of Delhi, Haryana",Yamunanagar,yamuna,2023-03-08 18:30:00+00
news_reports,Bihar,Aurangabad,Morhar,2023-02-16 18:30:00+00
news_reports,Punjab,Jalandhar,N/A,2023-02-17 18:30:00+00
news_reports,Haryana,Sonipat,yamuna,2023-03-01 18:30:00+00
news_reports,Punjab,Sahibzada Ajit Singh Nagar,Sutlej,2022-12-01 18:30:00+00
news_reports,Punjab,Jalandhar,N/A,2023-02-17 18:30:00+00
news_reports,Haryana,Yamunanagar,Yamuna,2022-09-09 18:30:00+00
news_reports,Goa,North Goa,N/A,2023-02-20 18:30:00+00
news_reports,Tamil Nadu,Coimbatore,Noyyal,2022-12-02 18:30:00+00
news_reports,Madhya Pradesh,"Dewas, Sehore, Harda, Narmadapuram",Narmada,2023-03-11 18:30:00+00
news_reports,Odisha,Kendrapara,N/A,2023-02-22 18:30:00+00
news_reports,Karnataka,Bangalore,N/A,2023-02-22 18:30:00+00
news_reports,Goa,North Goa,Mandovi,2022-11-29 18:30:00+00
news_reports,Madhya Pradesh,Khargone (West Nimar),Narmada,2023-02-24 18:30:00+00
news_reports,Karnataka,Udupi,N/A,2023-02-24 18:30:00+00
news_reports,Karnataka,Udupi,Varahi,2023-02-24 18:30:00+00
news_reports,Jammu & Kashmir,Pulwama,Jhelum,2023-02-25 18:30:00+00
news_reports,"Tamil Nadu, Kerala",Coimbatore,N/A,2023-02-25 18:30:00+00
news_reports,Maharashtra,Latur,N/A,2023-02-27 18:30:00+00
news_reports,Karnataka,Kodagu,N/A,2023-02-26 18:30:00+00
news_reports,Meghalaya,South Garo Hills,"Rongdi, Mahadev",2022-11-27 18:30:00+00
news_reports,Punjab,Ludhiana,N/A,2023-02-27 18:30:00+00
news_reports,Rajasthan,Dhaulpur,N/A,2023-01-05 18:30:00+00
news_reports,West Bengal,Darjeeling,Balason,2023-03-08 18:30:00+00
news_reports,Assam,Cachar,Barak,2022-11-24 18:30:00+00
news_reports,Haryana,Panchkula,N/A,2023-03-12 18:30:00+00
news_reports,West Bengal,"Dakshin Dinajpur, Uttar Dinajpur, Jalpaiguri, Cooch Behar, Malda, Darjeeling",Balason,2023-03-07 18:30:00+00
news_reports,Punjab,Firozpur,N/A,2023-03-16 18:30:00+00
news_reports,"Rajasthan, Uttar Pradesh, Madhya Pradesh",Etawah,Chambal,2026-04-18 22:00:00+00
news_reports,Himachal Pradesh,Lahul & Spiti,Spiti,2022-05-12 18:30:00+00
news_reports,Maharashtra,Mumbai,N/A,2023-03-14 18:30:00+00
news_reports,Rajasthan,Rajsamand,N/A,2023-03-16 18:30:00+00
news_reports,Tamil Nadu,Chennai,N/A,2023-03-09 18:30:00+00
news_reports,Punjab,Amritsar,N/A,2023-03-16 18:30:00+00
news_reports,Karnataka,Udupi,Papanashini,2023-03-19 18:30:00+00
news_reports,Goa,North Goa,N/A,2023-03-19 18:30:00+00
news_reports,Bihar,Gaya,"Sone, Falgu, Mohar, Jamune",2026-04-12 22:00:00+00
news_reports,Uttarakhand,Nainital,N/A,2023-03-27 18:30:00+00
news_reports,Punjab,Jalandhar,Sutlej,2022-11-22 18:30:00+00
news_reports,NCT of Delhi,North,yamuna,2023-03-27 18:30:00+00
news_reports,Punjab,Ludhiana,Sutlej,2022-11-22 18:30:00+00
news_reports,Maharashtra,Thane,Vaitarna,2023-03-29 18:30:00+00
news_reports,Maharashtra,Mumbai,N/A,2023-03-14 18:30:00+00
news_reports,NCT of Delhi,East,yamuna,2023-03-14 18:30:00+00
news_reports,Haryana,Yamunanagar,yamuna,2022-11-21 18:30:00+00
news_reports,Bihar,Patna,N/A,2023-03-28 18:30:00+00
news_reports,Karnataka,Dakshina Kannada,"Phalguni, Netravathi",2023-03-26 18:30:00+00
news_reports,Haryana,Yamunanagar,yamuna,2023-03-26 18:30:00+00
news_reports,Haryana,Yamunanagar,yamuna,2022-11-20 18:30:00+00
news_reports,Madhya Pradesh,Morena,Chambal,2022-04-27 18:30:00+00
news_reports,Madhya Pradesh,Morena,Chambal,2021-12-31 18:30:00+00
news_reports,Odisha,Cuttack,Mahanadi,2022-12-19 18:30:00+00
news_reports,Punjab,Jalandhar,Sutlej,2022-11-19 18:30:00+00
news_reports,Madhya Pradesh,Bhopal,Chambal,2022-02-11 18:30:00+00
news_reports,Rajasthan,Dhaulpur,Chambal,2022-03-25 18:30:00+00
news_reports,Madhya Pradesh,Morena,N/A,2021-06-13 18:30:00+00
news_reports,Uttar Pradesh,Ghaziabad,yamuna,2022-11-18 18:30:00+00
news_reports,Madhya Pradesh,"Gwalior, Datia, Bhopal",N/A,2021-05-02 18:30:00+00
news_reports,West Bengal,Nadia,N/A,2021-11-28 18:30:00+00
news_reports,West Bengal,Jalpaiguri,N/A,2021-01-20 18:30:00+00
news_reports,Madhya Pradesh,Khargone (West Nimar),Narmada,2022-11-19 18:30:00+00
news_reports,"Rajasthan, Madhya Pradesh, Uttar Pradesh","Agra, Etawah",Chambal,2023-03-21 18:30:00+00
news_reports,Madhya Pradesh,Morena,N/A,2021-07-15 18:30:00+00
news_reports,Madhya Pradesh,Gwalior,N/A,2024-02-10 18:30:00+00
news_reports,N/A,N/A,"Betwa, Ken, Sone , yamuna, Kathajodi, Narmada, Hooghly, Chambal",2023-04-24 18:30:00+00
news_reports,Himachal Pradesh,Kullu,Ganga,2021-02-10 18:30:00+00
news_reports,Punjab,Hoshiarpur,Sawan,2021-03-06 18:30:00+00
news_reports,Himachal Pradesh,Una,Sawan,2021-03-05 18:30:00+00
news_reports,Goa,North Goa,"Mandovi, Zuari",2022-11-18 18:30:00+00
news_reports,Karnataka,Dakshina Kannada,Phalguni,2021-03-04 18:30:00+00
news_reports,Odisha,Ganjam,Rushikulya,2026-04-20 18:30:00+00
news_reports,Goa,North Goa,N/A,2021-06-30 18:30:00+00
news_reports,Maharashtra,N/A,Vaitarna,2019-05-30 18:30:00+00
news_reports,Haryana,Sonipat,yamuna,2022-07-18 18:30:00+00
news_reports,Karnataka,Udupi,N/A,2023-03-21 18:30:00+00
news_reports,"NCT of Delhi, Haryana",Sonipat,yamuna,2023-04-23 18:30:00+00
news_reports,Maharashtra,Buldana,Bhima,2017-10-04 18:30:00+00
news_reports,N/A,N/A,N/A,2023-03-19 18:30:00+00
news_reports,Karnataka,Dakshina Kannada,N/A,2023-03-20 18:30:00+00
news_reports,Jammu & Kashmir,Ganderbal,Sindh,2023-03-19 18:30:00+00
news_reports,Jammu & Kashmir,Baramula,Jhelum,2023-03-28 18:30:00+00
news_reports,Punjab,Shahid Bhagat Singh Nagar,N/A,2023-04-28 18:30:00+00
news_reports,Himachal Pradesh,"Kangra, Shimla, Mandi","Neugal, Sutlej, Beas, Ravi, Sawan",2023-05-02 18:30:00+00
news_reports,Tamil Nadu,Thoothukkudi,"Tamirabharani ",2023-04-28 18:30:00+00
news_reports,Maharashtra,N/A,Vaitarna,2019-03-04 18:30:00+00
news_reports,Himachal Pradesh,"Kangra, Sirmaur","Sutlej, Ravi, yamuna, Beas, Chakki, Swan",2023-05-07 18:30:00+00
news_reports,"Odisha, Andhra Pradesh","Rayagada, Kalahandi",Nagavali,2023-05-08 18:30:00+00
news_reports,Haryana,Panchkula,N/A,2023-05-08 18:30:00+00
news_reports,N/A,N/A,N/A,2023-05-23 18:30:00+00
news_reports,Haryana,Faridabad,yamuna,2023-01-22 18:30:00+00
news_reports,N/A,N/A,N/A,2023-01-25 18:30:00+00
news_reports,Jammu & Kashmir,"Ramban, Doda, Kishtwar, Pulwama, Anantnag, Shupiyan, Kulgam","Jhel, Chenab, Vaisha, Shali Ganga, Doodh Ganga, Rambi Ara",2023-05-08 18:30:00+00
news_reports,Maharashtra,Nagpur,Wunna,2019-05-11 18:30:00+00
news_reports,"Punjab, Haryana",Rupnagar,N/A,2023-04-29 18:30:00+00
news_reports,Karnataka,Dakshina Kannada,Netravathi,2023-05-05 18:30:00+00
news_reports,Uttar Pradesh,Saharanpur,yamuna,2023-05-10 18:30:00+00
news_reports,Himachal Pradesh,"Shimla, Solan",N/A,2023-05-02 18:30:00+00
news_reports,Jharkhand,East Singhbum,N/A,2023-04-30 18:30:00+00
news_reports,Jharkhand,Ranchi,N/A,2023-04-29 18:30:00+00
news_reports,Maharashtra,"Aurangabad, Ahmadnagar",godavari,2023-05-03 18:30:00+00
news_reports,Karnataka,Dakshina Kannada,"Netravathi, Gurpur, Phalguni, Kuloor",2022-12-21 18:30:00+00
news_reports,Gujarat,Gandhinagar,N/A,2022-11-10 18:30:00+00
news_reports,Karnataka,Udupi,Panchagangavali,2022-12-20 18:30:00+00
news_reports,Punjab,Chandigarh,N/A,2022-12-27 18:30:00+00
news_reports,Gujarat,Ahmadabad,N/A,2021-12-27 18:30:00+00
news_reports,Punjab,Sahibzada Ajit Singh Nagar,"Ravi, beas",2022-12-26 18:30:00+00
news_reports,Maharashtra,Nagpur,"Kanhan ",2013-09-04 18:30:00+00
news_reports,Maharashtra,Thane,Thane Creek,2017-04-10 18:30:00+00
news_reports,Sikkim,Gangtok,"Rangpo, Rongli",2022-12-26 18:30:00+00
news_reports,Gujarat,Vadodara,N/A,2019-10-21 18:30:00+00
news_reports,Jharkhand,Gumla,N/A,2022-12-27 18:30:00+00
news_reports,Bihar,Bhagalpur,Ganga,2022-12-28 18:30:00+00
news_reports,West Bengal,Birbhum,N/A,2022-09-10 18:30:00+00
news_reports,Madhya Pradesh,Khargone (West Nimar),Narmada,2022-12-23 18:30:00+00
news_reports,Maharashtra,Mumbai,"Kalundre ",2018-09-08 18:30:00+00
news_reports,Madhya Pradesh,Harda,Narmada,2022-12-22 18:30:00+00
news_reports,West Bengal,Paschim Bardhaman,N/A,2022-10-13 18:30:00+00
news_reports,N/A,N/A,N/A,2022-12-22 18:30:00+00
news_reports,Gujarat,Jamnagar,Und (Gujarat),2019-05-20 18:30:00+00
news_reports,Gujarat,Navsari,N/A,2020-06-22 18:30:00+00
news_reports,Tamil Nadu,Viluppuram,"Sangaraparani ",2022-12-19 18:30:00+00
news_reports,Tamil Nadu,Viluppuram,Then Pennai,2022-12-18 18:30:00+00
news_reports,Maharashtra,Raigarh,Nandgaon Beach,2017-02-09 18:30:00+00
news_reports,Maharashtra,Raigarh,"Kalu ",2018-03-01 18:30:00+00
news_reports,Maharashtra,Raigarh,Kalundre,2018-10-30 18:30:00+00
news_reports,Uttar Pradesh,Yamunanagar,yamuna,2022-12-14 18:30:00+00
news_reports,Goa,South Goa,Sanguem,2022-12-18 18:30:00+00
news_reports,Maharashtra,N/A,Vaitarna,2017-09-12 18:30:00+00
news_reports,Punjab,Sahibzada Ajit Singh Nagar,Sutlej,2022-12-18 18:30:00+00
news_reports,Assam,Cachar,N/A,2018-09-16 18:30:00+00
news_reports,Punjab,Amritsar,"Upper Bari Doab Canal, Ravi",2022-12-16 18:30:00+00
news_reports,Goa,South Goa,Zuari,2022-11-05 18:30:00+00
news_reports,Jharkhand,Ramgarh,Damodar,2022-12-13 18:30:00+00
news_reports,Assam,Kamrup,"Kharkhari, Kulshi / Kulsi",2017-11-14 18:30:00+00
news_reports,Goa,South Goa,"Sanguem, Uguem",2022-12-14 18:30:00+00
news_reports,Karnataka,Dakshina Kannada,"Netravathi, Phalguni",2022-12-14 18:30:00+00
news_reports,N/A,N/A,N/A,2017-07-27 18:30:00+00
news_reports,Goa,North Goa,Chapora,2022-12-14 18:30:00+00
news_reports,Maharashtra,Nagpur,Pench,2017-04-10 18:30:00+00
news_reports,Maharashtra,Mumbai,Kihim Beach,2018-12-26 18:30:00+00
news_reports,Gujarat,Junagadh,Ozat,2019-01-30 18:30:00+00
news_reports,West Bengal,"Birbhum, North 24 Parganas, Purba Bardhaman, Paschim Bardhaman",N/A,2023-03-20 18:30:00+00
news_reports,Goa,North Goa,Chapora,2022-12-13 18:30:00+00
news_reports,Gujarat,Morbi,Brahmani (Gujarat),2022-11-27 18:30:00+00
news_reports,West Bengal,Hugli / Hooghly,N/A,2023-03-14 18:30:00+00
news_reports,Jharkhand,East Singhbum,Subarnarekha,2022-12-13 18:30:00+00
news_reports,Uttarakhand,Dehradun,"Sahastradharaa, Baldi, Song",2022-06-08 18:30:00+00
news_reports,Gujarat,"Ahmadabad, Gandhinagar, Sabar Kantha","Sabarmati, Tapi, Orsang, Bhadar",2018-05-22 18:30:00+00
news_reports,Gujarat,Surat,Tapi,2023-01-30 18:30:00+00
news_reports,Karnataka,"Gadag, Chitradurga",Vedavati,2021-07-02 18:30:00+00
news_reports,Assam,Karbi Anglong,N/A,2014-06-12 18:30:00+00
news_reports,Assam,Kamrup,Kulshi / Kulsi,2021-08-24 18:30:00+00
news_reports,Karnataka,Dakshina Kannada,Netravathi,2022-12-09 18:30:00+00
news_reports,N/A,N/A,yamuna,2023-03-10 18:30:00+00
news_reports,West Bengal,"Birbhum, Bankura, Purba Bardhaman, Alipurduar",N/A,2021-11-05 18:30:00+00
news_reports,Gujarat,Vadodara,Goma (Gujarat),2018-06-22 18:30:00+00
news_reports,"Karnataka, Goa",Uttara Kannada,"Kali, Gangavali, Aghanashini, Sharavathi",2023-02-01 18:30:00+00
news_reports,West Bengal,"Cooch Behar, Alipurduar",Raidak,2021-09-30 18:30:00+00
news_reports,Assam,Chirang,Champawati,2022-06-29 18:30:00+00
news_reports,Assam,Kamrup,Kulshi / Kulsi,2022-09-19 18:30:00+00
news_reports,Gujarat,Morbi,N/A,2016-08-19 18:30:00+00
news_reports,West Bengal,Darjeeling,Balason,2023-04-01 18:30:00+00
news_reports,Gujarat,Tapi,Tapi,2016-02-03 18:30:00+00
news_reports,West Bengal,North 24 Parganas,N/A,2019-10-14 18:30:00+00
news_reports,West Bengal,North 24 Parganas,N/A,2023-02-11 18:30:00+00
news_reports,West Bengal,South 24 Parganas,N/A,2023-03-09 18:30:00+00
news_reports,Uttar Pradesh,Hamirpur,Betwa,2022-12-09 18:30:00+00
news_reports,Gujarat,Kachchh,Adhoi,2019-10-16 18:30:00+00
news_reports,West Bengal,"Darjeeling, Jalpaiguri, Alipurduar, Cooch Behar, Birbhum, Bankura, Paschim Medinipur, Hugli / Hooghly, Howrah/Haora, Purba Bardhaman, Paschim Bardhaman","Teesta, Mahananda, Jayanti, Balason, Jaldhaka, Sankosh, Leesh, Damodar, Bhagirathi, torsa",2022-09-23 18:30:00+00
news_reports,Gujarat,Ahmadabad,N/A,2019-11-16 18:30:00+00
news_reports,West Bengal,Birbhum,N/A,2017-04-22 18:30:00+00
news_reports,West Bengal,Jalpaiguri,Leesh,2019-07-08 18:30:00+00
news_reports,Assam,"Bongaigaon, Marigaon, Dhemaji, Dibrugarh","Kolong-Kapili, Hel, Buridihing",2022-01-23 18:30:00+00
news_reports,West Bengal,Paschim Bardhaman,N/A,2021-09-16 18:30:00+00
news_reports,Assam,Kamrup Metropolitan,N/A,2019-07-22 18:30:00+00
news_reports,West Bengal,"Paschim Medinipur, Purba Medinipur",N/A,2023-05-29 18:30:00+00
news_reports,Karnataka,Davanagere,Tungabhadra,2021-05-27 18:30:00+00
news_reports,Gujarat,Ahmadabad,N/A,2023-01-06 18:30:00+00
news_reports,Gujarat,Kachchh,N/A,2023-01-10 18:30:00+00
news_reports,Gujarat,Kachchh,N/A,2021-04-07 18:30:00+00
news_reports,Odisha,Kendrapara,Mahanadi,2022-12-09 18:30:00+00
news_reports,Gujarat,Bhavnagar,N/A,2021-05-09 18:30:00+00
news_reports,Gujarat,Gandhinagar,N/A,2021-07-03 18:30:00+00
news_reports,Assam,Golaghat,Daigrung,2018-07-31 18:30:00+00
news_reports,Gujarat,Kachchh,N/A,2022-10-06 18:30:00+00
news_reports,Karnataka,Hassan,N/A,2022-07-01 18:30:00+00
news_reports,Karnataka,Bidar,Manjara,2020-05-29 18:30:00+00
news_reports,Karnataka,Dakshina Kannada,"Netravathi, Gurpur",2022-12-15 18:30:00+00
news_reports,West Bengal,Birbhum,Mayurakshi,2023-01-27 18:30:00+00
news_reports,Gujarat,"Vadodara, Surat, Rajkot, Ahmadabad, Sabar Kantha",N/A,2020-01-01 18:30:00+00
news_reports,Gujarat,Vadodara,N/A,2020-07-03 18:30:00+00
news_reports,Karnataka,Hassan,N/A,2021-03-19 18:30:00+00
news_reports,Gujarat,Valsad,Auranga,2018-12-30 18:30:00+00
news_reports,Assam,Udalguri,Nonai,2017-07-18 18:30:00+00
news_reports,West Bengal,Bankura,N/A,2019-08-07 18:30:00+00
news_reports,Karnataka,"Gadag, Dharwad",Tungabhadra,2021-02-11 18:30:00+00
news_reports,Kerala,Thiruvananthapuram,"Bharathapuzha , Chaliyar, Mahe, Valapattanam, Kadalundi, Chandragiri, Megral, Uppala, Periyar, Muvattupuzha, Achankovil, Pamba",2022-12-07 18:30:00+00
news_reports,Assam,Udalguri,N/A,2022-11-21 18:30:00+00
news_reports,Gujarat,Vadodara,Orsang,2018-04-26 18:30:00+00
news_reports,Assam,Dibrugarh,N/A,2022-12-09 18:30:00+00
news_reports,West Bengal,Darjeeling,Balason,2023-03-06 18:30:00+00
news_reports,Assam,Karbi Anglong,N/A,2019-08-01 18:30:00+00
news_reports,Karnataka,Bijapur,"Krishna, Bhima",2020-05-31 18:30:00+00
news_reports,Karnataka,Dakshina Kannada,N/A,2022-12-10 18:30:00+00
news_reports,Karnataka,"Raichur, Koppal, Gadag",Krishna,2021-01-29 18:30:00+00
news_reports,Assam,Barpeta,Beki,2023-02-09 18:30:00+00
news_reports,Karnataka,Dakshina Kannada,N/A,2022-12-10 18:30:00+00
news_reports,Karnataka,"Dakshina Kannada, Udupi",N/A,2022-09-09 18:30:00+00
news_reports,Assam,"Golaghat, Kamrup, Cachar",N/A,2023-03-08 18:30:00+00
news_reports,Assam,Kamrup Metropolitan,N/A,2022-11-30 18:30:00+00
news_reports,Karnataka,Dakshina Kannada,N/A,2022-11-14 18:30:00+00
news_reports,"Karnataka, Tamil Nadu","Dakshina Kannada, Chennai, Udupi","Netravathi, Phalguni",2022-12-14 18:30:00+00
news_reports,Odisha,Baleshwar,Subarnarekha,2022-10-14 18:30:00+00
news_reports,Karnataka,"Raichur, Bijapur",N/A,2021-12-19 18:30:00+00
news_reports,Assam,Cachar,N/A,2021-07-12 18:30:00+00
news_reports,Assam,Kamrup,Shalmara Maraklahi,2021-09-02 18:30:00+00
news_reports,Maharashtra,Gondiya,Wainganga,2022-12-06 18:30:00+00
news_reports,Kerala,Kollam,N/A,2019-03-15 18:30:00+00
news_reports,Kerala,Thiruvananthapuram,N/A,2023-02-04 18:30:00+00
news_reports,"Kerala, Tamil Nadu",Tirunelveli,N/A,2022-02-09 18:30:00+00
news_reports,Madhya Pradesh,Guna,Parvati,2022-12-05 18:30:00+00
news_reports,Gujarat,Junagadh,N/A,2018-05-22 18:30:00+00
news_reports,Gujarat,Bharuch,Narmada,2023-04-28 18:30:00+00
news_reports,Gujarat,Vadodara,Orsang,2019-01-03 18:30:00+00
news_reports,Gujarat,Vadodara,Narmada,2023-04-27 18:30:00+00
news_reports,Gujarat,Vadodara,Narmada,2019-06-11 18:30:00+00
news_reports,Rajasthan,Jaipur,N/A,2023-05-19 18:30:00+00
news_reports,Rajasthan,Jodhpur,N/A,2023-05-30 18:30:00+00
news_reports,Bihar,Bhojpur,"Sone , Ganga",2022-08-18 18:30:00+00
news_reports,Rajasthan,Jaipur,N/A,2021-11-12 18:30:00+00
news_reports,Bihar,"Bhojpur, Patna, Vaishali, Saran, Arwal, Aurangabad","Sone , Kiul, Falgu, Chanan, Morha",2022-09-16 18:30:00+00
news_reports,Rajasthan,Jaipur,"Luni, Banas",2021-05-27 18:30:00+00
news_reports,N/A,N/A,N/A,2021-05-26 18:30:00+00
news_reports,Rajasthan,Jaipur,N/A,2021-04-11 18:30:00+00
news_reports,Rajasthan,Alwar,Chambal,2022-04-07 18:30:00+00
news_reports,Uttar Pradesh,Muzaffarnagar,yamuna,2023-06-10 18:30:00+00
news_reports,Karnataka,Bangalore,"Vrishabhavati ",2020-12-28 18:30:00+00
news_reports,Rajasthan,Jaipur,N/A,2022-10-27 18:30:00+00
news_reports,Rajasthan,Jaipur,N/A,2021-07-19 18:30:00+00
news_reports,Kerala,Alappuzha,N/A,2021-09-09 18:30:00+00
news_reports,Maharashtra,Raigarh,"Panvel Creek, Taloja, Kharghar Creek",2022-12-05 18:30:00+00
news_reports,N/A,N/A,Ganga,2023-06-17 18:30:00+00
news_reports,Karnataka,Gadag,Tungabhadra,2023-06-19 18:30:00+00
news_reports,Rajasthan,Jaipur,N/A,2021-06-12 18:30:00+00
news_reports,West Bengal,Paschim Medinipur,N/A,2021-08-26 18:30:00+00
news_reports,Kerala,Alappuzha,Pamba,2022-04-26 18:30:00+00
news_reports,Kerala,Thrissur,N/A,2019-07-22 18:30:00+00
news_reports,Kerala,Kottayam,N/A,2020-02-12 18:30:00+00
news_reports,Madhya Pradesh,"Dhar, Barwani",Narmada,2022-04-28 18:30:00+00
news_reports,Karnataka,chamarajanagar,N/A,2021-05-18 18:30:00+00
news_reports,Andhra Pradesh,Y.s.r.,"Penna, Papagni, Kundu",2023-06-06 18:30:00+00
news_reports,Andhra Pradesh,Chittoor,N/A,2022-08-19 18:30:00+00
news_reports,Maharashtra,Latur,godavari,2022-12-02 18:30:00+00
news_reports,Andhra Pradesh,East Godavari,Godavari,2022-03-23 18:30:00+00
news_reports,Andhra Pradesh,Krishna,N/A,2020-11-06 18:30:00+00
news_reports,Andhra Pradesh,Guntur,"Krishna, Godavari, Penna, Tungabhadra",2019-05-13 18:30:00+00
news_reports,Assam,Cachar,N/A,2022-11-17 18:30:00+00
news_reports,Assam,Barpeta,Banki,2023-02-24 18:30:00+00
news_reports,Andhra Pradesh,Krishna,Krishna,2019-09-12 18:30:00+00
news_reports,"Karnataka, NCT of Delhi, Andhra Pradesh, Maharashtra, Madhya Pradesh, Rajasthan","Kolar, Balaghat, Sikar","Krishna, Godavari, yamuna",2018-06-27 18:30:00+00
news_reports,Bihar,Patna,"Sone ",2022-09-29 18:30:00+00
news_reports,Andhra Pradesh,"Srikakulam, East Godavari","Godavari, Penna, Vamsadhara, Nagavali",2021-09-20 18:30:00+00
news_reports,Madhya Pradesh,Panna,N/A,2022-02-06 18:30:00+00
news_reports,Andhra Pradesh,East Godavari,Godavari,2022-11-12 18:30:00+00
news_reports,Andhra Pradesh,Guntur,"Krishna ",2023-04-18 18:30:00+00
news_reports,Kerala,Thiruvananthapuram,N/A,2023-04-03 18:30:00+00
news_reports,Kerala,Thiruvananthapuram,N/A,2023-04-01 18:30:00+00
news_reports,Kerala,Alappuzha,N/A,2019-02-23 18:30:00+00
news_reports,Bihar,Purbi Champaran,Gandak,2022-12-02 18:30:00+00
news_reports,Arunanchal Pradesh,Papum Pare,pare,2023-01-13 18:30:00+00
news_reports,N/A,N/A,N/A,2020-12-02 18:30:00+00
news_reports,"Arunanchal Pradesh, Mizoram, Manipur, Tripura",Aizawl,"Gomti, Howrah",2013-09-27 18:30:00+00
news_reports,"Arunanchal Pradesh, Assam",Lower Siang,"semen, ego, pachin",2020-01-26 18:30:00+00
news_reports,Andhra Pradesh,Chittoor,Neeva,2022-08-21 18:30:00+00
news_reports,Andhra Pradesh,East Godavari,N/A,2019-08-31 18:30:00+00
news_reports,Andhra Pradesh,"Guntur, Krishna",Krishna,2019-04-06 18:30:00+00
news_reports,N/A,N/A,"Sabarmati ",2013-08-12 18:30:00+00
news_reports,Punjab,Patiala,Ghaggar,2023-07-30 18:30:00+00
news_reports,Andhra Pradesh,Guntur,Krishna,2019-07-24 18:30:00+00
news_reports,Andhra Pradesh,Guntur,Krishna,2020-02-15 18:30:00+00
news_reports,Rajasthan,"Ajmer, Sirohi, Sikar, Rajsamand, Pratapgarh, Pali, Nagaur, Kota, Jodhpur, Jhunjhunun, Karauli, Dausa, Udaipur, Tonk, Jhalawar, Jaisalmer, Jaipur, Hanumangarh, Ganganagar, Dungarpur, Churu, Chittaurgarh, Bundi, Bikaner, Bhilwara, Barmer, Baran, Banswara, Alwar, Bharatpur, Dhaulpur, Jalor, Sawai Madhopur",N/A,2021-11-12 18:30:00+00
news_reports,Assam,Kamrup Metropolitan,N/A,2017-11-27 18:30:00+00
news_reports,Assam,Kamrup Metropolitan,N/A,2010-09-15 18:30:00+00
news_reports,Karnataka,Raichur,Kaveri,2022-05-22 18:30:00+00
news_reports,Punjab,Sahibzada Ajit Singh Nagar,Sutlej,2022-12-01 18:30:00+00
news_reports,Rajasthan,Jaipur,N/A,2023-05-04 18:30:00+00
news_reports,Assam,Kamrup,N/A,2017-05-27 18:30:00+00
news_reports,Assam,Sonitpur,N/A,2010-09-15 18:30:00+00
news_reports,Assam,Kamrup Metropolitan,Chandubi Lake,2023-02-02 18:30:00+00
news_reports,Arunanchal Pradesh,Tawang,N/A,2016-01-21 18:30:00+00
news_reports,Gujarat,Junagadh,Shetrunji,2015-05-08 18:30:00+00
news_reports,Kerala,Alappuzha,N/A,2022-08-11 18:30:00+00
news_reports,Haryana,Yamunanagar,Yamuna,2022-09-09 18:30:00+00
news_reports,Kerala,Palakkad,Aadi-Ampa-Varattar,2022-07-27 18:30:00+00
news_reports,"West Bengal, Odisha","Paschim Medinipur, Baleshwar",Subarnarekha,2021-02-21 18:30:00+00
news_reports,Kerala,Ernakulam,Periyar,2014-04-20 18:30:00+00
news_reports,Odisha,Ganjam,Bedanadi,2021-07-09 18:30:00+00
news_reports,West Bengal,"Birbhum, Bankura, Paschim Medinipur, Paschim Bardhaman",N/A,2022-11-17 18:30:00+00
news_reports,West Bengal,Jalpaiguri,Leesh,2019-07-08 18:30:00+00
news_reports,"West Bengal, Jharkhand","Jamtara, Giridih, Bokaro","Damodar, Barakar",2022-07-10 18:30:00+00
news_reports,Tamil Nadu,Coimbatore,Noyyal,2022-12-02 18:30:00+00
news_reports,Andhra Pradesh,Guntur,N/A,2019-07-16 18:30:00+00
news_reports,Rajasthan,Jaipur,N/A,2022-02-14 18:30:00+00
news_reports,Andhra Pradesh,"Guntur, Krishna",N/A,2019-10-25 18:30:00+00
news_reports,Karnataka,Udupi,N/A,2022-05-20 18:30:00+00
news_reports,Rajasthan,Jaipur,N/A,2022-07-06 18:30:00+00
news_reports,Andhra Pradesh,Y.s.r.,Papagni,2019-11-23 18:30:00+00
news_reports,Rajasthan,Bharatpur,Chambal,2023-04-11 18:30:00+00
news_reports,Bihar,Patna,Batane,2023-05-23 18:30:00+00
news_reports,Karnataka,Belgaum,N/A,2016-08-13 18:30:00+00
news_reports,Andhra Pradesh,Guntur,N/A,2019-06-12 18:30:00+00
news_reports,Andhra Pradesh,Krishna,Krishna,2019-06-12 18:30:00+00
news_reports,Goa,North Goa,Mandovi,2023-05-17 18:30:00+00
news_reports,Andhra Pradesh,Visakhapatnam,Krishna,2019-07-25 18:30:00+00
news_reports,Andhra Pradesh,Krishna,"Godavari, Vamsadhara, Penna",2019-10-24 18:30:00+00
news_reports,Andhra Pradesh,Guntur,"Godavari, Nagavali, Tungabhadra, Vamsadhara, Krishna",2019-10-30 18:30:00+00
news_reports,Goa,North Goa,Mandovi,2022-11-29 18:30:00+00
news_reports,Gujarat,Navsari,Ambika,2012-06-22 18:30:00+00
news_reports,Gujarat,Ahmadabad,N/A,2017-12-21 18:30:00+00
news_reports,Gujarat,Ahmadabad,N/A,2021-07-28 18:30:00+00
news_reports,Karnataka,"Bagalkot, Bangalore Rural, Bangalore, Belgaum, Bellary, Bidar, Chikkaballapura, Chikmagalur, Chitradurga, chamarajanagar, Dakshina Kannada, Davanagere, Dharwad, Bijapur, Gadag, Gulbarga, Hassan, Haveri, Ramanagara, Shimoga, Tumkur, Raichur, Mysore, Koppal, Kolar, Kodagu, Mandya, Udupi, Uttara Kannada, Yadgir",N/A,2023-07-14 18:30:00+00
news_reports,West Bengal,Birbhum,N/A,2016-05-29 18:30:00+00
news_reports,West Bengal,Birbhum,Ajay,2022-03-25 18:30:00+00
news_reports,N/A,N/A,N/A,2022-10-20 18:30:00+00
news_reports,Punjab,Sahibzada Ajit Singh Nagar,N/A,2023-05-19 18:30:00+00
news_reports,West Bengal,"Birbhum, Dakshin Dinajpur, Bankura, Haora, Jalpaiguri, Kolkata, Purba Medinipur, Paschim Medinipur, Murshidabad, Nadia, Puruliya, Uttar Dinajpur, Purba Bardhaman, Darjeeling, Hugli / Hooghly, Cooch Behar, Malda, North 24 Parganas, South 24 Parganas, Alipurduar, Kalimpong, Jhargram, Paschim Bardhaman",N/A,2021-07-28 18:30:00+00
news_reports,Uttar Pradesh,Sonbhadra,"Sone ",2023-05-22 18:30:00+00
news_reports,West Bengal,Darjeeling,"Mahananda, Balason",2021-06-21 18:30:00+00
news_reports,Meghalaya,South Garo Hills,"Rongdi, Mahadev",2022-11-27 18:30:00+00
news_reports,Andhra Pradesh,Sri Potti Sriramulu Nellore,N/A,2019-07-18 18:30:00+00
news_reports,Andhra Pradesh,"Krishna, West Godavari",Krishna,2019-08-03 18:30:00+00
news_reports,Andhra Pradesh,"Guntur, Krishna, Prakasam",Krishna,2019-08-03 18:30:00+00
news_reports,Maharashtra,Jalgaon,N/A,2023-01-18 18:30:00+00
news_reports,Andhra Pradesh,East Godavari,N/A,2019-11-13 18:30:00+00
news_reports,West Bengal,Purba Bardhaman,Damodar,2016-10-14 18:30:00+00
news_reports,Gujarat,"Jamnagar, Rajkot",N/A,2020-06-23 18:30:00+00
news_reports,Gujarat,Jamnagar,N/A,2022-07-02 18:30:00+00
news_reports,Andhra Pradesh,East Godavari,Godavari,2019-11-20 18:30:00+00
news_reports,Andhra Pradesh,"Srikakulam, Vizianagaram, Krishna, East Godavari, West Godavari","Vamsadhara, Nagavali, Krishna, Godavari",2019-11-30 18:30:00+00
news_reports,Andhra Pradesh,Kurnool,Tungabhadra,2019-05-10 18:30:00+00
news_reports,Odisha,Bhadrak,Baitrani,2020-07-17 18:30:00+00
news_reports,Gujarat,Rajkot,Bhadar,2018-02-09 18:30:00+00
news_reports,Gujarat,Amreli,Dhatarwadi,2018-07-30 18:30:00+00
news_reports,Gujarat,Junagadh,N/A,2017-01-28 18:30:00+00
news_reports,Assam,Cachar,Barak,2022-11-24 18:30:00+00
news_reports,Gujarat,Jamnagar,"Und (Gujarat), Pataliya",2015-06-11 18:30:00+00
news_reports,Gujarat,"Dohad, Vadodara, Panch Mahals",Panam,2023-06-25 18:30:00+00
news_reports,Gujarat,"Ahmadabad, Vadodara, Kachchh",N/A,2022-01-15 18:30:00+00
news_reports,"Rajasthan, Uttar Pradesh, Madhya Pradesh",Etawah,Chambal,2026-04-18 22:00:00+00
news_reports,Gujarat,"Gandhinagar, Banas Kantha",N/A,2020-01-08 18:30:00+00
news_reports,Gujarat,"Ahmadabad, Gandhinagar, Anand, Surendranagar, Mahesana, Sabar Kantha",N/A,2016-10-03 18:30:00+00
news_reports,Gujarat,Bharuch,Narmada,2023-04-26 18:30:00+00
news_reports,"Haryana, Himachal Pradesh",Solan,Sutlej,2023-07-30 18:30:00+00
news_reports,Goa,North Goa,N/A,2023-11-04 18:30:00+00
news_reports,"Madhya Pradesh, Uttar Pradesh","Panna, Banda, Chhatarpur",Ken,2023-07-15 18:30:00+00
news_reports,Karnataka,"Bagalkot, Bangalore Rural, Belgaum, Bijapur, chamarajanagar, Chikkaballapura, Chikmagalur, Dakshina Kannada, Gadag, Gulbarga, Haveri, Kolar, Mandya, Shimoga, Tumkur, Udupi, Uttara Kannada, Bangalore, Bellary, Bidar, Chitradurga, Davanagere, Dharwad, Hassan, Kodagu, Koppal, Mysore, Raichur, Ramanagara, Yadgir",N/A,2023-07-28 18:30:00+00
news_reports,Bihar,Gaya,"Sone, Falgu, Mohar, Jamune",2026-04-12 22:00:00+00
news_reports,"Madhya Pradesh, Rajasthan, Uttar Pradesh",Dhaulpur,Chambal,2023-07-26 18:30:00+00
news_reports,Haryana,Sonipat,yamuna,2023-07-27 18:30:00+00
news_reports,N/A,N/A,N/A,2023-08-09 18:30:00+00
news_reports,Tamil Nadu,"Chennai, Tiruchirappalli","Kollidam, Vaippar",2023-05-17 18:30:00+00
news_reports,Telangana,Peddapalli,Manair,2023-07-27 18:30:00+00
news_reports,Chandigarh,Chandigarh,N/A,2023-08-13 18:30:00+00
news_reports,Madhya Pradesh,Sheopur,Chambal,2023-08-16 18:30:00+00
news_reports,Bihar,Bhojpur,"Sone ",2023-05-16 18:30:00+00
news_reports,Bihar,Bhojpur,Sone,2023-08-17 18:30:00+00
news_reports,N/A,N/A,N/A,2023-08-17 18:30:00+00
news_reports,Punjab,"Shahid Bhagat Singh Nagar, Rupnagar",Sutlej,2022-01-28 18:30:00+00
news_reports,Karnataka,Dakshina Kannada,Phalguni,2023-08-20 18:30:00+00
news_reports,Bihar,Gaya,Falgu,2023-08-20 18:30:00+00
news_reports,Odisha,Ganjam,"Bahuda, Rushikulya",2023-08-18 18:30:00+00
news_reports,Odisha,Baleshwar,Subarnarekha,2023-08-10 18:30:00+00
news_reports,Punjab,Jalandhar,Sutlej,2022-11-22 18:30:00+00
news_reports,Karnataka,Yadgir,Krishna,2023-08-24 18:30:00+00
news_reports,Haryana,Karnal,"yamuna, Ghaggar, Markanda",2023-08-29 18:30:00+00
news_reports,N/A,N/A,N/A,2023-08-25 18:30:00+00
news_reports,Madhya Pradesh,Bhopal,N/A,2023-05-15 18:30:00+00
news_reports,Haryana,Yamunanagar,yamuna,2023-08-28 18:30:00+00
news_reports,Tamil Nadu,Dindigul,Amaravathi,2023-08-25 18:30:00+00
news_reports,Tamil Nadu,"Tiruchirappalli, Namakkal, Vellore, Karur",N/A,2023-09-14 18:30:00+00
news_reports,Arunanchal Pradesh,Namsai,N/A,2023-05-04 18:30:00+00
news_reports,Tamil Nadu,"Thiruvarur, Vellore, Kancheepuram, Viluppuram, Pudukkottai",N/A,2023-09-12 18:30:00+00
news_reports,N/A,N/A,N/A,2023-09-11 18:30:00+00
news_reports,Haryana,Sonipat,N/A,2023-09-10 18:30:00+00
news_reports,West Bengal,Paschim Bardhaman,"Damodar, Ajay",2023-09-11 18:30:00+00
news_reports,West Bengal,Purba Bardhaman,"Ajay, Damodar",2023-06-27 18:30:00+00
news_reports,West Bengal,Purba Bardhaman,Bhagirathi,2022-06-07 18:30:00+00
news_reports,West Bengal,Paschim Bardhaman,N/A,2021-08-26 18:30:00+00
news_reports,Punjab,Ludhiana,Sutlej,2022-11-22 18:30:00+00
news_reports,Haryana,Yamunanagar,N/A,2023-09-09 18:30:00+00
news_reports,Tamil Nadu,Thoothukkudi,Thamirabarani,2023-09-16 18:30:00+00
news_reports,Tamil Nadu,Chennai,N/A,2023-09-16 18:30:00+00
news_reports,Jammu & Kashmir,"Kulgam, Pulwama, Shupiyan, Badgam, Kupwara, Ganderbal, Bandipore, Baramula","Vaishav, Jhelum, Doodh Ganga",2023-08-22 18:30:00+00
news_reports,Tamil Nadu,"Tiruchirappalli, Vellore, Namakkal, Karur",N/A,2023-09-16 18:30:00+00
news_reports,Jharkhand,Dhanbad,N/A,2023-09-09 18:30:00+00
news_reports,West Bengal,Howrah/Haora,Damodar,2023-09-23 18:30:00+00
news_reports,Tamil Nadu,Tiruchirappalli,Ponnaiyar,2023-05-10 18:30:00+00
news_reports,Uttarakhand,"Nainital, Almora, Bageshwar, Chamoli, Pithoragarh, Rudraprayag, Uttarkashi, Champawat, Dehradun, Garhwal, Hardwar, Tehri Garhwal, Udham Singh Nagar","Gaula ",2023-07-17 18:30:00+00
news_reports,"Chhattisgarh, Bihar, West Bengal, Odisha, Jharkhand, Assam, Manipur","Madhepura, Saran, Rohtas, Patna, Bhagalpur, Jamui, Vaishali, Begusarai, Birbhum, Purba Bardhaman, Purbi Champaran","Ganga, Sone, Chandan, Bhudiya, Mahananda, Barmar, Kiul",2023-03-10 18:30:00+00
news_reports,West Bengal,"Bankura, Paschim Bardhaman",Damodar,2023-08-18 18:30:00+00
news_reports,West Bengal,Birbhum,N/A,2022-11-07 18:30:00+00
news_reports,Bihar,Jamui,"Barnar river, Barnar",2023-09-24 18:30:00+00
news_reports,Himachal Pradesh,Solan,Balad,2023-09-25 18:30:00+00
news_reports,Tamil Nadu,"Thoothukkudi, Tirunelveli, Kanniyakumari",Tamirabarani,2023-09-24 18:30:00+00
news_reports,Karnataka,"Bagalkot, Bangalore Rural, Bangalore, Belgaum, Bellary, Bidar, Bijapur, chamarajanagar, Chikkaballapura, Chikmagalur, Chitradurga, Dakshina Kannada, Davanagere, Dharwad, Gadag, Gulbarga, Hassan, Haveri, Kodagu, Kolar, Koppal, Mandya, Mysore, Raichur, Ramanagara, Shimoga, Tumkur, Udupi, Uttara Kannada, Yadgir",N/A,2021-02-11 18:30:00+00
news_reports,"Goa, Maharashtra","North Goa, Sindhudurg, South Goa","Chapora, Terekhol ",2023-09-27 18:30:00+00
news_reports,Jharkhand,Ranchi,N/A,2023-09-29 18:30:00+00
news_reports,"Goa, Maharashtra","South Goa, North Goa, Sindhudurg","Terekhol ",2023-09-27 18:30:00+00
news_reports,Uttar Pradesh,Gautam Buddha Nagar,yamuna,2023-09-29 18:30:00+00
news_reports,Karnataka,Udupi,N/A,2023-09-27 18:30:00+00
news_reports,Rajasthan,Jodhpur,Luni,2019-06-08 18:30:00+00
news_reports,"Gujarat, Madhya Pradesh","Narmada, Bharuch, Barwani, Dhar",Narmada,2022-05-09 18:30:00+00
news_reports,West Bengal,"Bankura, Dakshin Dinajpur, Kolkata, Murshidabad, Paschim Medinipur, Purba Medinipur, Puruliya, Uttar Dinajpur, Birbhum, Jalpaiguri, Nadia, Darjeeling, Kalimpong, Alipurduar, Jhargram, Paschim Bardhaman, Purba Bardhaman, North 24 Parganas, South 24 Parganas, Howrah/Haora, Malda, Cooch Behar, Hugli / Hooghly","Ganga, Hooghly",2023-10-04 18:30:00+00
news_reports,Goa,North Goa,N/A,2023-11-01 18:30:00+00
news_reports,Jharkhand,East Singhbum,N/A,2023-10-06 18:30:00+00
news_reports,Goa,"North Goa, South Goa",Paliem river,2023-10-07 18:30:00+00
news_reports,Karnataka,Bellary,N/A,2023-10-03 18:30:00+00
news_reports,Odisha,"Kalahandi, Koraput","Jhanjhabati , Nagavali",2023-10-03 18:30:00+00
news_reports,Goa,"North Goa, South Goa","Mapusa, Valvanti, Khandepar, Sinquerim, Mandovi, Zuari, Terekhol , Chapora",2023-10-03 18:30:00+00
news_reports,Tamil Nadu,"Ariyalur, Dharmapuri, Dindigul, Krishnagiri, Namakkal, Perambalur, Pudukkottai, The Nilgiris, Ramanathapuram, Thiruvarur, Thoothukkudi, Tiruchirappalli, Tiruvannamalai, Vellore, Virudhunagar, Nagapattinam, Chennai, Coimbatore, Cuddalore, Erode, Kancheepuram, Kanniyakumari, Tiruppur, Thiruvallur, Sivaganga, Madurai, Karur, Salem, Thanjavur, Theni, Tirunelveli, Viluppuram",N/A,2023-10-08 18:30:00+00
news_reports,West Bengal,Darjeeling,Balason,2023-03-07 18:30:00+00
news_reports,Goa,South Goa,N/A,2022-09-02 18:30:00+00
news_reports,"Uttar Pradesh, Madhya Pradesh","Jhansi, Lalitpur, Jalaun, Hamirpur, Mahoba, Banda, Chitrakoot, Datia, Tikamgarh, Chhatarpur, Panna, Sagar, Damoh","Ken, yamuna",2018-04-22 15:00:00+00
news_reports,Tamil Nadu,"Chennai, Thanjavur, Viluppuram, Tiruchirappalli, Madurai",N/A,2023-10-14 18:30:00+00
news_reports,Maharashtra,Jalgaon,"Tapi, Girna",2023-01-16 18:30:00+00
news_reports,Telangana,Mulug,N/A,2023-10-20 23:00:00+00
news_reports,Punjab,"Barnala, Mansa, Sangrur",N/A,2023-10-21 23:00:00+00
news_reports,Bihar,Banka,N/A,2020-10-26 15:00:00+00
news_reports,Haryana,Yamunanagar,yamuna,2022-11-21 18:30:00+00
news_reports,Gujarat,Devbhumi Dwarka,N/A,2020-06-23 23:00:00+00
news_reports,Tamil Nadu,Tiruchirappalli,N/A,2023-10-22 23:00:00+00
news_reports,Bihar,Patna,N/A,2023-10-16 23:00:00+00
news_reports,"Chandigarh, Punjab",Chandigarh,N/A,2023-10-21 23:00:00+00
news_reports,Uttarakhand,"Dehradun, Hardwar","Gaula ",2023-10-27 18:30:00+00
news_reports,Karnataka,Dakshina Kannada,N/A,2023-10-27 23:00:00+00
news_reports,Assam,Dhubri,N/A,2023-11-04 18:30:00+00
news_reports,Haryana,Yamunanagar,yamuna,2022-11-20 18:30:00+00
news_reports,Odisha,Ganjam,N/A,2023-11-03 18:30:00+00
news_reports,Odisha,Ganjam,Bahuda,2023-10-20 18:30:00+00
news_reports,Goa,North Goa,N/A,2023-11-01 18:30:00+00
news_reports,Rajasthan,"Nagaur, Sawai Madhopur","Luni, Banas, katli",2023-11-06 18:30:00+00
news_reports,Andhra Pradesh,Guntur,N/A,2023-11-14 18:30:00+00
news_reports,Bihar,"Patna, Bhojpur",N/A,2023-11-01 18:30:00+00
news_reports,Karnataka,Bangalore,N/A,2023-11-06 18:30:00+00
news_reports,N/A,N/A,N/A,2023-11-06 18:30:00+00
news_reports,West Bengal,Paschim Medinipur,Kangsabati,2023-11-07 18:30:00+00
news_reports,Maharashtra,Thane,Thane Creek,2023-11-08 18:30:00+00
news_reports,Maharashtra,Mumbai,Vaitarna,2023-11-07 18:30:00+00
news_reports,Maharashtra,Mumbai,Vaitarna,2023-11-07 18:30:00+00
news_reports,Maharashtra,Mumbai,N/A,2023-11-01 18:30:00+00
news_reports,Maharashtra,"Akola, Bhandara, Buldana, Chandrapur, Jalgaon, Jalna, Kolhapur, Mumbai, Mumbai Suburban, Nagpur, Nanded, Pune, Raigarh, Solapur, Thane, Washim, Yavatmal, Ahmadnagar, Amravati, Aurangabad, Bid, Dhule, Gadchiroli, Gondiya, Hingoli, Latur, Nandurbar, Nashik, Osmanabad, Parbhani, Ratnagiri, Sangli, Satara, Sindhudurg, Wardha",N/A,2023-04-06 18:30:00+00
news_reports,"Telangana, Andhra Pradesh",Guntur,N/A,2023-08-25 18:30:00+00
news_reports,Maharashtra,Jalgaon,N/A,2023-04-09 18:30:00+00
news_reports,Bihar,"Jamui, Vaishali, Patna, Bhojpur, Rohtas, Aurangabad, Saran",N/A,2023-11-15 18:30:00+00
news_reports,Odisha,Mayurbhanj,N/A,2023-11-14 18:30:00+00
news_reports,Tamil Nadu,Chennai,N/A,2023-11-27 18:30:00+00
news_reports,West Bengal,"Puruliya, Bankura, Purba Bardhaman, Paschim Bardhaman",Damodar,2023-11-14 18:30:00+00
news_reports,Andhra Pradesh,Sri Potti Sriramulu Nellore,N/A,2023-11-13 18:30:00+00
news_reports,West Bengal,Jalpaiguri,"Teesta, Leesh, chel, Ghish, Diana, Reti, Sukriti, Jaldhaka, Neora, Zuranti, Mal",2023-11-11 18:30:00+00
news_reports,Tamil Nadu,"Tiruchirappalli, Thanjavur",Kodikalkarai,2023-11-11 18:30:00+00
news_reports,Haryana,Sonipat,yamuna,2023-04-18 18:30:00+00
news_reports,Assam,"Dhubri, Kokrajhar",Gangadhar,2023-11-10 18:30:00+00
news_reports,Madhya Pradesh,Narmadapuram,Narmada,2023-11-10 18:30:00+00
news_reports,Bihar,"Patna, Aurangabad, Bhojpur, Gaya, Saran, Jamui",Sone,2023-11-17 18:30:00+00
news_reports,Assam,"Dhubri, Kokrajhar",Tipkai,2023-11-16 18:30:00+00
news_reports,Bihar,Jamui,N/A,2023-11-16 18:30:00+00
news_reports,Himachal Pradesh,"Kullu, Mandi, Kangra, Hamirpur","Beas, Sutlej, yamuna, Chakki, Swan, Ravi",2023-11-16 18:30:00+00
news_reports,Assam,Dibrugarh,Brahmaputra,2023-11-15 18:30:00+00
news_reports,Punjab,Jalandhar,Sutlej,2022-11-19 18:30:00+00
news_reports,Andhra Pradesh,Krishna,"Krishna, Munneru",2023-11-15 18:30:00+00
news_reports,Arunanchal Pradesh,Namsai,N/A,2023-05-04 18:30:00+00
news_reports,Rajasthan,Ajmer,Luni,2022-08-19 18:30:00+00
news_reports,Rajasthan,Jaipur,N/A,2021-06-25 18:30:00+00
news_reports,Punjab,"Ludhiana, Jalandhar, Rupnagar, Shahid Bhagat Singh Nagar",Beas,2023-11-20 18:30:00+00
news_reports,Bihar,"Madhubani, Jamui, Aurangabad, Patna","Sone, Gandak, Ganga, Kosi (Uttarakhand), Parman",2023-11-19 18:30:00+00
news_reports,Bihar,"Jamui, Madhubani","Sone, Ganga, Gandak, Kosi (Uttarakhand), Parman",2023-11-19 18:30:00+00
news_reports,Andhra Pradesh,"Chittoor, Y.s.r., Guntur, Krishna, Mahbubnagar, Medak, Nizamabad, Prakasam, Visakhapatnam, Warangal, Anantapur, East Godavari, Hyderabad, Karimnagar, Khammam, Kurnool, Nalgonda, Sri Potti Sriramulu Nellore, Rangareddy, Srikakulam, Vizianagaram, West Godavari",N/A,2023-11-09 18:30:00+00
news_reports,Andhra Pradesh,East Godavari,N/A,2023-11-19 18:30:00+00
news_reports,Tamil Nadu,Karur,N/A,2023-11-19 18:30:00+00
news_reports,Andhra Pradesh,Krishna,N/A,2023-11-19 18:30:00+00
news_reports,Tamil Nadu,"Tiruchirappalli, Viluppuram, Dindigul",Kaveri,2023-11-17 18:30:00+00
news_reports,West Bengal,Darjeeling,Chenga,2023-11-17 18:30:00+00
news_reports,"Haryana, Himachal Pradesh",Ambala,"Trilokpur, Markanda",2023-11-18 18:30:00+00
news_reports,"Jharkhand, Bihar","Dumka, Araria, Aurangabad, Begusarai, Buxar, Gaya, Jamui, Kishanganj, Madhepura, Madhubani, Pashchim Champaran, Patna, Rohtas, Saharsa, Samastipur, Sheohar, Sitamarhi, Siwan, Supaul, Jehanabad, Giridih, Gumla, Hazaribagh, Palamu, Ramgarh, Simdega, Banka, Bhagalpur, Bhojpur, Darbhanga, Gopalganj, Katihar, Khagaria, Lakhisarai, Munger, Muzaffarpur, Nalanda, Nawada, Purnia, Saran, Sheikhpura, Vaishali, Arwal, Bokaro, Chatra, Deoghar, Dhanbad, Garhwa, Godda, Jamtara, Khunti, Latehar, Lohardaga, Pakur, Ranchi, Saraikela-kharsawan, Purbi Champaran, Kaimur (Bhabua), Koderma, West Singhbum, East Singhbum, Sahebganj",N/A,2023-11-18 18:30:00+00
news_reports,West Bengal,Birbhum,"Brahmani, Mayurakshi, Ajay",2022-03-27 18:30:00+00
news_reports,Odisha,Dhenkanal,N/A,2023-11-18 18:30:00+00
news_reports,Punjab,Rupnagar,N/A,2023-11-20 18:30:00+00
news_reports,"Bihar, Jharkhand","Bhojpur, Jamui, Nawada, Rohtas, Aurangabad, Patna, Banka, Saran, Gaya, Vaishali, Garhwa, Palamu, Kaimur (Bhabua)",Sone,2023-11-20 18:30:00+00
news_reports,Punjab,Gurdaspur,N/A,2023-05-10 18:30:00+00
news_reports,N/A,N/A,"Ganga, Brahmaputra, Mahanadi",2023-11-19 18:30:00+00
news_reports,"Assam, Meghalaya",Kamrup,"Singra, Brahmaputra",2023-11-20 18:30:00+00
news_reports,Goa,North Goa,Chapora,2023-11-19 18:30:00+00
news_reports,Uttar Pradesh,Ghaziabad,yamuna,2022-11-18 18:30:00+00
news_reports,Telangana,"Adilabad, Bhadradri Kothagudem, Hanumakonda, Hyderabad, Jangoan, Jayashankar Bhoopalpally, Jogulamba Gadwal, Jagtial, Kamareddy, Mahabubabad, Mahabubnagar, Komaram Bheem Asifabad, Mancherial, Medak, Khammam, Medchal-Malkajgiri, Mulug, Nagarkurnool, Karimnagar, Nalgonda, Rajanna Sircilla, Rangareddy, Peddapalli, Sangareddy, Siddipet, Suryapet, Nizamabad, Vikarabad, Wanaparthy, Warangal, Nirmal, Yadadri Bhuvanagiri, Narayanpet",N/A,2023-11-21 18:30:00+00
news_reports,Odisha,Kendujhar,Vaitarna,2023-11-21 18:30:00+00
news_reports,Bihar,"Bhojpur, Patna, Jamui",Sone,2023-11-21 18:30:00+00
news_reports,Madhya Pradesh,"Singrauli, Morena, Bhind","Chambal, Parbati",2023-01-05 18:30:00+00
news_reports,"Bihar, Jharkhand","Bhojpur, Jamui, Nawada, Rohtas, Aurangabad, Patna, Banka, Saran, Gaya, Vaishali, Garhwa, Palamu, Kaimur (Bhabua)",Sone,2023-11-21 18:30:00+00
news_reports,Meghalaya,East Khasi Hills,Umkhen,2023-11-21 18:30:00+00
news_reports,Uttar Pradesh,Ghaziabad,yamuna,2023-11-22 18:30:00+00
news_reports,Haryana,"Faridabad, Gurgaon",N/A,2023-05-12 18:30:00+00
news_reports,Punjab,"Patiala, Rupnagar",Sutlej,2023-11-22 18:30:00+00
news_reports,Madhya Pradesh,Vidisha,Kewtan,2023-11-22 18:30:00+00
news_reports,Andhra Pradesh,"Krishna, Anantapur, Chittoor, Y.s.r., East Godavari, Guntur, Hyderabad, Medak, Nalgonda, Sri Potti Sriramulu Nellore, Mahbubnagar, Nizamabad, Prakasam, Kurnool, Rangareddy, Srikakulam, Visakhapatnam, Khammam, Vizianagaram, Warangal, West Godavari, Karimnagar",N/A,2023-11-23 18:30:00+00
news_reports,Goa,"North Goa, South Goa",N/A,2022-12-03 18:30:00+00
news_reports,Uttar Pradesh,Ballia,"Ghaghra, Sarayu",2023-11-23 18:30:00+00
news_reports,Tamil Nadu,"Dindigul, Erode, Kancheepuram, Kanniyakumari, Dharmapuri, Karur, Krishnagiri, Madurai, Cuddalore, Namakkal, Perambalur, Pudukkottai, Coimbatore, Ramanathapuram, Salem, Sivaganga, Chennai, Thanjavur, The Nilgiris, Theni, Thiruvallur, Ariyalur, Thiruvarur, Thoothukkudi, Tiruchirappalli, Virudhunagar, Nagapattinam, Tiruvannamalai, Tiruppur, Tirunelveli, Vellore, Viluppuram",N/A,2023-11-23 18:30:00+00
news_reports,Madhya Pradesh,Shahdol,N/A,2023-11-29 18:30:00+00
news_reports,Bihar,Patna,N/A,2023-05-11 18:30:00+00
news_reports,Punjab,Gurdaspur,Kasoor Nala,2023-11-24 18:30:00+00
news_reports,Goa,North Goa,Chapora,2023-06-01 18:30:00+00
news_reports,Goa,South Goa,Zuari,2022-09-01 18:30:00+00
news_reports,Goa,"North Goa, South Goa","Chapora, Mandovi, Zuari, Talpona, Mapusa, Valvanti, Khandepar, Sinquerim, Cumbarjua",2023-10-03 18:30:00+00
news_reports,Goa,South Goa,Zuari,2011-02-12 18:30:00+00
news_reports,Goa,South Goa,"Chapora, Zuari",2022-09-02 18:30:00+00
news_reports,Goa,"North Goa, South Goa","Mandovi, Zuari, Chapora, Terekhol , Mapusa, Valvanti, Khandepar, Sinquerim, Cumbarjua",2023-10-05 18:30:00+00
news_reports,Himachal Pradesh,Shimla,N/A,2023-05-01 18:30:00+00
news_reports,Goa,North Goa,Chapora,2023-07-05 18:30:00+00
news_reports,Goa,"North Goa, South Goa","Mandovi, Zuari",2022-11-18 18:30:00+00
news_reports,Goa,South Goa,Zuari,2023-11-25 18:30:00+00
news_reports,Punjab,Gurdaspur,Kasoor Nala,2023-11-25 18:30:00+00
news_reports,Punjab,Rupnagar,N/A,2023-11-27 18:30:00+00
news_reports,Madhya Pradesh,Shahdol,Sone,2023-11-27 18:30:00+00
news_reports,Punjab,Gurdaspur,N/A,2023-11-25 18:30:00+00
news_reports,Manipur,Imphal West,Sekmai,2023-05-03 18:30:00+00
news_reports,Uttar Pradesh,Ballia,"Sarayu, Ghaghra",2023-11-24 18:30:00+00
news_reports,Tamil Nadu,"Thanjavur, Tiruchirappalli, Karur, Ariyalur, Vellore",N/A,2023-11-24 18:30:00+00
news_reports,Tamil Nadu,"Thanjavur, Thiruvallur, Karur, Ariyalur, Vellore",N/A,2023-11-25 18:30:00+00
news_reports,Madhya Pradesh,Chhatarpur,N/A,2023-11-24 18:30:00+00
news_reports,Bihar,Jamui,N/A,2023-11-24 18:30:00+00
news_reports,Odisha,Sundargarh,N/A,2023-11-25 18:30:00+00
news_reports,Punjab,Gurdaspur,Sutlej,2023-11-25 18:30:00+00
news_reports,Madhya Pradesh,Khargone (West Nimar),Narmada,2022-11-19 18:30:00+00
news_reports,"West Bengal, Jharkhand, Odisha","Ranchi, Baleshwar, Mayurbhanj, East Singhbum",Subarnarekha,2023-11-28 18:30:00+00
news_reports,Odisha,Baleshwar,N/A,2023-11-28 18:30:00+00
news_reports,Tamil Nadu,Chennai,N/A,2023-11-28 18:30:00+00
news_reports,Rajasthan,Tonk,Banas,2023-11-27 18:30:00+00
news_reports,Madhya Pradesh,Shahdol,N/A,2023-11-27 18:30:00+00
news_reports,Punjab,"Firozpur, Gurdaspur, Hoshiarpur, Jalandhar, Kapurthala, Fatehgarh Sahib, Ludhiana, Mansa, Moga, Faridkot, Muktsar, Patiala, Rupnagar, Sahibzada Ajit Singh Nagar, Bathinda, Barnala, Sangrur, Shahid Bhagat Singh Nagar, Amritsar, Tarn Taran",N/A,2023-11-27 18:30:00+00
news_reports,"Tamil Nadu, Uttar Pradesh, Maharashtra, Haryana","Chennai, Ramanathapuram, Salem, Sivaganga, Pudukkottai, Thanjavur, The Nilgiris, Theni, Perambalur, Thiruvallur, Thiruvarur, Thoothukkudi, Namakkal, Tiruchirappalli, Tirunelveli, Tiruppur, Madurai, Tiruvannamalai, Krishnagiri, Karur, Kancheepuram, Erode, Virudhunagar, Viluppuram, Kanniyakumari, Dindigul, Dharmapuri, Cuddalore, Coimbatore, Vellore, Nagapattinam, Ariyalur",N/A,2023-11-27 18:30:00+00
news_reports,Tamil Nadu,"Chennai, Dindigul, Erode, Kancheepuram, Kanniyakumari, Dharmapuri, Karur, Krishnagiri, Madurai, Cuddalore, Namakkal, Perambalur, Pudukkottai, Coimbatore, Ramanathapuram, Salem, Theni, The Nilgiris, Thiruvallur, Thiruvarur, Thoothukkudi, Thanjavur, Tiruchirappalli, Tirunelveli, Tiruppur, Sivaganga, Tiruvannamalai, Vellore, Viluppuram, Ariyalur, Virudhunagar, Nagapattinam",N/A,2023-11-27 18:30:00+00
news_reports,Tamil Nadu,"Ariyalur, Vellore, Thanjavur, Karur, Tiruchirappalli",N/A,2023-11-28 18:30:00+00
news_reports,Tamil Nadu,"Ariyalur, Dharmapuri, Dindigul, Krishnagiri, Namakkal, Thiruvarur, Thoothukkudi, Tiruchirappalli, Tiruvannamalai, Vellore, Virudhunagar, Nagapattinam, Chennai, Ramanathapuram, The Nilgiris, Coimbatore, Cuddalore, Pudukkottai, Erode, Kancheepuram, Kanniyakumari, Perambalur, Karur, Madurai, Salem, Sivaganga, Thanjavur, Tiruppur, Viluppuram, Thiruvallur, Theni, Tirunelveli",N/A,2023-11-28 18:30:00+00
news_reports,Goa,"North Goa, South Goa","Khandepar, Mandovi, Zuari",2021-07-24 18:30:00+00
news_reports,Andhra Pradesh,"Medak, Nizamabad, Prakasam, Visakhapatnam, Mahbubnagar, Warangal, Anantapur, East Godavari, Krishna, Hyderabad, Karimnagar, Khammam, Guntur, Kurnool, Nalgonda, Sri Potti Sriramulu Nellore, Y.s.r., Rangareddy, Chittoor, Srikakulam, West Godavari, Vizianagaram",N/A,2023-11-28 18:30:00+00
news_reports,Madhya Pradesh,"Damoh, Datia, Dindori, Guna, Chhindwara, Indore, Katni, Mandla, Chhatarpur, Raisen, Rajgarh, Ratlam, Rewa, Bhopal, Satna, Seoni, Shivpuri, Sidhi, Tikamgarh, Sehore, Umaria, Vidisha, Ashoknagar, Balaghat, Barwani, Bhind, Betul, Burhanpur, Dewas, Dhar, Gwalior, Alirajpur, Harda, Jabalpur, Jhabua, Mandsaur, Morena, Narsimhapur, Neemuch, Panna, Sagar, Anuppur, Singrauli, Ujjain, Sheopur, Shajapur, Shahdol, Niwari, Pandhurna, Mauganj, Maihar, Agar-Malwa, Khandwa (East Nimar), Narmadapuram, Khargone (West Nimar)",Narmada,2023-11-28 18:30:00+00
news_reports,Punjab,Rupnagar,Sutlej,2023-11-29 18:30:00+00
news_reports,Punjab,Rupnagar,Sutlej,2023-11-29 18:30:00+00
news_reports,Goa,North Goa,"Mandovi, Zuari",2022-11-18 18:30:00+00
news_reports,Goa,"North Goa, South Goa","Mandovi, Zuari, Chapora",2023-08-03 18:30:00+00
news_reports,Goa,North Goa,"Chapora, Mandovi",2021-02-21 18:30:00+00
news_reports,Tamil Nadu,"Ariyalur, Dharmapuri, Dindigul, Krishnagiri, Namakkal, Coimbatore, Cuddalore, Erode, Kancheepuram, Chennai, Kanniyakumari, Karur, Madurai, Nagapattinam, Salem, Sivaganga, Thanjavur, Theni, Tiruppur, Viluppuram, Tirunelveli, Thiruvallur, Vellore, Tiruvannamalai, Tiruchirappalli, Thoothukkudi, The Nilgiris, Ramanathapuram, Thiruvarur, Virudhunagar, Pudukkottai, Perambalur",N/A,2023-11-30 18:30:00+00
news_reports,Odisha,Ganjam,Rushikulya,2026-04-20 18:30:00+00
news_reports,Bihar,Bhojpur,Sone,2023-12-01 18:30:00+00
news_reports,Tamil Nadu,Dindigul,N/A,2023-12-02 18:30:00+00
news_reports,Odisha,Cuttack,Kathajodi,2023-12-03 18:30:00+00
news_reports,Maharashtra,N/A,Vaitarna,2019-05-30 18:30:00+00
news_reports,Odisha,Cuttack,Kathajodi,2023-12-06 18:30:00+00
news_reports,Uttar Pradesh,Gautam Buddha Nagar,yamuna,2023-12-03 18:30:00+00
news_reports,Odisha,Cuttack,Kathajodi,2023-12-03 18:30:00+00
news_reports,Jharkhand,Bokaro,N/A,2023-12-06 18:30:00+00
news_reports,Madhya Pradesh,Narmadapuram,Narmada,2023-12-03 18:30:00+00
news_reports,Uttar Pradesh,Gautam Buddha Nagar,yamuna,2023-12-03 18:30:00+00
news_reports,Haryana,"Gurgaon, Faridabad, Mewat",N/A,2023-12-06 18:30:00+00
news_reports,Maharashtra,Buldana,Bhima,2017-10-04 18:30:00+00
news_reports,Odisha,"Anugul, Jharsuguda, Kalahandi, Kendrapara, Khordha, Jagatsinghapur, Malkangiri, Mayurbhanj, Nabarangapur, Bhadrak, Nuapada, Puri, Rayagada, Baudh, Balangir, Bargarh, Cuttack, Debagarh, Kandhamal, Kendujhar, Koraput, Nayagarh, Sambalpur, Sundargarh, Jajapur, Gajapati, Dhenkanal, Baleshwar, Ganjam, Subarnapur (Sonepur)",N/A,2023-12-05 18:30:00+00
news_reports,Haryana,Panchkula,N/A,2023-12-05 18:30:00+00
news_reports,Punjab,"Hoshiarpur, Muktsar, Patiala, Rupnagar, Sahibzada Ajit Singh Nagar, Gurdaspur, Sangrur, Shahid Bhagat Singh Nagar, Faridkot, Tarn Taran, Fatehgarh Sahib, Bathinda, Firozpur, Mansa, Moga, Kapurthala, Barnala, Ludhiana, Jalandhar, Amritsar",N/A,2023-12-06 18:30:00+00
news_reports,Punjab,"Faridkot, Gurdaspur, Hoshiarpur, Muktsar, Patiala, Bathinda, Rupnagar, Sahibzada Ajit Singh Nagar, Sangrur, Tarn Taran, Fatehgarh Sahib, Firozpur, Jalandhar, Shahid Bhagat Singh Nagar, Kapurthala, Ludhiana, Barnala, Mansa, Amritsar, Moga",N/A,2023-12-06 18:30:00+00
news_reports,Goa,North Goa,Mandovi,2023-12-07 18:30:00+00
news_reports,Madhya Pradesh,Shahdol,Sone,2023-11-26 18:30:00+00
news_reports,Goa,North Goa,Mandovi,2023-12-06 18:30:00+00
news_reports,Jammu & Kashmir,"Pulwama, Bandipore","Rambi Ara, Jhelum, Ferozpora Tangmarg, Lidder, Sindh, Madhumati, Kishenganga",2020-08-18 18:30:00+00
news_reports,Jammu & Kashmir,Baramula,"Jhelum, Ferozpora Tangmarg",2020-08-03 18:30:00+00
news_reports,N/A,N/A,"Teesta, Mahakali",2019-10-04 18:30:00+00
news_reports,West Bengal,"Puruliya, Hugli / Hooghly",Ganga,2017-07-25 18:30:00+00
news_reports,West Bengal,Birbhum,N/A,2017-04-21 18:30:00+00
news_reports,Andhra Pradesh,Guntur,Krishna,2023-12-07 18:30:00+00
news_reports,Goa,North Goa,N/A,2023-12-08 18:30:00+00
news_reports,Tamil Nadu,Thiruvallur,"Kosasthalaiyar, Nagariyar, Palar",2023-12-08 18:30:00+00
news_reports,Maharashtra,N/A,Vaitarna,2019-03-04 18:30:00+00
news_reports,Karnataka,"Haveri, Kolar, Mandya, Shimoga, Tumkur, Gulbarga, Udupi, Uttara Kannada, Bangalore, Gadag, Bellary, Bidar, Chitradurga, Davanagere, Dakshina Kannada, Dharwad, Hassan, Kodagu, Chikmagalur, Koppal, Chikkaballapura, Mysore, Bijapur, Belgaum, Bangalore Rural, Bagalkot, chamarajanagar, Yadgir, Raichur, Ramanagara",N/A,2023-12-10 18:30:00+00
news_reports,"Rajasthan, Jharkhand",Hazaribagh,N/A,2024-01-03 18:30:00+00
news_reports,Odisha,Jajapur,"Budhabalanga, Kharasrota",2023-12-10 18:30:00+00
news_reports,Goa,North Goa,Mandovi,2023-12-10 18:30:00+00
news_reports,Goa,North Goa,Mandovi,2023-12-10 18:30:00+00
news_reports,Punjab,Shahid Bhagat Singh Nagar,N/A,2023-12-08 18:30:00+00
news_reports,Haryana,Panchkula,N/A,2023-12-10 18:30:00+00
news_reports,N/A,N/A,N/A,2023-05-23 18:30:00+00
news_reports,Haryana,Faridabad,yamuna,2023-01-22 18:30:00+00
news_reports,Maharashtra,"Jalna, Chandrapur, Jalgaon, Kolhapur, Mumbai, Buldana, Mumbai Suburban, Nagpur, Nanded, Bhandara, Pune, Raigarh, Solapur, Yavatmal, Washim, Ahmadnagar, Amravati, Bid, Dhule, Aurangabad, Gondiya, Hingoli, Latur, Nandurbar, Gadchiroli, Nashik, Osmanabad, Parbhani, Thane, Ratnagiri, Sindhudurg, Wardha, Satara, Akola, Sangli",N/A,2023-11-02 18:30:00+00
news_reports,Uttar Pradesh,"Saharanpur, Muzaffarnagar",yamuna,2023-11-02 18:30:00+00
news_reports,Punjab,Rupnagar,N/A,2023-12-12 18:30:00+00
news_reports,Assam,Kamrup,Kulshi,2023-12-11 18:30:00+00
news_reports,Chhattisgarh,"Uttar Bastar Kanker, Korba, Mahasamund, Narayanpur, Jashpur, Raigarh, Raipur, Rajnandgaon, Surguja, Bilaspur, Bijapur, Koriya, Janjgir-champa, Dhamtari, Dakshin Bastar Dantewada, Durg, Kabeerdham, Bastar",N/A,2023-12-12 18:30:00+00
news_reports,Karnataka,Bangalore,N/A,2023-12-12 18:30:00+00
news_reports,Madhya Pradesh,Narmadapuram,N/A,2023-12-12 18:30:00+00
news_reports,Goa,"North Goa, South Goa",N/A,2023-12-13 18:30:00+00
news_reports,Haryana,"Panchkula, Ambala, Yamunanagar, Karnal, Panipat, Sonipat, Faridabad, Palwal",N/A,2023-12-13 18:30:00+00
news_reports,Punjab,Amritsar,N/A,2023-12-13 18:30:00+00
news_reports,Uttar Pradesh,Mahamaya Nagar,N/A,2023-12-13 18:30:00+00
news_reports,Rajasthan,"Alwar, Jaipur, Sikar, Udaipur, Rajsamand, Tonk, Sawai Madhopur, Dhaulpur, Sirohi, Jalor","Banas, Som",2020-02-21 18:30:00+00
news_reports,Karnataka,Dakshina Kannada,Netravathi,2023-12-14 18:30:00+00
news_reports,Tamil Nadu,"Tiruchirappalli, Nagapattinam",N/A,2023-12-14 18:30:00+00
news_reports,Goa,"North Goa, South Goa",Chapora,2023-12-14 18:30:00+00
news_reports,Punjab,"Faridkot, Gurdaspur, Hoshiarpur, Muktsar, Patiala, Bathinda, Rupnagar, Sahibzada Ajit Singh Nagar, Sangrur, Barnala, Shahid Bhagat Singh Nagar, Tarn Taran, Fatehgarh Sahib, Amritsar, Firozpur, Jalandhar, Kapurthala, Ludhiana, Mansa, Moga",N/A,2023-12-13 18:30:00+00
news_reports,N/A,N/A,N/A,2023-12-13 18:30:00+00
news_reports,Himachal Pradesh,Mandi,Beas,2014-06-11 18:30:00+00
news_reports,Himachal Pradesh,Chamba,Ravi,2020-06-28 18:30:00+00
news_reports,Himachal Pradesh,"Una, Chamba, Sirmaur, Kangra, Solan","Ravi, Beas, Swan, Sutlej, Mand",2021-07-12 18:30:00+00
news_reports,Himachal Pradesh,"Sirmaur, Chamba, Kinnaur, Kullu, Lahul & Spiti, Kangra, Solan, Hamirpur, Una, Bilaspur, Mandi, Shimla","yamuna, Giri, Sutlej, Beas, Chakki, Ravi, Swan",2023-09-19 18:30:00+00
news_reports,Uttar Pradesh,Banda,Ken,2023-12-08 18:30:00+00
news_reports,Jammu & Kashmir,Rajouri,N/A,2023-12-15 18:30:00+00
news_reports,Gujarat,Surendranagar,N/A,2023-12-15 18:30:00+00
news_reports,Himachal Pradesh,"Kullu, Mandi",Beas,2014-06-16 18:30:00+00
news_reports,Rajasthan,Sawai Madhopur,Morel,2021-01-22 18:30:00+00
news_reports,Gujarat,Vadodara,Orsang,2023-12-08 18:30:00+00
news_reports,Rajasthan,Dhaulpur,N/A,2021-11-15 18:30:00+00
news_reports,Rajasthan,"Bhilwara, Alwar",N/A,2023-06-10 18:30:00+00
news_reports,Haryana,Mewat,N/A,2023-12-19 00:00:00+00
news_reports,"Rajasthan, Haryana","Mahendragarh, Jaipur",N/A,2023-12-24 18:30:00+00
news_reports,Tamil Nadu,Cuddalore,N/A,2023-12-13 18:30:00+00
news_reports,Kerala,"Thiruvananthapuram, Alappuzha, Ernakulam, Idukki, Kasaragod, Kollam, Kottayam, Kozhikode, Malappuram, Kannur, Thrissur, Pathanamthitta, Wayanad, Palakkad","Manimalayar, Achankovil, Periyar, Bharathapuzha, Chaliyar",2023-12-17 18:30:00+00
news_reports,Karnataka,"Bangalore, Yadgir",Krishna,2023-12-17 00:00:00+00
news_reports,Bihar,"Patna, Bhojpur, Aurangabad, Nawada, Jamui, Rohtas, Saran, Vaishali, Kaimur (Bhabua)",Sone,2023-12-23 00:00:00+00
news_reports,Chhattisgarh,"Bastar, Bijapur, Bilaspur, Dakshin Bastar Dantewada, Dhamtari, Durg, Janjgir-champa, Uttar Bastar Kanker, Jashpur, Raipur, Raigarh, Surguja, Narayanpur, Kabeerdham, Mahasamund, Rajnandgaon, Korba, Koriya",N/A,2023-07-21 18:30:00+00
news_reports,Chhattisgarh,"Bastar, Bijapur, Bilaspur, Dakshin Bastar Dantewada, Dhamtari, Durg, Janjgir-champa, Jashpur, Uttar Bastar Kanker, Korba, Mahasamund, Koriya, Narayanpur, Raigarh, Raipur, Rajnandgaon, Surguja, Kabeerdham",N/A,2022-01-28 18:30:00+00
news_reports,Jammu & Kashmir,"Pulwama, Anantnag, Shupiyan, Kulgam, Badgam, Ganderbal","Doodh Ganga, Vaishav, Shali Ganga, Rambi Ara",2023-12-25 18:30:00+00
news_reports,N/A,N/A,"Ganga, Sone, Narmada, Betwa, Chambal, Ulhas, Goma (Gujarat), Orsang, Morhar, Nagavali, Phalguni, Kali, Krishna, Tungabhadra, Nambiyar, Ozat, Goma, Musi, Kollidam",2019-02-28 18:30:00+00
news_reports,Himachal Pradesh,Solan,Sirsa,2023-12-27 18:30:00+00
news_reports,Goa,"North Goa, South Goa",N/A,2023-12-29 18:30:00+00
news_reports,Jammu & Kashmir,Reasi,N/A,2023-12-19 18:30:00+00
news_reports,Bihar,"Bhojpur, Patna, Nawada, Nalanda, Saran, Aurangabad, Rohtas, Gaya","Sone, Chanan, Morhar, Punpun, Ganga, Kiul, Falgu",2023-12-20 18:30:00+00
news_reports,Bihar,Pashchim Champaran,N/A,2023-12-20 18:30:00+00
news_reports,"Uttar Pradesh, Madhya Pradesh, Rajasthan","Etawah, Bhind","Chambal, Parbati",2023-01-05 18:30:00+00
news_reports,Uttar Pradesh,Budaun,Sot,2021-06-21 18:30:00+00
news_reports,Jharkhand,"Bokaro, Chatra, Deoghar, Dhanbad, Dumka, Garhwa, Giridih, Godda, Gumla, Hazaribagh, Latehar, Pakur, Palamu, Saraikela-kharsawan, Ramgarh, Lohardaga, Ranchi, Khunti, Simdega, Jamtara, Koderma, West Singhbum, East Singhbum, Sahebganj",N/A,2023-05-31 18:30:00+00
news_reports,Odisha,Sundargarh,Koel,2024-01-03 18:30:00+00
news_reports,"Punjab, Himachal Pradesh",Kangra,Chakki,2017-09-07 18:30:00+00
news_reports,Jharkhand,Sahebganj,Ganga,2024-01-04 18:30:00+00
news_reports,Haryana,"Yamunanagar, Sonipat",N/A,2024-01-04 18:30:00+00
news_reports,Tamil Nadu,"Chennai, Cuddalore, Dharmapuri, Dindigul, Erode, Coimbatore, Kancheepuram, Kanniyakumari, Madurai, Krishnagiri, Perambalur, Pudukkottai, Ramanathapuram, Namakkal, Salem, Sivaganga, Thanjavur, The Nilgiris, Theni, Thiruvallur, Thiruvarur, Thoothukkudi, Karur, Tiruchirappalli, Tirunelveli, Tiruvannamalai, Tiruppur, Vellore, Ariyalur, Virudhunagar, Viluppuram, Nagapattinam",N/A,2024-01-05 18:30:00+00
news_reports,Odisha,Kendujhar,Baitrani,2024-01-05 18:30:00+00
news_reports,Tamil Nadu,Tiruchirappalli,Koraiyar,2024-01-05 18:30:00+00
news_reports,Haryana,Yamunanagar,yamuna,2024-01-08 18:30:00+00
news_reports,Goa,"North Goa, South Goa","Mandovi, Zuari, Chapora, Terekhol ",2024-01-10 18:30:00+00
news_reports,Haryana,Yamunanagar,N/A,2024-01-08 18:30:00+00
news_reports,"Madhya Pradesh, Uttar Pradesh",Gwalior,Chambal,2019-03-26 18:30:00+00
news_reports,Madhya Pradesh,"Sagar, Sheopur, Damoh, Bhind, Morena","Chambal, Parvati",2022-06-29 18:30:00+00
news_reports,Madhya Pradesh,"Sheopur, Morena, Bhind","Chambal, Kuno, Parbati",2022-09-01 18:30:00+00
news_reports,Madhya Pradesh,"Morena, Sidhi","Chambal, Kuno",2022-06-30 18:30:00+00
news_reports,"Madhya Pradesh, Uttar Pradesh",Etawah,Chambal,2021-07-28 18:30:00+00
news_reports,Madhya Pradesh,Morena,Chambal,2023-01-21 18:30:00+00
news_reports,Madhya Pradesh,Morena,Chambal,2022-09-01 18:30:00+00
news_reports,Madhya Pradesh,"Bhind, Datia",Chambal,2019-08-29 18:30:00+00
news_reports,Madhya Pradesh,"Morena, Sagar, Sheopur, Damoh, Bhind","Chambal, Parvati",2022-06-21 18:30:00+00
news_reports,"Madhya Pradesh, Rajasthan","Morena, Bhind, Dhaulpur",Chambal,2018-09-07 18:30:00+00
news_reports,N/A,N/A,N/A,2024-01-13 18:30:00+00
news_reports,"Rajasthan, Madhya Pradesh, Uttar Pradesh",Agra,"Chambal, Betwa, Sone, Ken, yamuna, Ganga, Gandak, Mahanadi, Ghaghra, Hooghly, Banas, Gopad, Parbati, Kali Sindh",2017-01-10 18:30:00+00
news_reports,"Rajasthan, Madhya Pradesh, Uttar Pradesh","Dhaulpur, Morena, Sehore, Shivpuri",Chambal,2019-04-26 18:30:00+00
news_reports,"Madhya Pradesh, Rajasthan",Gwalior,Chambal,2018-01-13 18:30:00+00
news_reports,Madhya Pradesh,Morena,Chambal,2018-09-13 18:30:00+00
news_reports,"Madhya Pradesh, Rajasthan","Morena, Dhaulpur","Chambal, Parvati, Kuno",2022-05-08 18:30:00+00
news_reports,"Rajasthan, Madhya Pradesh, Uttar Pradesh","Etawah, Jalaun",Chambal,2019-08-21 18:30:00+00
news_reports,Madhya Pradesh,"Bhind, Chhatarpur, Sehore",N/A,2018-02-02 18:30:00+00
news_reports,Madhya Pradesh,Morena,Chambal,2024-01-13 18:30:00+00
news_reports,Goa,"North Goa, South Goa",N/A,2024-02-16 18:30:00+00
news_reports,Madhya Pradesh,"Bhopal, Bhind, Datia",Chambal,2019-08-29 18:30:00+00
news_reports,"Rajasthan, Madhya Pradesh, Uttar Pradesh","Dhaulpur, Bhind, Morena, Gwalior, Agra, Etawah, Jhansi, Bharatpur",Chambal,2023-07-25 18:30:00+00
news_reports,Madhya Pradesh,"Morena, Bhind, Sheopur, Datia",Chambal,2024-01-08 18:30:00+00
news_reports,Madhya Pradesh,Ujjain,Chambal,2018-03-01 18:30:00+00
news_reports,Madhya Pradesh,Morena,Chambal,2015-01-01 18:30:00+00
news_reports,Madhya Pradesh,Morena,Chambal,2014-05-13 18:30:00+00
news_reports,Rajasthan,"Kota, Bundi",Chambal,2018-06-06 18:30:00+00
news_reports,Madhya Pradesh,Gwalior,"Chambal, Narmada",2023-09-02 18:30:00+00
news_reports,"Rajasthan, Madhya Pradesh, Uttar Pradesh","Morena, Dhaulpur",Chambal,2019-07-24 18:30:00+00
news_reports,Madhya Pradesh,"Morena, Bhind","Chambal, Sindh",2022-07-21 18:30:00+00
news_reports,Madhya Pradesh,Morena,N/A,2019-09-13 18:30:00+00
news_reports,Madhya Pradesh,Morena,"Chambal, Kuno, Parbati (Chambal), Narmada",2020-11-29 18:30:00+00
news_reports,Madhya Pradesh,Morena,Chambal,2024-01-13 18:30:00+00
news_reports,Madhya Pradesh,"Bhind, Morena, Datia, Gwalior",Sindh,2019-09-21 18:30:00+00
news_reports,Madhya Pradesh,Morena,Chambal,2019-04-07 18:30:00+00
news_reports,Uttar Pradesh,Etawah,Chambal,2024-01-13 18:30:00+00
news_reports,Madhya Pradesh,Morena,Chambal,2023-03-20 18:30:00+00
news_reports,"Madhya Pradesh, Rajasthan",Morena,Chambal,2023-12-01 18:30:00+00
news_reports,Madhya Pradesh,Bhopal,"Chambal, Narmada, Ken, Sone, Betwa",2017-06-03 18:30:00+00
news_reports,Rajasthan,Kota,Chambal,2022-07-21 18:30:00+00
news_reports,Rajasthan,Dhaulpur,Chambal,2019-08-10 18:30:00+00
news_reports,"Madhya Pradesh, Uttar Pradesh","Guna, Sehore, Bhind, Agra, Datia, Narmadapuram","Sindh, Chambal, Narmada",2017-05-21 18:30:00+00
news_reports,Maharashtra,"Aurangabad, Dhule, Solapur",N/A,2024-01-21 08:00:00+00
news_reports,Rajasthan,Kota,Chambal,2019-11-05 18:30:00+00
news_reports,Madhya Pradesh,Morena,Chambal,2022-01-26 18:30:00+00
news_reports,Madhya Pradesh,"Bhind, Morena, Chhatarpur, Gwalior","Betwa, Chambal, Sindh",2018-03-27 18:30:00+00
news_reports,Rajasthan,Dhaulpur,Chambal,2020-03-13 18:30:00+00
news_reports,Madhya Pradesh,"Morena, Bhind, Datia","Chambal, Parbati (Chambal)",2023-04-14 18:30:00+00
news_reports,Rajasthan,Kota,"Chambal, Chandraloi",2018-06-08 18:30:00+00
news_reports,Madhya Pradesh,Morena,N/A,2021-07-05 18:30:00+00
news_reports,Uttar Pradesh,Agra,Chambal,2019-02-02 18:30:00+00
news_reports,Madhya Pradesh,"Morena, Bhind, Datia, Gwalior","Sindh, Chambal",2014-03-14 18:30:00+00
news_reports,N/A,N/A,N/A,2019-07-25 18:30:00+00
news_reports,Madhya Pradesh,"Bhind, Morena",Chambal,2020-12-22 18:30:00+00
news_reports,Madhya Pradesh,"Morena, Chhatarpur, Gwalior, Bhind, Anuppur, Panna","Chambal, Sindh, Sone, Betwa, Ken",2019-02-08 18:30:00+00
news_reports,Madhya Pradesh,Morena,Chambal,2023-01-19 18:30:00+00
news_reports,Madhya Pradesh,Morena,N/A,2017-11-05 18:30:00+00
news_reports,"Goa, Maharashtra",North Goa,"Terekhol ",2024-01-19 08:00:00+00
news_reports,"Rajasthan, Uttar Pradesh, Madhya Pradesh","Etawah, Morena, Kota, Dhaulpur",Chambal,2020-07-15 18:30:00+00
news_reports,Rajasthan,"Kota, Baran",Parvati,2024-01-13 18:30:00+00
news_reports,"Uttar Pradesh, Haryana","Muzaffarnagar, Panipat",yamuna,2023-02-26 18:30:00+00
news_reports,"Punjab, Haryana","Rupnagar, Jalandhar, Ludhiana, Shahid Bhagat Singh Nagar, Barnala, Sangrur, Mansa, Moga, Firozpur, Muktsar, Bathinda, Faridkot",N/A,2019-06-17 18:30:00+00
news_reports,Punjab,Rupnagar,Sutlej,2019-07-14 18:30:00+00
news_reports,Uttar Pradesh,Rampur,Kosi (UK/UP),2019-04-16 18:30:00+00
news_reports,Bihar,"Patna, Bhojpur","Ganga, Sone",2018-08-29 18:30:00+00
news_reports,Jharkhand,"Ranchi, Bokaro, Chatra, Deoghar, Dhanbad, Giridih, Godda, Gumla, Hazaribagh, Jamtara, Garhwa, Khunti, Latehar, Lohardaga, Palamu, Saraikela-kharsawan, Ramgarh, Simdega, Pakur, Dumka, Koderma, West Singhbum, East Singhbum, Sahebganj",N/A,2024-01-19 08:00:00+00
news_reports,Tamil Nadu,Vellore,N/A,2024-01-19 08:00:00+00
news_reports,Punjab,Ludhiana,N/A,2024-01-19 08:00:00+00
news_reports,Tamil Nadu,"Thoothukkudi, Tirunelveli, Kanniyakumari, Tenkasi",N/A,2024-01-20 08:00:00+00
news_reports,Bihar,"Patna, Bhojpur",N/A,2024-01-21 08:00:00+00
news_reports,"Maharashtra, Madhya Pradesh, Chhattisgarh","Nagpur, Bhandara",Kanhan,2024-01-20 08:00:00+00
news_reports,Tamil Nadu,Kancheepuram,N/A,2024-01-21 08:00:00+00
news_reports,Odisha,"Kendujhar, Jajapur",Kusei,2024-01-30 08:00:00+00
news_reports,Uttar Pradesh,Muzaffarnagar,N/A,2019-12-03 18:30:00+00
news_reports,Uttar Pradesh,"Muzaffarnagar, Bijnor",Ganga,2017-07-01 18:30:00+00
news_reports,"Uttar Pradesh, Haryana",Muzaffarnagar,yamuna,2020-06-21 18:30:00+00
news_reports,"Uttar Pradesh, Haryana","Yamunanagar, Muzaffarnagar",yamuna,2020-12-30 18:30:00+00
news_reports,"Uttar Pradesh, Uttarakhand","Muzaffarnagar, Kaushambi, Fatehpur, Deoria, Saharanpur, Hamirpur, Siddharthnagar",N/A,2022-02-10 18:30:00+00
news_reports,Uttar Pradesh,Muzaffarnagar,N/A,2023-11-27 18:30:00+00
news_reports,"Uttar Pradesh, Haryana","Yamunanagar, Karnal, Panipat, Sonipat, Saharanpur, Muzaffarnagar",yamuna,2016-01-31 18:30:00+00
news_reports,"Uttar Pradesh, Haryana","Muzaffarnagar, Yamunanagar, Palwal, Faridabad, Baghpat",yamuna,2023-07-03 18:30:00+00
news_reports,Uttar Pradesh,Muzaffarnagar,yamuna,2023-09-22 18:30:00+00
news_reports,Uttar Pradesh,Muzaffarnagar,yamuna,2023-09-21 18:30:00+00
news_reports,Odisha,"Jajapur, Kendujhar",Kusei,2024-01-24 08:00:00+00
news_reports,Andhra Pradesh,Annamayya,Papagni,2024-01-26 08:00:00+00
news_reports,Kerala,Thiruvananthapuram,N/A,2024-01-27 08:00:00+00
news_reports,West Bengal,"Kolkata, Bankura",Damodar,2024-01-28 08:00:00+00
news_reports,Andhra Pradesh,"Prakasam, Anantapur, Srikakulam, Krishna, Chittoor, Palnadu, Sri Sathya Sai, Y.s.r.",N/A,2024-01-29 08:00:00+00
news_reports,Bihar,"Saran, Bhojpur, Patna, Vaishali, Jamui, Kishanganj, Rohtas, Aurangabad","Sone, Kiul, Mahananda, Falgu, Chanan, Morhar, Ganga",2024-01-23 18:30:00+00
news_reports,"Bihar, Jharkhand","Jamui, Patna, Giridih, Nawada, Vaishali",N/A,2023-11-14 18:30:00+00
news_reports,Bihar,Jamui,N/A,2023-11-28 18:30:00+00
news_reports,Jammu & Kashmir,Jammu,Ravi,2024-02-01 18:30:00+00
news_reports,Bihar,Kishanganj,Mahananda,2023-12-09 18:30:00+00
news_reports,Bihar,"Jamui, Lakhisarai, Khagaria","Kiul, Bagmati, Kamla",2021-03-21 18:30:00+00
news_reports,Bihar,Bhojpur,Sone,2022-11-27 18:30:00+00
news_reports,Bihar,"Saran, Patna, Begusarai, Lakhisarai, Muzaffarpur, Vaishali, Siwan, Bhagalpur, Buxar, Bhojpur",Sone,2021-01-01 18:30:00+00
news_reports,Goa,"North Goa, South Goa",N/A,2024-02-01 08:00:00+00
news_reports,Maharashtra,"Nagpur, Bhandara",Papagni,2024-02-01 08:00:00+00
news_reports,Andhra Pradesh,Krishna,Krishna,2024-02-06 18:30:00+00
news_reports,Punjab,Sahibzada Ajit Singh Nagar,N/A,2018-07-04 22:00:00+00
news_reports,Chhattisgarh,Durg,Kharun,2023-03-20 18:30:00+00
news_reports,Bihar,Patna,N/A,2024-02-06 18:30:00+00
news_reports,Goa,"North Goa, South Goa","Mandovi, Chapora, Zuari",2024-02-10 18:30:00+00
news_reports,Karnataka,Raichur,N/A,2024-02-12 18:30:00+00
news_reports,Karnataka,"Ramanagara, Raichur",N/A,2024-02-13 18:30:00+00
news_reports,Karnataka,Gadag,N/A,2024-02-13 18:30:00+00
news_reports,Karnataka,Bijapur,N/A,2024-02-14 18:30:00+00
news_reports,Maharashtra,"Akola, Bhandara, Buldana, Chandrapur, Jalgaon, Jalna, Kolhapur, Mumbai, Mumbai Suburban, Nagpur, Nanded, Pune, Raigarh, Solapur, Thane, Washim, Yavatmal, Ahmadnagar, Amravati, Aurangabad, Bid, Dhule, Gadchiroli, Gondiya, Hingoli, Parbhani, Latur, Nandurbar, Nashik, Osmanabad, Ratnagiri, Sangli, Satara, Sindhudurg, Wardha, Palghar",N/A,2024-02-16 08:00:00+00
news_reports,Andhra Pradesh,"Guntur, Palnadu / Narasaraopet, Krishna, Chittoor",Neeva,2024-02-15 08:00:00+00
news_reports,Tamil Nadu,"Chennai, Tiruchirappalli, Pudukkottai",N/A,2024-02-15 08:00:00+00
news_reports,Uttar Pradesh,Muzaffarnagar,N/A,2024-02-17 08:00:00+00
news_reports,Telangana,"Hyderabad, Jayashankar Bhoopalpally, Bhadradri Kothagudem, Karimnagar",N/A,2024-02-18 08:00:00+00
news_reports,Odisha,Sundargarh,Brahmani,2024-02-18 18:30:00+00
news_reports,Jharkhand,"Dhanbad, Giridih, Bokaro, Palamu, Latehar, Hazaribagh, Chatra, Gumla, Ramgarh, Koderma",N/A,2024-02-25 18:30:00+00
news_reports,Madhya Pradesh,Bhind,Chambal,2024-01-31 18:30:00+00
news_reports,Andhra Pradesh,Chittoor,Neeva,2024-02-21 08:00:00+00
news_reports,Andhra Pradesh,"East Godavari, Krishna, Dr. B. R. Ambedkar Konaseema / Konaseema",N/A,2024-02-22 08:00:00+00
news_reports,Bihar,"Nalanda, Aurangabad, Gaya, Nawada, Jehanabad, Lakhisarai, Jamui, Munger, Kishanganj, Banka, Bhagalpur, Saran, Begusarai, Khagaria, Sitamarhi, Muzaffarpur, Sheohar, Rohtas, Sheikhpura, Arwal, Patna, Kaimur (Bhabua), Purbi Champaran",N/A,2024-02-23 08:00:00+00
news_reports,Andhra Pradesh,"Guntur, Krishna",N/A,2024-02-23 08:00:00+00
news_reports,Tamil Nadu,"Madurai, Sivaganga, Kanniyakumari",N/A,2024-02-24 08:00:00+00
news_reports,Rajasthan,Karauli,Chambal,2023-04-12 18:30:00+00
news_reports,Himachal Pradesh,Kullu,Parvati,2024-01-24 18:30:00+00
news_reports,Tamil Nadu,"Ariyalur, Chennai, Coimbatore, Cuddalore, Dharmapuri, Dindigul, Erode, Kancheepuram, Kanniyakumari, Karur, Krishnagiri, Madurai, Namakkal, Perambalur, Pudukkottai, Ramanathapuram, Salem, Sivaganga, Thanjavur, The Nilgiris, Theni, Thiruvallur, Thiruvarur, Thoothukkudi, Tiruchirappalli, Tirunelveli, Tiruppur, Tiruvannamalai, Viluppuram, Vellore, Virudhunagar, Nagapattinam",N/A,2024-02-26 18:30:00+00
news_reports,Andhra Pradesh,Guntur,N/A,2024-02-29 08:00:00+00
news_reports,Tamil Nadu,"Vellore, Karur, Thanjavur, Tiruchirappalli, Ariyalur",N/A,2024-02-28 08:00:00+00
news_reports,Uttar Pradesh,Hamirpur,N/A,2024-02-29 08:00:00+00
news_reports,Kerala,"Thiruvananthapuram, Alappuzha",N/A,2024-02-27 08:00:00+00
news_reports,Uttar Pradesh,Lucknow,N/A,2024-03-15 07:00:00+00
news_reports,Madhya Pradesh,Morena,Chambal,2024-03-01 18:30:00+00
news_reports,Madhya Pradesh,"Sheopur, Morena","Chambal, Parbati (Chambal)",2024-02-13 18:30:00+00
news_reports,Madhya Pradesh,Morena,Chambal,2023-05-19 18:30:00+00
news_reports,Madhya Pradesh,Morena,Chambal,2024-03-03 18:30:00+00
news_reports,Madhya Pradesh,Morena,Chambal,2024-03-02 18:30:00+00
news_reports,Rajasthan,"Kota, Bundi",Chambal,2024-02-29 18:30:00+00
news_reports,Madhya Pradesh,"Bhind, Morena","Chambal, Sindh",2024-02-01 18:30:00+00
news_reports,Madhya Pradesh,Sheopur,Chambal,2024-01-10 18:30:00+00
news_reports,Madhya Pradesh,Morena,Chambal,2024-02-12 18:30:00+00
news_reports,Madhya Pradesh,Morena,Chambal,2024-01-30 18:30:00+00
news_reports,Madhya Pradesh,Sheopur,Parbati (Chambal),2024-01-03 18:30:00+00
news_reports,Madhya Pradesh,Sheopur,"Chambal, Parbati (Chambal)",2024-02-15 18:30:00+00
news_reports,Madhya Pradesh,Morena,Chambal,2024-03-01 18:30:00+00
news_reports,Madhya Pradesh,Morena,Chambal,2024-02-04 18:30:00+00
news_reports,Madhya Pradesh,Morena,Chambal,2024-02-13 18:30:00+00
news_reports,Rajasthan,Dhaulpur,Chambal,2024-03-04 18:30:00+00
news_reports,Madhya Pradesh,Morena,Chambal,2024-01-09 18:30:00+00
news_reports,Madhya Pradesh,Bhind,Chambal,2024-02-25 18:30:00+00
news_reports,Rajasthan,Dhaulpur,Chambal,2024-03-03 18:30:00+00
news_reports,Madhya Pradesh,Morena,Chambal,2024-01-30 18:30:00+00
news_reports,Rajasthan,Dhaulpur,Chambal,2024-03-03 18:30:00+00
news_reports,Jammu & Kashmir,"Pulwama, Kargil",Jhelum,2024-03-04 08:00:00+00
news_reports,Bihar,Rohtas,Sone,2023-07-01 18:30:00+00
news_reports,Rajasthan,"Sirohi, Bhilwara, Tonk, Sawai Madhopur, Nagaur",N/A,2024-03-11 08:00:00+00
news_reports,Kerala,Ernakulam,"Muvattupuzha, Periyar",2024-03-12 07:00:00+00
news_reports,Jharkhand,Ranchi,N/A,2024-03-14 07:00:00+00
news_reports,Jharkhand,"Bokaro, Chatra, Deoghar, Dhanbad, Dumka, Garhwa, Giridih, Godda, Gumla, Hazaribagh, Jamtara, Khunti, Latehar, Lohardaga, Pakur, Palamu, Ramgarh, Ranchi, Saraikela-kharsawan, Simdega, Koderma, West Singhbum, East Singhbum, Sahebganj",N/A,2024-03-15 07:00:00+00
news_reports,Tamil Nadu,"Vellore, Tiruchirappalli, Karur, Thanjavur, Ariyalur",N/A,2024-04-03 07:00:00+00
news_reports,Odisha,Anugul,Brahmani,2024-03-15 18:30:00+00
news_reports,Rajasthan,Tonk,Banas,2023-11-07 18:30:00+00
news_reports,Rajasthan,"Dhaulpur, Jaipur",N/A,2022-02-03 18:30:00+00
news_reports,Madhya Pradesh,"Barwani, Dhar",Narmada,2022-05-05 18:30:00+00
news_reports,Himachal Pradesh,Una,Swan,2020-07-08 18:30:00+00
news_reports,Rajasthan,"Tonk, Sawai Madhopur",Banas,2018-05-26 18:30:00+00
news_reports,Punjab,"Amritsar, Barnala, Bathinda, Faridkot, Fatehgarh Sahib, Firozpur, Gurdaspur, Hoshiarpur, Jalandhar, Kapurthala, Ludhiana, Mansa, Moga, Muktsar, Patiala, Rupnagar, Sahibzada Ajit Singh Nagar, Sangrur, Shahid Bhagat Singh Nagar (Nawanshahr), Tarn Taran, Fazilka, Pathankot",N/A,2016-10-09 18:30:00+00
news_reports,Rajasthan,Tonk,Banas,2023-12-03 18:30:00+00
news_reports,Rajasthan,Tonk,Banas,2023-11-07 18:30:00+00
news_reports,Jammu & Kashmir,Pulwama,Jhelum,2023-04-05 18:30:00+00
news_reports,Uttar Pradesh,"Allahabad, Sonbhadra",N/A,2019-03-07 18:30:00+00
news_reports,Tamil Nadu,"Chennai, Tiruchirappalli",N/A,2023-09-12 18:30:00+00
news_reports,"Uttar Pradesh, Haryana",Baghpat,Yamuna,2021-01-09 18:30:00+00
news_reports,Madhya Pradesh,Ratlam,N/A,2024-03-02 18:30:00+00
news_reports,Rajasthan,Tonk,N/A,2023-11-26 18:30:00+00
news_reports,Uttar Pradesh,Ghazipur,N/A,2018-05-18 18:30:00+00
news_reports,Uttar Pradesh,Mahoba,N/A,2019-06-14 18:30:00+00
news_reports,Uttarakhand,Nainital,"Gaula ",2022-02-28 18:30:00+00
news_reports,"Haryana, NCT of Delhi","Gurgaon, Faridabad, Nuh",N/A,2020-09-22 18:30:00+00
news_reports,Odisha,Kendujhar,Baitrani,2025-10-19 18:30:00+00
news_reports,Haryana,Nuh,N/A,2024-02-10 18:30:00+00
news_reports,Rajasthan,Jaipur,N/A,2023-08-08 18:30:00+00
news_reports,Haryana,Palwal,Yamuna,2024-02-12 18:30:00+00
news_reports,Punjab,"Amritsar, Barnala, Bathinda, Faridkot, Fatehgarh Sahib, Firozpur, Gurdaspur, Hoshiarpur, Jalandhar, Kapurthala, Ludhiana, Mansa, Moga, Muktsar, Patiala, Rupnagar, Sahibzada Ajit Singh Nagar, Sangrur, Shahid Bhagat Singh Nagar (Nawanshahr), Tarn Taran, Fazilka, Pathankot",N/A,2017-06-01 18:30:00+00
news_reports,Madhya Pradesh,"Barwani, Dhar",Narmada,2019-09-02 18:30:00+00
news_reports,Rajasthan,"Bundi, Kota, Jhalawar, Chittaurgarh",N/A,2017-12-31 18:30:00+00
news_reports,Jammu & Kashmir,Pulwama,Jhelum,2024-03-01 18:30:00+00
news_reports,Haryana,Gurgaon,N/A,2018-06-17 18:30:00+00
news_reports,Uttarakhand,Hardwar,"Asan, Gaula , Kosi (UK/UP), Malan, Sharda, Ganga, Dapka, Kotawali, Nandhaur, Song, Rawasan",2020-06-15 18:30:00+00
news_reports,Gujarat,"Gandhinagar, Bhavnagar, Surat, Banas Kantha, Valsad","Narmada, Banas, Purna, Sabarmati",2024-03-27 18:30:00+00
news_reports,Rajasthan,"Tonk, Ajmer, Jaipur",Banas,2023-11-27 18:30:00+00
news_reports,Himachal Pradesh,Kangra,Neugal,2020-12-22 18:30:00+00
news_reports,Madhya Pradesh,Narsimhapur,Narmada,2020-11-05 18:30:00+00
news_reports,Haryana,"Gurgaon, Faridabad, Nuh",N/A,2022-07-31 18:30:00+00
news_reports,Jammu & Kashmir,Pulwama,Romshi / Romeshi Nallah,2023-11-29 18:30:00+00
news_reports,Uttarakhand,"Dehradun, Nainital","Kosi (UK/UP), Yamuna, Asan, Khoh",2021-09-20 18:30:00+00
news_reports,Haryana,"Nuh, Faridabad, Gurgaon",N/A,2022-09-01 18:30:00+00
news_reports,Tamil Nadu,Thoothukkudi,"Tamirabarani, Nambiyar",2023-04-27 18:30:00+00
news_reports,Madhya Pradesh,Shahdol,Sone,2023-11-26 18:30:00+00
news_reports,Punjab,Rupnagar,"Sutlej, Swan",2016-08-29 18:30:00+00
news_reports,Uttar Pradesh,Fatehpur,Ganga,2019-08-03 18:30:00+00
news_reports,Himachal Pradesh,Kangra,Neugal,2022-09-17 18:30:00+00
news_reports,Punjab,"Sahibzada Ajit Singh Nagar, Rupnagar",Sutlej,2016-09-19 18:30:00+00
news_reports,Jammu & Kashmir,Pulwama,"Romshi / Romeshi Nallah, Jhelum, Sasara, Rambi Ara",2023-10-05 18:30:00+00
news_reports,Haryana,Gurgaon,N/A,2021-04-01 18:30:00+00
news_reports,Madhya Pradesh,Shahdol,Som,2023-11-26 18:30:00+00
news_reports,Uttar Pradesh,Banda,Ken,2019-06-18 18:30:00+00
news_reports,Rajasthan,"Jaipur, Ajmer, Alwar, Banswara, Baran, Barmer, Bundi, Chittaurgarh, Churu, Dhaulpur, Dungarpur, Bikaner, Ganganagar, Hanumangarh, Jaisalmer, Bhilwara, Jalor, Jhalawar, Nagaur, Pali, Kota, Pratapgarh, Rajsamand, Sikar, Sirohi, Jodhpur, Tonk, Udaipur, Dausa, Jhunjhunun, Karauli, Bharatpur, Sawai Madhopur",N/A,2017-11-17 18:30:00+00
news_reports,N/A,N/A,"Jhelum, Chenab, Ravi, Beas, Sutlej, Yamuna, Brahmaputra, Luni, Narmada, Godavari, Mahanadi, Krishna, Kaveri",2022-12-11 18:30:00+00
news_reports,Punjab,Hoshiarpur,N/A,2015-09-18 18:30:00+00
news_reports,Rajasthan,Jaipur,N/A,2019-06-13 18:30:00+00
news_reports,Haryana,"Gurgaon, Faridabad, Nuh",N/A,2023-04-18 18:30:00+00
news_reports,Andhra Pradesh,"Anantapur, Chittoor, Y.s.r. / Kadapa, East Godavari, Hyderabad, Karimnagar, Khammam, Krishna, Guntur, Kurnool, Mahbubnagar, Medak, Nalgonda, Sri Potti Sriramulu Nellore, Nizamabad, Prakasam, Rangareddy, Srikakulam, Visakhapatnam, Vizianagaram, Warangal, West Godavari, Annamayya, Sri Sathya Sai, Palnadu / Narasaraopet, Tirupati, Bapatla, Nandyal, Dr. B. R. Ambedkar Konaseema / Konaseema",N/A,2023-11-02 18:30:00+00
news_reports,"Haryana, NCT of Delhi","Gurgaon, Faridabad, Nuh",N/A,2023-09-25 18:30:00+00
news_reports,Jammu & Kashmir,"Punch, Rajouri, Samba, Kathua, Udhampur, Reasi, Srinagar, Pulwama, Badgam / Budgam, Kupwara, Bandipore, Ganderbal, Baramula",Jhelum,2022-04-19 18:30:00+00
news_reports,Haryana,"Panchkula, Palwal, Ambala, Yamunanagar, Karnal, Panipat, Sonipat, Faridabad",N/A,2023-12-14 18:30:00+00
news_reports,Punjab,"Amritsar, Barnala, Bathinda, Faridkot, Fatehgarh Sahib, Firozpur, Gurdaspur, Hoshiarpur, Jalandhar, Kapurthala, Ludhiana, Mansa, Moga, Muktsar, Patiala, Rupnagar, Sahibzada Ajit Singh Nagar, Sangrur, Shahid Bhagat Singh Nagar (Nawanshahr), Tarn Taran, Fazilka, Pathankot",N/A,2018-10-18 18:30:00+00
news_reports,Madhya Pradesh,Bhind,N/A,2018-03-26 18:30:00+00
news_reports,Rajasthan,Tonk,Banas,2023-11-22 18:30:00+00
news_reports,Uttar Pradesh,Mahoba,Urmil,2018-02-16 18:30:00+00
news_reports,Uttarakhand,Champawat,Sarayu,2021-06-17 18:30:00+00
news_reports,Punjab,Ludhiana,Sutlej,2016-01-29 18:30:00+00
news_reports,Jammu & Kashmir,Kathua,Bhini,2024-01-11 18:30:00+00
news_reports,Uttar Pradesh,"Ghaziabad, Bareilly",Yamuna,2021-02-20 18:30:00+00
news_reports,Tamil Nadu,"Madurai, Dindigul",N/A,2023-12-03 18:30:00+00
news_reports,Madhya Pradesh,Morena,Chambal,2021-02-02 18:30:00+00
news_reports,Punjab,"Amritsar, Barnala, Bathinda, Faridkot, Fatehgarh Sahib, Firozpur, Gurdaspur, Hoshiarpur, Jalandhar, Kapurthala, Ludhiana, Mansa, Moga, Muktsar, Patiala, Rupnagar, Sahibzada Ajit Singh Nagar, Sangrur, Shahid Bhagat Singh Nagar (Nawanshahr), Tarn Taran, Fazilka, Pathankot",N/A,2017-05-06 18:30:00+00
news_reports,"Madhya Pradesh, Maharashtra","Balaghat, Wardha",N/A,2015-06-22 18:30:00+00
news_reports,"Punjab, Himachal Pradesh","Kangra, Una",Ravi,2018-04-21 18:30:00+00
news_reports,Rajasthan,"Tonk, Ajmer, Jaipur, Bhilwara, Chittaurgarh, Pali, Sirohi, Udaipur, Bundi, Rajsamand, Dausa, Sawai Madhopur",Banas,2018-02-20 18:30:00+00
news_reports,"Haryana, NCT of Delhi",New Delhi,Yamuna,2020-11-16 18:30:00+00
news_reports,Karnataka,Udupi,N/A,2019-03-06 18:30:00+00
news_reports,Punjab,"Amritsar, Bathinda, Barnala, Faridkot, Fatehgarh Sahib, Firozpur, Gurdaspur, Hoshiarpur, Jalandhar, Kapurthala, Ludhiana, Mansa, Moga, Muktsar, Patiala, Rupnagar, Sahibzada Ajit Singh Nagar, Sangrur, Shahid Bhagat Singh Nagar (Nawanshahr), Tarn Taran, Fazilka, Pathankot",N/A,2016-05-28 18:30:00+00
news_reports,Uttarakhand,"Dehradun, Almora, Bageshwar, Chamoli, Champawat, Garhwal, Hardwar, Nainital, Pithoragarh, Rudraprayag, Tehri Garhwal, Udham Singh Nagar, Uttarkashi",Ganga,2023-04-23 18:30:00+00
news_reports,Punjab,"Amritsar, Barnala, Bathinda, Faridkot, Fatehgarh Sahib, Firozpur, Gurdaspur, Hoshiarpur, Jalandhar, Kapurthala, Ludhiana, Mansa, Moga, Muktsar, Patiala, Rupnagar, Sahibzada Ajit Singh Nagar, Sangrur, Shahid Bhagat Singh Nagar (Nawanshahr), Tarn Taran, Fazilka, Pathankot",N/A,2016-07-17 18:30:00+00
news_reports,Haryana,Palwal,Yamuna,2024-02-06 18:30:00+00
news_reports,Rajasthan,"Alwar, Jaipur, Sikar, Udaipur, Rajsamand, Sawai Madhopur, Bhilwara, Dhaulpur, Jalor, Sirohi, Nagaur, Jhunjhunun, Dungarpur, Tonk","Banas, Som",2020-02-21 18:30:00+00
news_reports,Madhya Pradesh,Morena,N/A,2012-03-08 18:30:00+00
news_reports,Jammu & Kashmir,Pulwama,Jhelum,2024-02-28 18:30:00+00
news_reports,"Haryana, Punjab, Chandigarh","Yamunanagar, Sonipat, Faridabad, Karnal, Sahibzada Ajit Singh Nagar",Yamuna,2024-01-22 18:30:00+00
news_reports,Rajasthan,Sawai Madhopur,N/A,2018-02-16 18:30:00+00
news_reports,Uttarakhand,"Dehradun, Nainital, Almora, Bageshwar, Chamoli, Champawat, Garhwal, Hardwar, Pithoragarh, Rudraprayag, Tehri Garhwal, Udham Singh Nagar, Uttarkashi",N/A,2023-11-25 18:30:00+00
news_reports,Haryana,"Gurgaon, Nuh",N/A,2022-06-15 18:30:00+00
news_reports,Rajasthan,Jaipur,N/A,2019-04-04 18:30:00+00
news_reports,Uttarakhand,Dehradun,"Yamuna, Asan",2014-09-23 18:30:00+00
news_reports,Rajasthan,"Sawai Madhopur, Bharatpur, Tonk, Jaipur",N/A,2024-02-14 18:30:00+00
news_reports,"Haryana, NCT of Delhi",Gurgaon,N/A,2020-09-21 18:30:00+00
news_reports,Uttar Pradesh,Moradabad,"Ganga, Mahava",2018-10-26 18:30:00+00
news_reports,"Uttar Pradesh, Madhya Pradesh","Mahoba, Basti",Urmil,2019-02-17 18:30:00+00
news_reports,Uttarakhand,Dehradun,Asan,2014-10-31 18:30:00+00
news_reports,Haryana,"Gurgaon, Nuh",N/A,2022-07-19 18:30:00+00
news_reports,Uttarakhand,"Dehradun, Nainital, Almora, Bageshwar, Chamoli, Champawat, Garhwal, Hardwar, Pithoragarh, Rudraprayag, Tehri Garhwal, Udham Singh Nagar, Uttarkashi",Yamuna,2022-12-19 18:30:00+00
news_reports,Haryana,"Gurgaon, Nuh",N/A,2021-04-04 18:30:00+00
news_reports,Jammu & Kashmir,"Pulwama, Srinagar, Baramula",Jhelum,2024-03-17 18:30:00+00
news_reports,"Haryana, Himachal Pradesh, Jammu & Kashmir, Uttarakhand, Punjab","Nainital, Kathua, Kangra, Tarn Taran, Amritsar, Sonipat, Jammu, Dehradun, Hardwar, Udham Singh Nagar","Ganga, Chakki, Swarna, Gola, Ravi, Jhelum, Kosi (UK/UP), Ramganga, Dabka, Sutlej, Beas, Ghaggar, Yamuna",2018-01-27 18:30:00+00
news_reports,Haryana,"Gurgaon, Nuh, Faridabad",N/A,2024-02-07 18:30:00+00
news_reports,Punjab,"Pathankot, Gurdaspur",Ravi,2022-08-29 18:30:00+00
news_reports,Uttarakhand,Nainital,N/A,2022-10-16 18:30:00+00
news_reports,Rajasthan,"Jaipur, Alwar, Sikar, Rajsamand, Udaipur, Tonk, Sawai Madhopur, Dhaulpur, Bhilwara, Jalor, Sirohi, Nagaur, Jhunjhunun, Dungarpur",Som,2020-02-21 18:30:00+00
news_reports,"Haryana, Rajasthan, Uttar Pradesh","Gurgaon, Nuh, Faridabad, Palwal",N/A,2022-05-29 18:30:00+00
news_reports,Jammu & Kashmir,Ganderbal,Nallah Sindh,2023-01-09 18:30:00+00
news_reports,Rajasthan,Dhaulpur,N/A,2018-03-30 18:30:00+00
news_reports,Punjab,Sangrur,N/A,2017-03-27 18:30:00+00
news_reports,Himachal Pradesh,Solan,Balad,2020-02-19 18:30:00+00
news_reports,Punjab,Sahibzada Ajit Singh Nagar,N/A,2018-06-20 22:00:00+00
news_reports,Himachal Pradesh,Sirmaur,Giri,2021-08-26 18:30:00+00
news_reports,Rajasthan,Dhaulpur,Chambal,2019-09-03 18:30:00+00
news_reports,Jammu & Kashmir,Badgam / Budgam,Shali Ganga,2022-09-29 18:30:00+00
news_reports,Haryana,"Gurgaon, Nuh",N/A,2024-02-03 18:30:00+00
news_reports,"Uttar Pradesh, Haryana","Ghaziabad, Sonipat, Baghpat",Yamuna,2018-04-02 18:30:00+00
news_reports,Jammu & Kashmir,"Pulwama, Baramula",Jhelum,2021-05-25 18:30:00+00
news_reports,"Haryana, Uttar Pradesh","Faridabad, Gautam Buddha Nagar","Yamuna, Hindon",2015-10-24 18:30:00+00
news_reports,Rajasthan,Bhilwara,N/A,2021-03-03 18:30:00+00
news_reports,Uttar Pradesh,Etawah,N/A,2019-03-03 18:30:00+00
news_reports,Haryana,Gurgaon,N/A,2020-03-03 18:30:00+00
news_reports,"Haryana, Uttar Pradesh",Sonipat,Yamuna,2021-04-11 18:30:00+00
news_reports,Punjab,"Tarn Taran, Amritsar",Beas,2017-11-19 18:30:00+00
news_reports,Uttar Pradesh,Gonda,N/A,2018-07-26 18:30:00+00
news_reports,Tamil Nadu,Vellore,Palar,2019-05-10 18:30:00+00
news_reports,Jammu & Kashmir,"Pulwama, Anantnag",Jhelum,2018-04-23 18:30:00+00
news_reports,Haryana,"Gurgaon, Faridabad",N/A,2021-02-15 18:30:00+00
news_reports,Uttarakhand,"Udham Singh Nagar, Champawat, Pithoragarh",N/A,2022-06-11 18:30:00+00
news_reports,Uttarakhand,"Dehradun, Hardwar, Garhwal, Udham Singh Nagar","Ganga, Rawasan, Ganga Bhopur, Ganga Vishnupur, Kotawali",2015-12-12 18:30:00+00
news_reports,Jammu & Kashmir,Pulwama,Jhelum,2024-03-01 18:30:00+00
news_reports,Haryana,"Faridabad, Gurgaon, Jhajjar, Sonipat, Palwal, Yamunanagar, Karnal",Yamuna,2020-10-08 18:30:00+00
news_reports,Rajasthan,"Bharatpur, Bhilwara, Udaipur",N/A,2020-09-05 18:30:00+00
news_reports,Rajasthan,Alwar,N/A,2020-07-27 18:30:00+00
news_reports,Rajasthan,"Jaipur, Ajmer, Alwar, Banswara, Baran, Barmer, Bharatpur, Bikaner, Bundi, Chittaurgarh, Churu, Bhilwara, Dhaulpur, Dungarpur, Ganganagar, Hanumangarh, Jaisalmer, Jalor, Jhalawar, Jhunjhunun, Jodhpur, Kota, Nagaur, Pali, Pratapgarh, Rajsamand, Sikar, Sirohi, Tonk, Udaipur, Dausa, Karauli, Sawai Madhopur",N/A,2021-11-13 18:30:00+00
news_reports,Himachal Pradesh,Una,N/A,2024-03-12 18:30:00+00
news_reports,Haryana,Mahendragarh,N/A,2024-03-15 18:30:00+00
news_reports,Uttar Pradesh,Sonbhadra,N/A,2019-03-07 18:30:00+00
news_reports,Uttar Pradesh,Agra,Chambal,2021-05-12 18:30:00+00
news_reports,Jammu & Kashmir,Shupiyan,"Jhelum, Rambi Ara, Vaishav",2021-06-03 18:30:00+00
news_reports,Haryana,Sonipat,N/A,2021-07-18 18:30:00+00
news_reports,Jammu & Kashmir,"Pulwama, Srinagar, Baramula",Jhelum,2020-11-26 18:30:00+00
news_reports,"Punjab, Rajasthan, Haryana","Pathankot, Gurdaspur, Bikaner, Bathinda, Fazilka, Karnal, Firozpur",Ravi,2022-10-02 18:30:00+00
news_reports,Uttarakhand,Hardwar,Ganga,2017-07-07 18:30:00+00
news_reports,Jammu & Kashmir,Anantnag,Jhelum,2020-02-09 18:30:00+00
news_reports,Madhya Pradesh,Morena,N/A,2018-09-08 18:30:00+00
news_reports,"Madhya Pradesh, Uttar Pradesh, Bihar","Shahdol, Satna, Katni, Umaria",Sone,2021-08-26 18:30:00+00
news_reports,Rajasthan,Bhilwara,N/A,2020-06-10 18:30:00+00
news_reports,Jammu & Kashmir,Shupiyan,Rambi Ara,2020-04-23 18:30:00+00
news_reports,Jammu & Kashmir,Baramula,Jhelum,2020-07-06 18:30:00+00
news_reports,Uttar Pradesh,Jhansi,N/A,2019-10-10 18:30:00+00
news_reports,Haryana,"Yamunanagar, Palwal, Sonipat, Karnal, Panipat",Yamuna,2024-02-07 18:30:00+00
news_reports,Rajasthan,"Barmer, Tonk",N/A,2020-02-13 18:30:00+00
news_reports,Jammu & Kashmir,"Srinagar, Pulwama",Jhelum,2019-10-29 18:30:00+00
news_reports,Jammu & Kashmir,"Shupiyan, Pulwama","Rambi Ara, Romshi / Romeshi Nallah",2020-10-09 18:30:00+00
news_reports,Telangana,Wanaparthy,Krishna,2024-03-20 07:00:00+00
news_reports,Odisha,Bhadrak,Baitrani,2024-03-23 07:00:00+00
news_reports,Jammu & Kashmir,Reasi,N/A,2024-03-24 07:00:00+00
news_reports,Tamil Nadu,"Madurai, Sivaganga",N/A,2024-03-25 07:00:00+00
news_reports,Karnataka,"Mandya, Mysore, Bangalore","Kaveri, Shimsha",2016-07-30 18:30:00+00
news_reports,N/A,N/A,N/A,2024-03-28 18:30:00+00
news_reports,Kerala,Kollam,N/A,2019-01-16 18:30:00+00
news_reports,Tamil Nadu,Tiruchirappalli,Kollidam,2024-04-06 07:00:00+00
news_reports,Tamil Nadu,"Chennai, Karur",N/A,2024-04-08 07:00:00+00
news_reports,Rajasthan,"Kota, Bundi",N/A,2016-06-03 18:30:00+00
news_reports,Madhya Pradesh,Barwani,N/A,2024-04-14 07:00:00+00
news_reports,Karnataka,Tumkur,N/A,2015-03-24 18:30:00+00
news_reports,Punjab,Ludhiana,Sutlej,2024-04-16 18:30:00+00
news_reports,Uttar Pradesh,"Bijnor, Jyotiba Phule Nagar, Moradabad",Ganga,2015-04-13 18:30:00+00
news_reports,Punjab,Rupnagar,Sutlej,2015-06-29 18:30:00+00
news_reports,Gujarat,Ahmadabad,Sabarmati,2015-04-29 18:30:00+00
news_reports,Andhra Pradesh,"East Godavari, West Godavari",Godavari,2016-03-21 18:30:00+00
news_reports,"Uttar Pradesh, Maharashtra, NCT of Delhi","Lucknow, Sultanpur",N/A,2024-03-14 18:30:00+00
news_reports,Punjab,Moga,N/A,2018-03-05 18:30:00+00
news_reports,Jammu & Kashmir,"Anantnag, Badgam / Budgam, Bandipore, Baramula, Data Not Available, Doda, Jammu, Kargil, Ganderbal, Kathua, Kulgam, Kishtwar, Kupwara, Pulwama, Leh (ladakh), Rajouri, Punch, Reasi, Shupiyan, Ramban, Samba, Srinagar, Udhampur",N/A,2024-03-22 18:30:00+00
news_reports,Uttar Pradesh,Mathura,N/A,2023-06-18 18:30:00+00
news_reports,Tamil Nadu,"Ariyalur, Karur, Thanjavur, Tiruchirappalli, Vellore",N/A,2024-04-25 18:30:00+00
news_reports,Tamil Nadu,"Ariyalur, Chennai, Coimbatore, Cuddalore, Dharmapuri, Dindigul, Kancheepuram, Kanniyakumari, Karur, Erode, Perambalur, Pudukkottai, Ramanathapuram, Namakkal, Salem, Sivaganga, Thanjavur, Madurai, The Nilgiris, Theni, Thiruvallur, Thiruvarur, Krishnagiri, Thoothukkudi, Tirunelveli, Tiruppur, Tiruchirappalli, Tiruvannamalai, Vellore, Viluppuram, Virudhunagar, Nagapattinam",N/A,2024-04-28 18:30:00+00
news_reports,Kerala,Thrissur,N/A,2024-04-23 18:30:00+00
news_reports,Andhra Pradesh,Palnadu / Narasaraopet,Krishna,2024-02-15 18:30:00+00
news_reports,Tamil Nadu,"Viluppuram, Tiruchirappalli","Kaveri, Koraiyar",2024-04-28 18:30:00+00
news_reports,Maharashtra,"Ahmadnagar, Akola, Amravati, Aurangabad, Bhandara, Bid, Buldana, Chandrapur, Dhule, Gadchiroli, Hingoli, Jalgaon, Jalna, Kolhapur, Latur, Gondiya, Mumbai, Mumbai Suburban, Nagpur, Nanded, Nashik, Osmanabad, Parbhani, Pune, Raigarh, Nandurbar, Ratnagiri, Sangli, Satara, Sindhudurg, Solapur, Thane, Wardha, Washim, Yavatmal, Palghar",N/A,2023-04-07 07:00:00+00
news_reports,Tamil Nadu,"Kancheepuram, Thiruvallur",Palar,2018-11-14 18:30:00+00
news_reports,Maharashtra,"Nagpur, Bhandara, Wardha",N/A,2023-02-18 08:00:00+00
news_reports,Tamil Nadu,"Vellore, Kancheepuram, Ranipet",Palar,2017-03-06 18:30:00+00
news_reports,Tamil Nadu,Viluppuram,Palar,2023-04-08 18:30:00+00
news_reports,Tamil Nadu,Vellore,Palar,2023-02-21 18:30:00+00
news_reports,Tamil Nadu,Vellore,Palar,2017-04-15 18:30:00+00
news_reports,Maharashtra,"Ahmadnagar, Akola, Amravati, Aurangabad, Bhandara, Buldana, Chandrapur, Dhule, Gadchiroli, Gondiya, Bid, Hingoli, Jalgaon, Jalna, Kolhapur, Latur, Nagpur, Nanded, Nandurbar, Nashik, Osmanabad, Mumbai Suburban, Parbhani, Pune, Raigarh, Mumbai, Ratnagiri, Sangli, Satara, Sindhudurg, Solapur, Thane, Wardha, Washim, Yavatmal, Palghar",N/A,2022-10-18 07:00:00+00
news_reports,Maharashtra,"Ahmadnagar, Akola, Amravati, Aurangabad, Bhandara, Buldana, Chandrapur, Dhule, Gadchiroli, Gondiya, Bid, Hingoli, Jalgaon, Jalna, Kolhapur, Latur, Nandurbar, Nashik, Osmanabad, Parbhani, Pune, Nanded, Raigarh, Ratnagiri, Sangli, Satara, Nagpur, Sindhudurg, Solapur, Thane, Wardha, Mumbai Suburban, Mumbai, Washim, Yavatmal, Palghar",N/A,2022-01-23 08:00:00+00
news_reports,Tamil Nadu,Ranipet,Palar,2019-10-14 18:30:00+00
news_reports,Karnataka,Koppal,Tungabhadra,2025-10-21 18:30:00+00
news_reports,Maharashtra,"Thane, Palghar, Mumbai Suburban",Vaitarna,2023-04-23 07:00:00+00
news_reports,Tamil Nadu,Kancheepuram,Palar,2015-04-25 18:30:00+00
news_reports,Tamil Nadu,"Vellore, Tirupathur",Palar,2021-10-01 18:30:00+00
news_reports,Tamil Nadu,Dindigul,Vaigai,2020-03-03 18:30:00+00
news_reports,West Bengal,Purba Bardhaman,Damodar,2015-06-23 22:00:00+00
news_reports,Haryana,Yamunanagar,Yamuna,2019-06-20 22:00:00+00
news_reports,Andhra Pradesh,Krishna,"Krishna, Godavari",2019-04-07 22:00:00+00
news_reports,Tamil Nadu,Coimbatore,Noyyal,2019-07-02 18:30:00+00
news_reports,Tamil Nadu,Vellore,"Palar, Malattar, Kaundanyna",2023-05-15 18:30:00+00
news_reports,Maharashtra,Palghar,Vaitarna,2023-11-09 08:00:00+00
news_reports,Maharashtra,"Akola, Amravati, Aurangabad, Bhandara, Bid, Ahmadnagar, Buldana, Chandrapur, Dhule, Gadchiroli, Hingoli, Jalgaon, Jalna, Kolhapur, Latur, Gondiya, Mumbai, Mumbai Suburban, Nagpur, Nanded, Nandurbar, Nashik, Osmanabad, Parbhani, Pune, Raigarh, Satara, Sindhudurg, Solapur, Thane, Sangli, Wardha, Ratnagiri, Washim, Yavatmal, Palghar",N/A,2024-02-16 08:00:00+00
news_reports,Maharashtra,"Bhandara, Bid, Buldana, Chandrapur, Dhule, Aurangabad, Gadchiroli, Gondiya, Hingoli, Jalgaon, Amravati, Jalna, Kolhapur, Latur, Mumbai, Akola, Mumbai Suburban, Nandurbar, Nashik, Nanded, Osmanabad, Parbhani, Pune, Raigarh, Nagpur, Ratnagiri, Sangli, Satara, Sindhudurg, Ahmadnagar, Solapur, Thane, Wardha, Washim, Yavatmal, Palghar",N/A,2015-06-25 07:00:00+00
news_reports,Odisha,Jagatsinghapur,Mahanadi,2020-08-23 18:30:00+00
news_reports,Odisha,Cuttack,Mahanadi,2021-12-29 18:30:00+00
news_reports,Goa,North Goa,Terekhol / Tiracol,2024-02-02 18:30:00+00
news_reports,Maharashtra,Bhandara,N/A,2020-03-08 08:00:00+00
news_reports,Goa,South Goa,Zuari,2024-02-05 18:30:00+00
news_reports,Odisha,Jagatsinghapur,"Mahanadi, Devi, Chitrotopla, Paika",2018-02-02 18:30:00+00
news_reports,Maharashtra,Akola,N/A,2018-09-26 07:00:00+00
news_reports,Odisha,Bargarh,Mahanadi,2022-01-26 18:30:00+00
news_reports,Odisha,Cuttack,Mahanadi,2022-03-05 18:30:00+00
news_reports,Madhya Pradesh,Shahdol,N/A,2024-05-06 18:30:00+00
news_reports,Odisha,"Anugul, Baleshwar, Baudh, Bhadrak, Jagatsinghapur, Jharsuguda, Kalahandi, Kendrapara, Khordha, Malkangiri, Mayurbhanj, Nabarangapur, Nuapada, Puri, Rayagada, Balangir, Bargarh, Cuttack, Debagarh, Dhenkanal, Gajapati, Ganjam, Jajapur, Kandhamal, Kendujhar, Koraput, Nayagarh, Sambalpur, Sundargarh, Subarnapur (Sonepur)",N/A,2021-09-04 18:30:00+00
news_reports,Maharashtra,Akola,N/A,2024-01-09 08:00:00+00
news_reports,Maharashtra,"Bhandara, Nagpur","Wainganga, Sur",2013-11-05 08:00:00+00
news_reports,Odisha,Jagatsinghapur,"Mahanadi, Devi, Chitrotopla",2014-06-07 18:30:00+00
news_reports,Maharashtra,"Chandrapur, Nagpur, Wardha, Ahmadnagar, Nashik, Hingoli, Bhandara","Wardha, Uma, Andhari, Wainganga, Erai, Zarpat/Jharpat",2023-06-11 07:00:00+00
news_reports,Madhya Pradesh,Shahdol,N/A,2024-05-16 18:30:00+00
news_reports,Uttar Pradesh,Shamli,Yamuna,2024-05-17 18:30:00+00
news_reports,Maharashtra,"Nagpur, Nanded, Yavatmal",Painganga,2015-11-28 18:30:00+00
news_reports,Goa,"North Goa, South Goa","Mandovi, Zuari",2022-12-03 18:30:00+00
news_reports,Maharashtra,Nagpur,N/A,2015-05-11 18:30:00+00
news_reports,Maharashtra,Akola,"Purna, Katepurna, Morna, Maan, Mahesh, Wan/Vaan",2018-05-26 07:00:00+00
news_reports,Maharashtra,Akola,N/A,2018-05-06 07:00:00+00
news_reports,Maharashtra,"Gadchiroli, Nagpur, Osmanabad, Yavatmal, Wardha, Gondiya, Chandrapur",N/A,2020-06-05 07:00:00+00
news_reports,Odisha,"Cuttack, Kendrapara",Mahanadi,2020-08-19 18:30:00+00
news_reports,Tamil Nadu,Karur,Kaveri,2016-10-13 18:30:00+00
news_reports,Uttarakhand,Nainital,"Gaula , Dabka, Kosi (UK/UP)",2018-04-03 18:30:00+00
news_reports,Uttar Pradesh,"Jalaun, Hamirpur",Betwa,2016-11-01 18:30:00+00
news_reports,Karnataka,"Dakshina Kannada, Udupi",N/A,2016-08-02 18:30:00+00
news_reports,Bihar,Banka,N/A,2019-10-24 18:30:00+00
news_reports,Maharashtra,Nagpur,"Pench, Kanhan",2020-06-10 07:00:00+00
news_reports,Bihar,Banka,Chandan,2020-01-01 18:30:00+00
news_reports,Odisha,Anugul,Mahanadi,2021-07-05 18:30:00+00
news_reports,Maharashtra,"Amravati, Buldana, Chandrapur, Jalgaon, Jalna, Bhandara, Kolhapur, Mumbai, Mumbai Suburban, Akola, Nagpur, Solapur, Thane, Washim, Raigarh, Yavatmal, Ahmadnagar, Aurangabad, Pune, Bid, Dhule, Hingoli, Latur, Nandurbar, Gondiya, Nashik, Osmanabad, Parbhani, Ratnagiri, Gadchiroli, Sangli, Nanded, Palghar, Satara, Sindhudurg, Wardha",N/A,2021-03-22 07:00:00+00
news_reports,Maharashtra,Nagpur,N/A,2022-11-22 08:00:00+00
news_reports,"Maharashtra, Madhya Pradesh","Nagpur, Narsimhapur",N/A,2022-11-10 08:00:00+00
news_reports,Maharashtra,Nagpur,N/A,2020-07-22 07:00:00+00
news_reports,Maharashtra,Buldana,Purna,2023-10-11 07:00:00+00
news_reports,Odisha,Cuttack,Mahanadi,2022-03-06 18:30:00+00
news_reports,Bihar,Banka,N/A,2020-06-19 18:30:00+00
news_reports,Bihar,"Banka, Rohtas, Patna, Bhojpur","Chandan, Sone",2022-12-17 18:30:00+00
news_reports,Odisha,Cuttack,Mahanadi,2021-01-10 18:30:00+00
news_reports,Odisha,Jagatsinghapur,"Mahanadi, Devi, Chitrotopla",2020-04-28 18:30:00+00
news_reports,Maharashtra,Chandrapur,Erai,2011-06-21 07:00:00+00
news_reports,Andhra Pradesh,Chittoor,Swarnamukhi,2017-04-21 18:30:00+00
news_reports,Maharashtra,"Nagpur, Aurangabad, Osmanabad, Gadchiroli, Chandrapur, Wardha, Gondiya, Yavatmal, Akola, Amravati",N/A,2020-06-09 07:00:00+00
news_reports,Odisha,Jagatsinghapur,Mahanadi,2017-02-21 18:30:00+00
news_reports,Odisha,Kendrapara,Mahanadi,2022-12-09 18:30:00+00
news_reports,Odisha,Jagatsinghapur,"Mahanadi, Paika, Chitrotopla",2019-11-17 18:30:00+00
news_reports,Odisha,Jagatsinghapur,Mahanadi,2020-02-23 18:30:00+00
news_reports,Andhra Pradesh,"Krishna, Guntur, Dr. B. R. Ambedkar Konaseema / Konaseema","Godavari, Krishna",2024-02-22 18:30:00+00
news_reports,Odisha,Cuttack,"Mahanadi, Luna, Birupa, Chitrotopla",2022-08-19 18:30:00+00
news_reports,Odisha,"Baleshwar, Cuttack, Kendrapara","Mahanadi, Subarnarekha",2020-08-19 18:30:00+00
news_reports,Odisha,Cuttack,"Mahanadi, Devi, Kathajodi, Luna, Chitrotopla, Birupa",2020-04-06 18:30:00+00
news_reports,Gujarat,Surat,Tapi,2012-07-03 18:30:00+00
news_reports,Odisha,Cuttack,"Mahanadi, Kathajodi, Birupa, Chitrotopla, Luna",2022-06-28 18:30:00+00
news_reports,Maharashtra,Amravati,N/A,2023-12-31 08:00:00+00
news_reports,Maharashtra,Amravati,N/A,2024-01-10 08:00:00+00
news_reports,Maharashtra,"Nagpur, Ahmadnagar, Akola, Amravati, Aurangabad, Bhandara, Bid, Buldana, Chandrapur, Dhule, Gadchiroli, Gondiya, Hingoli, Jalgaon, Jalna, Kolhapur, Latur, Mumbai, Mumbai Suburban, Nanded, Nandurbar, Nashik, Osmanabad, Parbhani, Pune, Raigarh, Ratnagiri, Sangli, Satara, Sindhudurg, Solapur, Thane, Wardha, Washim, Yavatmal, Palghar",N/A,2023-06-10 07:00:00+00
news_reports,Maharashtra,"Akola, Bhandara, Buldana, Chandrapur, Jalgaon, Kolhapur, Mumbai, Mumbai Suburban, Nagpur, Jalna, Nanded, Pune, Raigarh, Washim, Thane, Yavatmal, Ahmadnagar, Amravati, Aurangabad, Solapur, Bid, Dhule, Gadchiroli, Latur, Hingoli, Nandurbar, Nashik, Osmanabad, Parbhani, Gondiya, Ratnagiri, Sangli, Sindhudurg, Satara, Wardha, Palghar",N/A,2024-02-18 08:00:00+00
news_reports,Maharashtra,Raigad,Savitri,2022-03-21 07:00:00+00
news_reports,Tamil Nadu,"Vellore, Tiruchirappalli, Ariyalur, Karur, Thanjavur",N/A,2024-02-27 18:30:00+00
news_reports,Madhya Pradesh,"Sheopur, Morena",Chambal,2020-11-29 18:30:00+00
news_reports,Uttar Pradesh,Kanpur Nagar,Ganga,2022-05-30 18:30:00+00
news_reports,Gujarat,Rajkot,N/A,2020-06-22 18:30:00+00
news_reports,"Maharashtra, Karnataka","Pune, Bijapur, Solapur",Bhima,2024-04-08 07:00:00+00
news_reports,Maharashtra,Ahmadnagar,"Mula, Pravara",2018-05-22 18:30:00+00
news_reports,Uttar Pradesh,Kanpur Dehat,Yamuna,2017-06-19 18:30:00+00
news_reports,Rajasthan,Bundi,"Chambal, Banas",2024-04-17 18:30:00+00
news_reports,Maharashtra,"Bhandara, Buldhana, Chandrapur, Jalgaon, Jalna, Akola, Kolhapur, Mumbai, Mumbai Suburban, Nagpur, Thane, Washim, Yavatmal, Ahmadnagar, Amravati, Solapur, Chhatrapati Sambhajinagar (Aurangabad), Beed, Raigad, Dhule, Gadchiroli, Gondia, Hingoli, Pune, Latur, Nandurbar, Nashik, Dharashiv (Osmanabad), Nanded, Parbhani, Ratnagiri, Sangli, Sindhudurg, Wardha, Palghar, Satara",N/A,2022-11-23 08:00:00+00
news_reports,Madhya Pradesh,Barwani,Narmada,2017-01-20 18:30:00+00
news_reports,Uttar Pradesh,Kanpur Nagar,N/A,2021-02-05 18:30:00+00
news_reports,"Uttarakhand, Himachal Pradesh","Uttarkashi, Udham Singh Nagar, Tehri Garhwal, Rudraprayag, Nainital, Hardwar, Garhwal, Dehradun, Champawat, Bageshwar, Almora, Una, Solan, Sirmaur, Mandi, Lahaul & Spiti, Kullu, Kinnaur, Kangra, Chamba, Bilaspur, Hamirpur, Shimla, Chamoli, Pithoragarh","Yamuna, Ganga, Song",2020-05-17 18:30:00+00
news_reports,Uttar Pradesh,Banda,Ken,2019-05-14 18:30:00+00
news_reports,Uttar Pradesh,Jhansi,Dhasan,2024-02-15 18:30:00+00
news_reports,Andhra Pradesh,"Khammam, Krishna","Munneru, Krishna",2023-11-15 18:30:00+00
news_reports,N/A,N/A,Chambal,2024-06-08 18:30:00+00
news_reports,Uttar Pradesh,Hardoi,Ganga,2024-06-12 18:30:00+00
news_reports,Maharashtra,Chhatrapati Sambhajinagar (Aurangabad),N/A,2013-12-14 18:30:00+00
news_reports,Uttar Pradesh,Banda,"Ken, Bagen, Yamuna",2018-12-07 18:30:00+00
news_reports,Uttar Pradesh,Kanpur Nagar,Ganga,2020-11-12 18:30:00+00
news_reports,Uttar Pradesh,Banda,Ken,2017-02-17 18:30:00+00
news_reports,Uttar Pradesh,Banda,Ken,2020-06-06 18:30:00+00
news_reports,Gujarat,"Ahmadabad, Vadodara, Surat","Mahi, Narmada",2024-06-04 18:30:00+00
news_reports,Gujarat,Surat,Tapi,2020-03-03 18:30:00+00
news_reports,Haryana,Nuh,N/A,2023-12-18 18:30:00+00
news_reports,Bihar,Aurangabad,N/A,2024-06-09 18:30:00+00
news_reports,Madhya Pradesh,Bhind,N/A,2018-03-27 18:30:00+00
news_reports,"Maharashtra, Gujarat","Pune, Solapur",Bhima,2020-01-15 18:30:00+00
news_reports,Gujarat,Bhavnagar,N/A,2021-05-28 18:30:00+00
news_reports,Uttar Pradesh,Banda,N/A,2018-05-30 18:30:00+00
news_reports,Gujarat,Surat,N/A,2024-06-11 18:30:00+00
news_reports,Uttar Pradesh,"Jalaun, Hamirpur",Betwa,2016-06-06 18:30:00+00
news_reports,Uttar Pradesh,Hamirpur,N/A,2019-06-02 18:30:00+00
news_reports,Uttar Pradesh,Hamirpur,N/A,2021-02-08 18:30:00+00
news_reports,West Bengal,"Darjeeling, Jhargram",N/A,2024-06-10 18:30:00+00
news_reports,Uttar Pradesh,Hamirpur,N/A,2019-01-15 18:30:00+00
news_reports,Gujarat,"Kachchh, Ahmadabad, Amreli, Anand, Banas Kantha, Bharuch, Bhavnagar, Dohad, Gandhinagar, Jamnagar, Junagadh, Kheda, Mahesana, Narmada, Navsari, Panch Mahals, Porbandar, Rajkot, Sabar Kantha, Patan, Surat, Surendranagar, Vadodara, Tapi, Valsad, Dang",N/A,2015-03-03 18:30:00+00
news_reports,Gujarat,Vadodara,Bharaj,2023-07-31 18:30:00+00
news_reports,Madhya Pradesh,"Balaghat, Bhind, Khargone (West Nimar)",Narmada,2021-09-28 18:30:00+00
news_reports,Madhya Pradesh,Balaghat,N/A,2024-01-08 18:30:00+00
news_reports,Madhya Pradesh,Shahdol,Sone,2024-05-05 18:30:00+00
news_reports,Uttar Pradesh,Banda,Ken,2021-06-17 18:30:00+00
news_reports,Madhya Pradesh,Datia,"Sindh, Betwa, Chambal, Parbati (Chambal), Yamuna",2022-04-25 18:30:00+00
news_reports,Madhya Pradesh,"Barwani, Dhar, Alirajpur, Khargone (West Nimar)",Narmada,2015-07-03 18:30:00+00
news_reports,Uttar Pradesh,"Jhansi, Jalaun, Hamirpur, Banda","Betwa, Ken",2015-04-25 18:30:00+00
news_reports,Uttar Pradesh,Jalaun,Betwa,2013-08-10 18:30:00+00
news_reports,Uttar Pradesh,Jalaun,N/A,2022-04-18 18:30:00+00
news_reports,Madhya Pradesh,"Morena, Gwalior",Chambal,2024-05-21 18:30:00+00
news_reports,Madhya Pradesh,Morena,Chambal,2024-05-24 18:30:00+00
news_reports,Madhya Pradesh,Morena,Chambal,2024-04-09 18:30:00+00
news_reports,Madhya Pradesh,Morena,Chambal,2024-03-17 18:30:00+00
news_reports,Madhya Pradesh,Morena,Chambal,2024-06-08 18:30:00+00
news_reports,Madhya Pradesh,Morena,Chambal,2024-02-03 18:30:00+00
news_reports,Madhya Pradesh,"Mandsaur, Neemuch",Chambal,2024-03-30 18:30:00+00
news_reports,Gujarat,"Ahmadabad, Sabar Kantha, Surendranagar, Mahesana, Gandhinagar, Anand",N/A,2016-10-03 18:30:00+00
news_reports,Gujarat,Kachchh,Bhukhi,2023-10-30 18:30:00+00
news_reports,Tamil Nadu,"Pudukkottai, Virudhunagar, Salem, Vellore, Coimbatore",N/A,2024-06-18 18:30:00+00
news_reports,Madhya Pradesh,Khargone (West Nimar),Narmada,2022-10-16 18:30:00+00
news_reports,Madhya Pradesh,"Alirajpur, Anuppur, Ashoknagar, Balaghat, Barwani, Betul, Bhind, Bhopal, Burhanpur, Chhatarpur, Chhindwara, Damoh, Datia, Dewas, Dhar, Dindori, Guna, Gwalior, Harda, Indore, Jabalpur, Jhabua, Katni, Mandla, Mandsaur, Morena, Narsimhapur, Neemuch, Panna, Raisen, Rajgarh, Ratlam, Rewa, Sagar, Satna, Sehore, Seoni, Shahdol, Shajapur, Sheopur, Shivpuri, Sidhi, Singrauli, Tikamgarh, Ujjain, Umaria, Vidisha, Niwari, Pandhurna, Mauganj, Maihar, Agar-Malwa, Khandwa (East Nimar), Narmadapuram, Khargone (West Nimar)",N/A,2019-10-04 18:30:00+00
news_reports,Gujarat,Junagadh,Shetrunji,2015-05-07 18:30:00+00
news_reports,"Uttar Pradesh, Bihar","Farrukhabad, Aurangabad, Begusarai, Jamui",N/A,2024-06-10 18:30:00+00
news_reports,Uttar Pradesh,"Faizabad, Gonda",N/A,2017-05-16 18:30:00+00
news_reports,"Uttar Pradesh, Madhya Pradesh","Banda, Chhatarpur, Panna, Tikamgarh, Mahoba, Jhansi","Ken, Betwa",2016-11-28 18:30:00+00
news_reports,Uttar Pradesh,"Agra, Aligarh, Allahabad, Ambedkar Nagar, Auraiya, Azamgarh, Baghpat, Bahraich, Ballia, Balrampur, Banda, Bara Banki, Bareilly, Basti, Bijnor, Bulandshahr, Chandauli, Chitrakoot, Deoria, Etah, Budaun, Etawah, Faizabad, Farrukhabad, Fatehpur, Firozabad, Gautam Buddha Nagar, Ghaziabad, Ghazipur, Gonda, Gorakhpur, Hamirpur, Hardoi, Hathras (Mahamaya Nagar), Jaunpur, Jhansi, Jyotiba Phule Nagar, Jalaun, Kannauj, Kanpur Dehat, Kanpur Nagar, Kanshiram Nagar, Kaushambi, Kheri, Kushinagar, Lalitpur, Lucknow, Mahrajganj, Mahoba, Mainpuri, Mathura, Mau, Meerut, Mirzapur, Moradabad, Muzaffarnagar, Pilibhit, Pratapgarh, Rae Bareli, Rampur, Saharanpur, Sant Kabir Nagar, Sant Ravidas Nagar (Bhadohi), Shrawasti, Siddharthnagar, Sitapur, Shahjahanpur, Sonbhadra, Sultanpur, Unnao, Varanasi, Shamli",N/A,2023-10-20 18:30:00+00
news_reports,Gujarat,Kachchh,N/A,2022-10-06 18:30:00+00
news_reports,Uttar Pradesh,Mahoba,Virma,2022-01-25 18:30:00+00
news_reports,Gujarat,Banas Kantha,Banas,2022-06-02 18:30:00+00
news_reports,Madhya Pradesh,"Dhar, Barwani, Alirajpur, Khargone (West Nimar)",Narmada,2016-02-04 18:30:00+00
news_reports,Madhya Pradesh,"Dhar, Barwani",Narmada,2015-05-13 18:30:00+00
news_reports,Madhya Pradesh,"Dhar, Barwani",Narmada,2014-08-22 18:30:00+00
news_reports,Madhya Pradesh,Datia,Sindh,2014-05-15 18:30:00+00
news_reports,Madhya Pradesh,Datia,Sindh,2023-12-17 18:30:00+00
news_reports,Madhya Pradesh,"Panna, Chhatarpur",Ken,2019-05-27 18:30:00+00
news_reports,Madhya Pradesh,Panna,Ken,2015-05-29 18:30:00+00
news_reports,"Madhya Pradesh, Uttar Pradesh","Chhatarpur, Panna, Mahoba","Dhasan, Ken",2019-06-01 18:30:00+00
news_reports,Gujarat,"Ahmadabad, Amreli, Anand, Banas Kantha, Bharuch, Bhavnagar, Dohad, Gandhinagar, Jamnagar, Junagadh, Kachchh, Kheda, Mahesana, Narmada, Navsari, Panch Mahals, Patan, Porbandar, Rajkot, Sabar Kantha, Surendranagar, Surat, Vadodara, Valsad, Tapi, Devbhumi Dwarka",N/A,2015-09-05 18:30:00+00
news_reports,Bihar,"Araria, Aurangabad, Banka, Begusarai, Bhagalpur, Bhojpur, Buxar, Darbhanga, Gaya, Gopalganj, Jamui, Katihar, Khagaria, Kishanganj, Lakhisarai, Madhepura, Madhubani, Munger, Nalanda, Muzaffarpur, Nawada, Pashchim Champaran, Patna, Purnia, Rohtas, Saharsa, Samastipur, Saran, Sheikhpura, Sheohar, Sitamarhi, Siwan, Supaul, Vaishali, Arwal, Jehanabad, Kaimur (Bhabua), Purbi Champaran",N/A,2024-06-19 18:30:00+00
news_reports,Gujarat,"Ahmadabad, Amreli, Banas Kantha, Jamnagar, Mahesana, Narmada, Navsari, Panch Mahals, Porbandar, Rajkot, Sabar Kantha, Surat, Valsad, Anand, Bharuch, Bhavnagar, Dahod, Gandhinagar, Junagadh, Kachchh, Kheda, Patan, Surendranagar, Dang, Vadodara, Tapi, Devbhumi Dwarka, Arvalli, Chhotaudepur, Botad","Sabarmati, Orsang, Tapi, Bhadar",2018-05-21 18:30:00+00
news_reports,Madhya Pradesh,"Datia, Bhind, Jabalpur",N/A,2019-08-29 18:30:00+00
news_reports,Gujarat,Vadodara,N/A,2021-10-14 18:30:00+00
news_reports,Uttar Pradesh,Deoria,Chhoti Gandak,2024-06-21 18:30:00+00
news_reports,Uttar Pradesh,Etawah,N/A,2024-06-14 18:30:00+00
news_reports,Jharkhand,Garhwa,Danro,2024-06-17 18:30:00+00
news_reports,Jharkhand,Dumka,Nunbil,2024-06-10 18:30:00+00
news_reports,Uttar Pradesh,Jhansi,N/A,2023-07-02 18:30:00+00
news_reports,Gujarat,Tapi,Tapi,2013-03-26 18:30:00+00
news_reports,Gujarat,Surat,Tapi,2011-06-17 18:30:00+00
news_reports,Maharashtra,Sindhudurg,Gad,2022-07-26 18:30:00+00
news_reports,Jharkhand,"Bokaro, Chatra, Deoghar, Dhanbad, Dumka, Garhwa, Giridih, Godda, Gumla, Hazaribagh, Jamtara, Khunti, Latehar, Lohardaga, Pakur, Palamu, Ramgarh, Ranchi, Saraikela-kharsawan, Simdega, Koderma, West Singhbum, East Singhbum, Sahebganj",N/A,2024-06-24 18:30:00+00
news_reports,Jharkhand,Bokaro,N/A,2024-04-26 18:30:00+00
news_reports,"Madhya Pradesh, Uttar Pradesh","Chhatarpur, Panna, Banda",Ken,2019-03-01 18:30:00+00
news_reports,Uttar Pradesh,"Lalitpur, Jhansi, Jalaun, Hamirpur","Betwa, Ken, Yamuna, Bagen",2021-09-02 18:30:00+00
news_reports,Gujarat,Tapi,N/A,2021-01-30 18:30:00+00
news_reports,Jharkhand,"Dhanbad, Giridih, Bokaro, Latehar, Palamu, Chatra, Hazaribagh, Ramgarh, Gumla, Koderma",N/A,2024-02-25 18:30:00+00
news_reports,Gujarat,Gandhinagar,Goma,2021-08-04 18:30:00+00
news_reports,Jharkhand,"Dhanbad, Bokaro, Giridih, Latehar, Palamu, Chatra, Hazaribagh, Ramgarh, Gumla, Garhwa, Ranchi, Koderma","Barakar, Damodar, Auranga, Sankh, Koel, Gawai, Usri, Rampur, Amanat, Kanhar",2023-09-08 18:30:00+00
news_reports,Gujarat,"Kachchh, Surendranagar, Chhotaudepur, Ahmedabad, Amreli, Banas Kantha, Jamnagar, Mahesana, Narmada, Navsari, Panch Mahals, Porbandar, Rajkot, Sabar Kantha, Surat, Bhavnagar, Dahod, Gandhinagar, Junagadh, Kheda, Patan, Dang, Vadodara, Tapi, Botad, Devbhumi Dwarka, Bharuch, Valsad, Anand, Arvalli, Gir Somnath, Mahisagar, Morbi",Sabarmati,2022-01-16 18:30:00+00
news_reports,Karnataka,Raichur,Krishna,2022-05-22 18:30:00+00
news_reports,Madhya Pradesh,Chhatarpur,Dhasan,2023-02-09 18:30:00+00
news_reports,Madhya Pradesh,"Bhind, Chhatarpur","Narmada, Chambal, Betwa, Sone, Tapi",2018-10-18 18:30:00+00
news_reports,Goa,"North Goa, South Goa","Chapora, Mandovi, Terekhol / Tiracol",2024-06-17 18:30:00+00
news_reports,Goa,"North Goa, South Goa","Chapora, Mandovi, Zuari",2024-06-25 18:30:00+00
news_reports,Maharashtra,Pune,Mula-Mutha,2020-12-14 18:30:00+00
news_reports,Maharashtra,"Akola, Bhandara, Buldhana, Chandrapur, Jalgaon, Jalna, Kolhapur, Mumbai, Mumbai Suburban, Nagpur, Nanded, Pune, Raigad, Solapur, Thane, Washim, Yavatmal, Ahmadnagar, Amravati, Chhatrapati Sambhajinagar (Aurangabad), Beed, Dhule, Gadchiroli, Gondia, Hingoli, Latur, Nandurbar, Nashik, Dharashiv (Osmanabad), Parbhani, Ratnagiri, Sangli, Satara, Sindhudurg, Wardha, Palghar",N/A,2024-02-15 18:30:00+00
news_reports,Goa,South Goa,Mandovi,2024-05-21 18:15:00+00
news_reports,Goa,"North Goa, South Goa",Chapora,2024-03-23 18:30:00+00
news_reports,Gujarat,Surat,Tapi,2017-03-08 18:30:00+00
news_reports,Gujarat,"Navsari, Valsad, Surat",Ambika,2023-12-26 23:00:00+00
news_reports,Maharashtra,"Akola, Bhandara, Buldhana, Chandrapur, Jalgaon, Jalna, Kolhapur, Mumbai, Mumbai Suburban, Nagpur, Nanded, Pune, Raigad, Solapur, Thane, Washim, Yavatmal, Ahmadnagar, Amravati, Chhatrapati Sambhajinagar (Aurangabad), Beed, Dhule, Gadchiroli, Gondia, Hingoli, Latur, Nandurbar, Nashik, Dharashiv (Osmanabad), Parbhani, Ratnagiri, Sangli, Satara, Sindhudurg, Wardha, Palghar",N/A,2022-01-20 18:30:00+00
news_reports,Maharashtra,"Nashik, Jalgaon, Thane, Raigad, Sindhudurg, Ratnagiri",N/A,2013-08-10 18:30:00+00
news_reports,Goa,"South Goa, North Goa","Mandovi, Chapora, Zuari",2024-06-23 22:00:00+00
news_reports,Maharashtra,"Raigad, Ratnagiri, Thane, Sindhudurg",N/A,2017-02-07 18:30:00+00
news_reports,Gujarat,Navsari,N/A,2020-05-27 18:30:00+00
news_reports,"Maharashtra, Gujarat, Goa","Thane, Ratnagiri, Raigad, Sindhudurg",N/A,2014-02-08 18:30:00+00
news_reports,Maharashtra,"Akola, Bhandara, Buldhana, Chandrapur, Jalgaon, Jalna, Kolhapur, Mumbai, Mumbai Suburban, Nagpur, Nanded, Pune, Raigad, Solapur, Thane, Washim, Yavatmal, Ahmadnagar, Amravati, Chhatrapati Sambhajinagar (Aurangabad), Beed, Dhule, Gadchiroli, Gondia, Hingoli, Latur, Nandurbar, Nashik, Dharashiv (Osmanabad), Parbhani, Ratnagiri, Sangli, Satara, Sindhudurg, Wardha, Palghar",N/A,2016-02-24 18:30:00+00
news_reports,Maharashtra,"Akola, Bhandara, Buldhana, Chandrapur, Jalgaon, Jalna, Kolhapur, Mumbai, Mumbai Suburban, Nagpur, Nanded, Pune, Raigad, Thane, Solapur, Washim, Yavatmal, Ahmadnagar, Amravati, Chhatrapati Sambhajinagar (Aurangabad), Beed, Dhule, Gadchiroli, Gondia, Hingoli, Latur, Nandurbar, Nashik, Dharashiv (Osmanabad), Parbhani, Ratnagiri, Sangli, Satara, Sindhudurg, Wardha, Palghar",N/A,2012-04-03 18:30:00+00
news_reports,Maharashtra,Palghar,Vaitarna,2024-05-25 18:30:00+00
news_reports,Maharashtra,Pune,N/A,2023-02-09 18:30:00+00
news_reports,Goa,North Goa,N/A,2023-12-06 18:30:00+00
news_reports,Goa,"North Goa, South Goa","Zuari, Terekhol / Tiracol, Uguem, Mandovi",2024-02-11 18:30:00+00
news_reports,Maharashtra,"Raigad, Ratnagiri",Bankot Creek,2010-11-30 18:30:00+00
news_reports,Maharashtra,Parbhani,Purna,2014-06-04 18:30:00+00
news_reports,Gujarat,"Ahmedabad, Amreli, Banas Kantha, Jamnagar, Mahesana, Narmada, Navsari, Panch Mahals, Porbandar, Rajkot, Sabar Kantha, Surat, Valsad, Anand, Bharuch, Bhavnagar, Dahod, Gandhinagar, Junagadh, Kachchh, Kheda, Patan, Surendranagar, Dang, Vadodara, Tapi, Devbhumi Dwarka, Botad, Arvalli, Chhotaudepur, Gir Somnath, Mahisagar, Morbi","Sabarmati, Tapi, Orsang, Bhadar",2018-05-21 18:30:00+00
news_reports,Maharashtra,Buldhana,Purna,2024-05-17 18:30:00+00
news_reports,Gujarat,"Ahmedabad, Gandhinagar","Orsang, Tapi, Sabarmati, Narmada",2017-08-24 18:30:00+00
news_reports,Goa,"North Goa, South Goa","Khandepar, Chapora, Terekhol / Tiracol",2023-04-02 18:30:00+00
news_reports,Gujarat,Ahmedabad,Sabarmati,2013-09-05 22:00:00+00
news_reports,Maharashtra,Ahmadnagar,Mula,2021-03-16 18:30:00+00
news_reports,Gujarat,"Junagadh, Rajkot, Ahmedabad, Chhotaudepur","Bhadar, Orsang, Ozat, Sabarmati, Narmada, Mahi",2019-01-30 18:30:00+00
news_reports,Goa,"North Goa, South Goa","Terekhol / Tiracol, Zuari",2024-02-07 23:00:00+00
news_reports,Maharashtra,Pune,Indrayani,2021-03-20 18:30:00+00
news_reports,Goa,"North Goa, South Goa",Terekhol / Tiracol,2023-12-30 18:30:00+00
news_reports,Maharashtra,Thane,Thane Creek,2024-06-26 18:30:00+00
news_reports,Gujarat,"Chhotaudepur, Rajkot, Jamnagar, Gandhinagar, Kachchh, Surat, Ahmedabad, Sabar Kantha, Surendranagar, Gir Somnath","Sabarmati, Und (Gujarat), Narmada, Adhoi, Bhadar, Shetrunji, Orsang",2020-01-03 18:30:00+00
news_reports,Goa,"North Goa, South Goa",N/A,2023-12-30 18:30:00+00
news_reports,Maharashtra,Palghar,Vaitarna,2018-04-15 21:00:00+00
news_reports,Goa,South Goa,N/A,2024-02-09 18:15:00+00
news_reports,Goa,"North Goa, South Goa","Chapora, Mandovi, Terekhol / Tiracol",2021-10-19 18:30:00+00
news_reports,Gujarat,Chhotaudepur,"Narmada, Orsang",2019-01-03 18:30:00+00
news_reports,Gujarat,Vadodara,Mahi,2024-05-15 18:30:00+00
news_reports,Maharashtra,"Akola, Bhandara, Buldhana, Chandrapur, Jalgaon, Jalna, Kolhapur, Mumbai, Nagpur, Mumbai Suburban, Nanded, Raigad, Pune, Solapur, Thane, Washim, Yavatmal, Ahmadnagar, Amravati, Chhatrapati Sambhajinagar (Aurangabad), Beed, Dhule, Gadchiroli, Gondia, Hingoli, Latur, Nandurbar, Nashik, Dharashiv (Osmanabad), Parbhani, Ratnagiri, Sangli, Satara, Sindhudurg, Wardha, Palghar",N/A,2023-04-06 18:30:00+00
news_reports,Gujarat,"Surat, Navsari, Ahmedabad, Vadodara","Mahi, Sabarmati, Tapi, Purna, Ambika",2016-12-15 18:30:00+00
news_reports,Gujarat,"Ahmedabad, Mahesana",N/A,2012-07-24 18:30:00+00
news_reports,Goa,North Goa,Terekhol / Tiracol,2022-06-27 18:30:00+00
news_reports,Gujarat,Vadodara,Narmada,2024-01-24 18:30:00+00
news_reports,Goa,South Goa,N/A,2024-01-10 18:30:00+00
news_reports,Goa,"South Goa, North Goa",N/A,2023-07-06 22:00:00+00
news_reports,Maharashtra,"Kolhapur, Sangli","Nandini, Bor, Agrani, Korda/Korada, Man",2021-01-11 18:30:00+00
news_reports,Goa,"North Goa, South Goa",N/A,2023-04-12 18:30:00+00
news_reports,Maharashtra,Solapur,N/A,2016-04-11 18:30:00+00
news_reports,Goa,"North Goa, South Goa",N/A,2022-01-15 18:30:00+00
news_reports,Gujarat,"Sabar Kantha, Kheda",N/A,2017-07-06 18:30:00+00
news_reports,Goa,"North Goa, South Goa","Mandovi, Chapora, Zuari",2022-12-03 23:00:00+00
news_reports,Maharashtra,"Akola, Bhandara, Buldhana, Chandrapur, Jalgaon, Jalna, Kolhapur, Mumbai, Mumbai Suburban, Nagpur, Nanded, Pune, Raigad, Solapur, Thane, Washim, Yavatmal, Ahmadnagar, Amravati, Chhatrapati Sambhajinagar (Aurangabad), Beed, Dhule, Gadchiroli, Gondia, Hingoli, Latur, Nandurbar, Nashik, Dharashiv (Osmanabad), Parbhani, Ratnagiri, Sangli, Satara, Sindhudurg, Wardha, Palghar",N/A,2022-01-29 18:30:00+00
news_reports,N/A,N/A,"Narmada, Chambal, Betwa, Bharathapuzha",2023-02-08 18:30:00+00
news_reports,Maharashtra,Chhatrapati Sambhajinagar (Aurangabad),"Godavari, Purna, Shivna, Anjana, Gandhari",2009-02-28 18:30:00+00
news_reports,Gujarat,Surat,Tapi,2017-05-25 18:30:00+00
news_reports,Goa,South Goa,Ragada,2023-04-03 18:30:00+00
news_reports,Goa,"North Goa, South Goa",N/A,2023-11-29 23:00:00+00
news_reports,Maharashtra,"Akola, Bhandara, Buldhana, Chandrapur, Jalgaon, Jalna, Kolhapur, Mumbai, Mumbai Suburban, Nagpur, Nanded, Pune, Raigad, Solapur, Thane, Washim, Yavatmal, Ahmadnagar, Amravati, Chhatrapati Sambhajinagar (Aurangabad), Beed, Dhule, Gadchiroli, Gondia, Hingoli, Latur, Nandurbar, Nashik, Dharashiv (Osmanabad), Parbhani, Ratnagiri, Sangli, Satara, Sindhudurg, Wardha, Palghar",N/A,2024-02-15 18:30:00+00
news_reports,Goa,"North Goa, South Goa",N/A,2022-09-07 18:30:00+00
news_reports,Goa,"North Goa, South Goa","Mandovi, Terekhol / Tiracol, Chapora",2021-11-13 18:30:00+00
news_reports,Maharashtra,Ahmadnagar,N/A,2022-05-28 18:30:00+00
news_reports,Goa,"North Goa, South Goa",N/A,2022-09-27 18:15:00+00
news_reports,Uttar Pradesh,"Agra, Ambedkar Nagar, Azamgarh, Baghpat, Balrampur, Bara Banki, Chitrakoot, Deoria, Etah, Faizabad, Basti, Fatehpur, Ghaziabad, Ghazipur, Hamirpur, Hathras (Mahamaya Nagar), Jalaun, Jaunpur, Kanpur Dehat, Kanpur Nagar, Kushinagar, Mahrajganj, Mathura, Meerut, Pratapgarh, Rae Bareli, Rampur, Sant Kabir Nagar, Shrawasti, Siddharthnagar, Sitapur, Sultanpur, Unnao, Aligarh, Allahabad, Auraiya, Bahraich, Ballia, Bareilly, Bijnor, Banda, Budaun, Bulandshahr, Chandauli, Etawah, Farrukhabad, Kanshiram Nagar, Jhansi, Jyotiba Phule Nagar, Kannauj, Hardoi, Gorakhpur, Gonda, Gautam Buddha Nagar, Firozabad, Kaushambi, Kheri, Lalitpur, Lucknow, Mahoba, Mainpuri, Mau, Mirzapur, Moradabad, Muzaffarnagar, Pilibhit, Saharanpur, Sant Ravidas Nagar (Bhadohi), Shahjahanpur, Sonbhadra, Varanasi",N/A,2024-06-29 18:30:00+00
news_reports,Gujarat,Ahmedabad,Sabarmati,2016-06-26 18:30:00+00
news_reports,Goa,"North Goa, South Goa",Mandovi,2022-11-10 18:30:00+00
news_reports,Maharashtra,Pune,Ghod,2024-06-16 18:30:00+00
news_reports,Goa,South Goa,Zuari,2022-09-04 22:00:00+00
news_reports,Maharashtra,Satara,Manganga,2022-06-02 18:30:00+00
news_reports,Maharashtra,Bhandara,N/A,2020-03-07 22:00:00+00
news_reports,Gujarat,Surat,Tapi,2023-02-11 18:30:00+00
news_reports,Maharashtra,"Parbhani, Yavatmal, Buldhana, Solapur, Kolhapur, Sangli, Latur",Godavari,2021-06-27 18:30:00+00
news_reports,Gujarat,Vadodara,"Narmada, Mahi",2024-06-06 18:30:00+00
news_reports,Maharashtra,"Sangli, Kolhapur, Satara","Krishna, Warna, Panchganga",2024-06-06 18:30:00+00
news_reports,Gujarat,Anand,Mahi,2024-06-29 18:30:00+00
news_reports,Gujarat,Gandhinagar,Sabarmati,2023-08-02 18:30:00+00
news_reports,Gujarat,"Surat, Navsari, Ahmedabad, Vadodara","Tapi, Ambika, Purna, Sabarmati, Mahi",2016-12-15 18:30:00+00
news_reports,Gujarat,"Narmada, Vadodara",Narmada,2023-04-26 18:30:00+00
news_reports,Gujarat,Vadodara,Mahi,2024-06-13 18:30:00+00
news_reports,Gujarat,Vadodara,"Narmada, Mahi, Orsang",2024-06-15 18:30:00+00
news_reports,Maharashtra,Ahmadnagar,"Godavari, Pravara, Mula, Bhima",2023-09-11 18:30:00+00
news_reports,Goa,"North Goa, South Goa",N/A,2022-01-11 18:15:00+00
news_reports,Maharashtra,"Palghar, Thane","Ulhas, Vasai Creek",2018-08-13 18:30:00+00
news_reports,Maharashtra,"Pune, Ahmadnagar",Bhima,2016-01-27 18:30:00+00
news_reports,Goa,"North Goa, South Goa",N/A,2020-12-11 18:30:00+00
news_reports,Gujarat,Narmada,Narmada,2024-04-27 18:30:00+00
news_reports,Gujarat,Chhotaudepur,Orsang,2024-05-27 18:30:00+00
news_reports,Goa,South Goa,Zuari,2024-02-05 18:30:00+00
news_reports,Maharashtra,"Nagpur, Amravati, Akola, Bhandara, Buldhana, Chandrapur, Gadchiroli, Gondia, Washim, Wardha, Yavatmal","Wainganga, Wardha, Kanhan, Penganga, Kolar, Pedhi, Wena, Chandrabhaga",2021-06-30 18:30:00+00
news_reports,Maharashtra,Solapur,Bhima,2024-05-26 18:30:00+00
news_reports,Gujarat,Chhotaudepur,Orsang,2019-05-05 18:30:00+00
news_reports,Maharashtra,Wardha,Wardha,2020-02-13 18:30:00+00
news_reports,Goa,"North Goa, South Goa",N/A,2022-11-24 18:30:00+00
news_reports,"Assam, Meghalaya","Goalpara, Kamrup, North Garo Hills, Barpeta","Kulshi / Kulsi, Brahmaputra, Dudhnoi/Manda, Mora Kolohi, Boko",2024-11-03 18:30:00+00
news_reports,N/A,N/A,"Chambal, Sindh",2017-09-25 18:30:00+00
news_reports,Maharashtra,Bhandara,N/A,2022-12-25 18:30:00+00
news_reports,Maharashtra,Satara,Krishna,2018-01-19 18:30:00+00
news_reports,Goa,North Goa,Terekhol / Tiracol,2018-10-04 18:30:00+00
news_reports,Maharashtra,Pune,Bhima,2020-02-09 18:30:00+00
news_reports,Maharashtra,"Kolhapur, Sangli, Satara",Krishna,2015-06-08 18:30:00+00
news_reports,Maharashtra,Ahmadnagar,Mula,2024-02-15 18:30:00+00
news_reports,N/A,N/A,N/A,2023-08-09 18:30:00+00
news_reports,Gujarat,Bharuch,Narmada,2019-05-10 18:30:00+00
news_reports,Gujarat,"Ahmedabad, Amreli, Banas Kantha, Jamnagar, Mahesana, Narmada, Navsari, Panch Mahals, Porbandar, Sabar Kantha, Rajkot, Surat, Valsad, Anand, Bharuch, Bhavnagar, Dahod, Gandhinagar, Kachchh, Kheda, Patan, Surendranagar, Morbi, Mahisagar, Gir Somnath, Chhotaudepur, Botad, Devbhumi Dwarka, Tapi, Arvalli, Vadodara, Dang",N/A,2010-10-23 18:30:00+00
news_reports,Maharashtra,"Chandrapur, Bhandara, Akola, Nagpur, Yavatmal, Washim, Gondia, Gadchiroli, Wardha, Amravati, Buldhana",N/A,2022-10-02 07:00:00+00
news_reports,Maharashtra,"Raigad, Mumbai, Mumbai Suburban, Palghar",N/A,2019-05-06 07:00:00+00
news_reports,Jharkhand,"Saraikela-kharsawan, Giridih, East Singhbum",Sakri,2024-05-30 18:30:00+00
news_reports,Jharkhand,Dhanbad,N/A,2024-03-17 18:30:00+00
news_reports,Uttar Pradesh,Hamirpur,"Betwa, Dhasan",2023-02-17 18:30:00+00
news_reports,Maharashtra,Beed,Godavari,2022-02-09 08:00:00+00
news_reports,Maharashtra,Parbhani,Godavari,2022-04-01 07:00:00+00
news_reports,"Maharashtra, Tamil Nadu, Punjab, Andhra Pradesh, Madhya Pradesh","Buldhana, Chandrapur, Jalgaon, Jalna, Kolhapur, Bhandara, Mumbai, Mumbai Suburban, Nagpur, Akola, Nanded, Pune, Raigad, Solapur, Ahmadnagar, Amravati, Chhatrapati Sambhajinagar (Aurangabad), Beed, Yavatmal, Dhule, Gadchiroli, Gondia, Hingoli, Washim, Latur, Nandurbar, Nashik, Dharashiv (Osmanabad), Thane, Parbhani, Ratnagiri, Satara, Sangli, Sindhudurg, Wardha, Palghar",N/A,2020-02-06 08:00:00+00
news_reports,Jharkhand,Dhanbad,N/A,2024-06-24 18:30:00+00
news_reports,Jharkhand,Dhanbad,N/A,2024-06-09 18:30:00+00
news_reports,Uttar Pradesh,Hamirpur,N/A,2024-02-28 18:30:00+00
news_reports,Maharashtra,Ahmadnagar,N/A,2023-06-05 07:00:00+00
news_reports,Maharashtra,Thane,Kalyan Creek,2022-11-05 07:00:00+00
news_reports,Jharkhand,Dhanbad,"Damodar, Jamunia",2023-07-14 18:30:00+00
news_reports,Gujarat,"Rajkot, Devbhumi Dwarka",N/A,2020-06-22 18:30:00+00
news_reports,"Uttar Pradesh, NCT of Delhi","Hamirpur, Jalaun, Ghaziabad",N/A,2019-06-13 18:30:00+00
news_reports,Uttar Pradesh,Hamirpur,N/A,2021-11-13 18:30:00+00
news_reports,Maharashtra,Nagpur,"Kanhan, Pench",2022-05-20 07:00:00+00
news_reports,Maharashtra,"Nagpur, Gondia","Wainganga, Wagh, Pangoli",2022-01-05 08:00:00+00
news_reports,Maharashtra,Nagpur,N/A,2023-09-08 07:00:00+00
news_reports,Maharashtra,Nagpur,N/A,2024-01-16 08:00:00+00
news_reports,Maharashtra,"Nagpur, Bhandara","Kanhan, Yamuna, Chambal, Gomti, Ganga, Hindon",2013-08-07 07:00:00+00
news_reports,Maharashtra,Nagpur,Kanhan,2021-08-30 07:00:00+00
news_reports,Maharashtra,Nagpur,Kanhan,2015-07-02 07:00:00+00
news_reports,Odisha,Jagatsinghapur,"Mahanadi, Devi, Chitrotopla, Paika, Jalaka, Biluakhai, Taladanda, Machhagaon Canal",2018-09-01 18:30:00+00
news_reports,Odisha,Dhenkanal,N/A,2017-06-20 18:30:00+00
news_reports,Gujarat,Porbandar,N/A,2022-01-20 18:30:00+00
news_reports,"Uttar Pradesh, Madhya Pradesh","Etawah, Jalaun, Fatehpur, Bhind","Yamuna, Sindh",2014-01-21 18:30:00+00
news_reports,Maharashtra,Nagpur,N/A,2010-09-09 07:00:00+00
news_reports,Maharashtra,"Nagpur, Bhandara",N/A,2015-01-20 08:00:00+00
news_reports,"Maharashtra, Andhra Pradesh",Nagpur,N/A,2016-03-08 08:00:00+00
news_reports,Maharashtra,"Nagpur, Gondia, Bhandara, Wardha, Gadchiroli",N/A,2018-06-25 07:00:00+00
news_reports,Maharashtra,Nagpur,N/A,2010-09-08 07:00:00+00
news_reports,Maharashtra,"Nagpur, Chandrapur, Bhandara, Gondia, Gadchiroli",N/A,2016-04-14 07:00:00+00
news_reports,Maharashtra,Nagpur,N/A,2020-07-23 07:00:00+00
news_reports,Madhya Pradesh,Narsimhapur,Narmada,2016-05-11 18:30:00+00
news_reports,Madhya Pradesh,Barwani,Narmada,2018-06-13 18:30:00+00
news_reports,Jharkhand,Dhanbad,Damodar,2022-06-06 18:30:00+00
news_reports,Madhya Pradesh,"Anuppur, Ashoknagar, Bhopal, Chhatarpur, Chhindwara, Damoh, Datia, Dindori, Guna, Indore, Katni, Mandla, Balaghat, Barwani, Betul, Bhind, Alirajpur, Burhanpur, Dewas, Dhar, Gwalior, Harda, Jabalpur, Jhabua, Vidisha, Mandsaur, Morena, Narsimhapur, Neemuch, Umaria, Panna, Sagar, Shahdol, Tikamgarh, Shivpuri, Sidhi, Shajapur, Seoni, Sehore, Rewa, Ratlam, Rajgarh, Raisen, Satna, Singrauli, Sheopur, Ujjain, Pandhurna, Niwari, Mauganj, Maihar, Agar-Malwa, Khargone (West Nimar), Khandwa (East Nimar), Narmadapuram",Narmada,2017-05-22 18:30:00+00
news_reports,Jharkhand,"Saraikela-kharsawan, West Singhbum",Kuju,2024-06-24 18:30:00+00
news_reports,Maharashtra,Nagpur,N/A,2018-09-21 07:00:00+00
news_reports,Gujarat,Tapi,Tapi,2018-08-02 18:30:00+00
news_reports,Kerala,Ernakulam,Periyar,2024-08-24 18:30:00+00
news_reports,Uttar Pradesh,Banda,N/A,2018-07-01 18:30:00+00
news_reports,Uttar Pradesh,Banda,Ken,2022-05-03 18:30:00+00
news_reports,Maharashtra,Nashik,Girna,2024-07-02 18:30:00+00
news_reports,Uttar Pradesh,Banda,Ken,2017-01-30 18:30:00+00
news_reports,Uttar Pradesh,Kanpur Dehat,Yamuna,2020-05-29 18:30:00+00
news_reports,N/A,N/A,N/A,2024-07-16 18:30:00+00
news_reports,N/A,N/A,"Yamuna, Ganga, Chambal, Gomti",2015-03-21 18:30:00+00
news_reports,Gujarat,Surat,Tapi,2013-11-23 18:30:00+00
news_reports,Gujarat,Surat,Tapi,2022-01-20 18:30:00+00
news_reports,Uttar Pradesh,Kanpur Dehat,Yamuna,2023-04-02 18:30:00+00
news_reports,Uttar Pradesh,Kanpur Dehat,N/A,2024-03-02 18:30:00+00
news_reports,Madhya Pradesh,"Narsimhapur, Dhar, Barwani, Narmadapuram",Narmada,2020-11-05 18:30:00+00
news_reports,Madhya Pradesh,"Alirajpur, Anuppur, Barwani, Dhar, Harda, Jabalpur, Mandla, Narsimhapur, Rajgarh, Raisen, Rewa, Sagar, Sehore, Narmadapuram",Narmada,2014-09-15 18:30:00+00
news_reports,Madhya Pradesh,"Barwani, Dhar, Alirajpur, Khargone (West Nimar)",Narmada,2015-04-23 18:30:00+00
news_reports,Madhya Pradesh,"Barwani, Alirajpur, Dhar, Khargone (West Nimar)",Narmada,2015-10-12 18:30:00+00
news_reports,Madhya Pradesh,"Barwani, Dhar",Narmada,2022-04-28 18:30:00+00
news_reports,Telangana,"Komaram Bheem Asifabad, Adilabad, Mancherial","Peddavagu, Godavari",2024-10-26 18:30:00+00
news_reports,Uttar Pradesh,Banda,"Ken, Bagen",2014-01-07 18:30:00+00
news_reports,Uttar Pradesh,Banda,N/A,2021-07-06 18:30:00+00
news_reports,Odisha,"Anugul, Balangir, Baleshwar, Bargarh, Baudh, Bhadrak, Cuttack, Debagarh, Dhenkanal, Gajapati, Ganjam, Jagatsinghapur, Jajapur, Jharsuguda, Kalahandi, Kandhamal, Kendrapara, Kendujhar, Khordha, Koraput, Malkangiri, Mayurbhanj, Nabarangapur, Nayagarh, Nuapada, Puri, Rayagada, Sambalpur, Sundargarh, Subarnapur (Sonepur)",N/A,2024-05-20 18:30:00+00
news_reports,Odisha,"Kendrapara, Jajapur","Mahanadi, Luna, Chitrotopla",2019-06-12 18:30:00+00
news_reports,"Maharashtra, Madhya Pradesh",Nagpur,N/A,2023-02-08 08:00:00+00
news_reports,"Maharashtra, Madhya Pradesh","Nagpur, Pandhurna",Kanhan,2013-10-18 07:00:00+00
news_reports,Kerala,Thiruvananthapuram,N/A,2023-12-17 18:30:00+00
news_reports,Maharashtra,"Nagpur, Ahmadnagar, Akola, Amravati, Chhatrapati Sambhajinagar (Aurangabad), Bhandara, Beed, Buldhana, Chandrapur, Dhule, Gondia, Hingoli, Jalgaon, Gadchiroli, Jalna, Kolhapur, Mumbai Suburban, Mumbai, Nanded, Nandurbar, Nashik, Latur, Dharashiv (Osmanabad), Parbhani, Pune, Sangli, Satara, Sindhudurg, Solapur, Thane, Ratnagiri, Wardha, Raigad, Washim, Yavatmal, Palghar",N/A,2015-01-03 08:00:00+00
news_reports,Maharashtra,"Nagpur, Pune, Akola, Bhandara, Buldhana, Kolhapur, Mumbai, Mumbai Suburban, Nanded, Jalna, Raigad, Solapur, Thane, Washim, Jalgaon, Yavatmal, Ahmadnagar, Amravati, Chhatrapati Sambhajinagar (Aurangabad), Chandrapur, Beed, Dhule, Hingoli, Latur, Nandurbar, Nashik, Dharashiv (Osmanabad), Gondia, Parbhani, Ratnagiri, Sangli, Gadchiroli, Wardha, Sindhudurg, Palghar, Satara",N/A,2016-12-12 08:00:00+00
news_reports,Maharashtra,Nagpur,Kanhan,2021-01-02 08:00:00+00
news_reports,Madhya Pradesh,"Dhar, Barwani",Narmada,2015-05-06 18:30:00+00
news_reports,Kerala,Alappuzha,N/A,2024-08-04 18:30:00+00
news_reports,Uttarakhand,"Nainital, Hardwar, Champawat, Garhwal","Gaula , Kosi (UK/UP), Malan, Dabka, Nandhaur, Kotawali, Sharda",2020-06-05 18:30:00+00
news_reports,Kerala,Ernakulam,Periyar,2024-08-12 18:30:00+00
news_reports,Andhra Pradesh,Anantapur,N/A,2024-08-27 18:30:00+00
news_reports,Tamil Nadu,Tiruchirappalli,Kaveri,2024-08-29 18:30:00+00
news_reports,Kerala,"Malappuram, Kollam, Pathanamthitta, Ernakulam, Kasargod, Palakkad, Thrissur, Kannur","Chaliyar, Bharathapuzha, Kadalundi, Pampa, Achankovil",2024-05-12 18:30:00+00
news_reports,Punjab,Amritsar,N/A,2024-10-13 18:30:00+00
news_reports,Tamil Nadu,Kancheepuram,Palar,2019-01-17 18:30:00+00
news_reports,Andhra Pradesh,East Godavari,N/A,2014-10-29 18:30:00+00
news_reports,Andhra Pradesh,"Vizianagaram, Srikakulam, Krishna, Guntur","Krishna, Vamsadhara, Nagavali",2020-06-19 18:30:00+00
news_reports,"Kerala, Tamil Nadu",Idukki,Periyar,2021-09-15 18:30:00+00
news_reports,"Kerala, Tamil Nadu",Tirunelveli,Thamirabarani,2022-02-13 18:30:00+00
news_reports,Tamil Nadu,Karur,Kaveri,2024-07-02 22:00:00+00
news_reports,Tamil Nadu,"Krishnagiri, Karur, Viluppuram",Amaravathi,2016-09-20 18:30:00+00
news_reports,Tamil Nadu,"Madurai, Tiruchirappalli","Kaveri, Kollidam",2015-07-08 18:30:00+00
news_reports,Karnataka,"Bagalkot, Bengaluru Rural, Belagavi / Belgaum, Vijayapura / Bijapur, chamarajanagar, Chikkaballapura, Chikkamaguluru / Chikmagalur, Dakshina Kannada, Gadag, Kalaburagi / Gulbarga, Haveri, Kolar, Mandya, Shivamogga / Shimoga, Tumakuru / Tumkur, Udupi, Uttara Kannada, Bengaluru Urban, Ballari / Bellary, Chitradurga, Bidar, Davangere, Dharwad, Hassan, Kodagu, Koppal, Mysuru / Mysore, Raichur, Ramanagara, Yadgir, Vijayanagar, Mangaluru",N/A,2021-11-09 18:30:00+00
news_reports,Andhra Pradesh,"Chittoor, Y.s.r. / Kadapa, Guntur, Krishna, Mahbubnagar, Medak, Nizamabad, Prakasam, Visakhapatnam, Warangal, Anantapur, East Godavari, Hyderabad, Karimnagar, Khammam, Kurnool, Nalgonda, Sri Potti Sriramulu Nellore, Rangareddy, Srikakulam, Vizianagaram, West Godavari, Sri Sathya Sai, Annamayya, Palnadu / Narasaraopet, Tirupati, Bapatla, Dr. B. R. Ambedkar Konaseema / Konaseema, Nandyal",N/A,2019-04-07 18:30:00+00
news_reports,Karnataka,"Kalaburagi / Gulbarga, Yadgir, Koppal, Raichur, Dakshina Kannada","Krishna, Tungabhadra",2024-06-25 18:30:00+00
news_reports,Kerala,"Malappuram, Kasargod",N/A,2024-09-29 18:30:00+00
news_reports,Andhra Pradesh,"Sri Potti Sriramulu Nellore, Prakasam, West Godavari, East Godavari",Penna,2016-03-27 18:30:00+00
news_reports,Telangana,Kamareddy,N/A,2024-08-06 18:30:00+00
news_reports,Telangana,"Komaram Bheem Asifabad, Sangareddy",N/A,2019-08-12 18:30:00+00
news_reports,Telangana,"Mulug, Jangoan",Godavari,2024-08-22 18:30:00+00
news_reports,"Andhra Pradesh, Kerala","Krishna, Guntur, Kurnool","Krishna, Godavari",2020-12-03 18:30:00+00
news_reports,Tamil Nadu,"Thanjavur, Tiruchirappalli, Karur","Kaveri, Coleroon",2014-05-23 18:30:00+00
news_reports,Kerala,Kasargod,Payaswini,2020-11-03 18:30:00+00
news_reports,Tamil Nadu,Thoothukkudi,"Tamirabarani, Tamirabharani",2015-09-02 18:30:00+00
news_reports,Telangana,"Adilabad, Mancherial, Komaram Bheem Asifabad","Penganga, Godavari, Pranahitha",2022-04-12 18:30:00+00
news_reports,Karnataka,Dakshina Kannada,Netravathi,2024-10-05 18:30:00+00
news_reports,N/A,N/A,"Jhelum, Beas, Ganga, Kaveri",2015-03-17 18:30:00+00
news_reports,Telangana,"Jayashankar Bhoopalpally, Hyderabad, Medak, Warangal, Sangareddy","Godavari, Pranahitha",2020-05-14 18:30:00+00
news_reports,Tamil Nadu,Tirunelveli,Thamirabarani/Tamprapani,2022-02-08 18:30:00+00
news_reports,Karnataka,Davangere,Tungabhadra,2024-09-19 18:30:00+00
news_reports,Telangana,"Hyderabad, Adilabad, Bhadradri Kothagudem, Hanumakonda, Jogulamba Gadwal, Kamareddy, Karimnagar, Khammam, Jayashankar Bhoopalpally, Komaram Bheem Asifabad, Mahabubabad, Jangoan, Mahabubnagar, Mancherial, Medak, Jagtial, Medchal-Malkajgiri, Mulug, Nagarkurnool, Nalgonda, Narayanpet, Nirmal, Nizamabad, Peddapalli, Rajanna Sircilla, Rangareddy, Sangareddy",N/A,2024-09-28 18:30:00+00
news_reports,"Telangana, Andhra Pradesh","Chittoor, Y.s.r. / Kadapa, Guntur, Krishna, Mahbubnagar, Medak, Nizamabad, Prakasam, Visakhapatnam, Warangal, Anantapur, East Godavari, Hyderabad, Karimnagar, Khammam, Kurnool, Nalgonda, Sri Potti Sriramulu Nellore, Rangareddy, Srikakulam, Vizianagaram, West Godavari, Bhadradri Kothagudem, Adilabad, Jagtial, Jayashankar Bhoopalpally, Jangoan, Jogulamba Gadwal, Kamareddy, Hyderabad, Komaram Bheem Asifabad, Mahabubabad, Khammam, Mahabubnagar, Mancherial, Medak, Karimnagar, Medchal-Malkajgiri, Mulug, Nagarkurnool, Hanumakonda, Nalgonda, Rangareddy, Sangareddy, Rajanna Sircilla, Siddipet, Suryapet, Vikarabad, Peddapalli, Wanaparthy, Warangal, Yadadri Bhuvanagiri, Nizamabad, Annamayya, Sri Sathya Sai, Palnadu / Narasaraopet, Nirmal, Tirupati, Bapatla, Dr. B. R. Ambedkar Konaseema / Konaseema, Kakinada, Nandyal, Narayanpet","Manair, Godavari, Mohi Tummeda, Vamsadhara, Pranahitha, Krishna, Penna",2017-05-18 18:30:00+00
news_reports,Telangana,"Sangareddy, Medak",N/A,2024-06-20 18:30:00+00
news_reports,Andhra Pradesh,"Chittoor, Y.s.r. / Kadapa, Guntur, Krishna, Mahbubnagar, Medak, Prakasam, Visakhapatnam, Warangal, Nizamabad, Anantapur, East Godavari, Khammam, Karimnagar, Kurnool, Nalgonda, Sri Potti Sriramulu Nellore, Hyderabad, Rangareddy, Srikakulam, Vizianagaram, West Godavari, Annamayya, Sri Sathya Sai, Dr. B. R. Ambedkar Konaseema / Konaseema, Nandyal, Bapatla, Kakinada, Tirupati, Palnadu / Narasaraopet",N/A,2019-09-05 18:30:00+00
news_reports,N/A,N/A,"Hindon, Yamuna, Krishna, Godavari",2015-03-17 18:30:00+00
news_reports,Kerala,Palakkad,Bharathapuzha,2020-03-13 18:30:00+00
news_reports,Karnataka,Dakshina Kannada,Netravathi,2024-09-27 18:30:00+00
news_reports,"Tamil Nadu, Puducherry","Viluppuram, Kancheepuram, Thanjavur, Namakkal","Ponnaiyar, Thenpennaiar, Malattar",2016-01-03 18:30:00+00
news_reports,Tamil Nadu,"Tiruchirappalli, Kanniyakumari, Perambalur, Thiruvallur, Karur, Vellore, Viluppuram, Cuddalore, Madurai, Erode","Kollidam, Coleroon, Kaveri, Thamirabarani/Tamprapani, Palar, Pennar, Vellar, Vaigai, Amaravathi, Bhavani",2015-07-08 18:30:00+00
news_reports,Andhra Pradesh,Srikakulam,Nagavali,2019-11-19 18:30:00+00
news_reports,Tamil Nadu,"Thiruvarur, Nagapattinam, Mayiladuthurai","Kaveri, Palar",2024-05-19 22:00:00+00
news_reports,Karnataka,Dakshina Kannada,Gurupura,2024-08-23 18:30:00+00
news_reports,Karnataka,Dakshina Kannada,Netravathi,2024-06-25 18:30:00+00
news_reports,Andhra Pradesh,"Medak, Nizamabad, Prakasam, Visakhapatnam, Mahbubnagar, Warangal, Anantapur, East Godavari, Krishna, Hyderabad, Karimnagar, Khammam, Guntur, Kurnool, Nalgonda, Sri Potti Sriramulu Nellore, Y.s.r. / Kadapa, Rangareddy, Srikakulam, Chittoor, Vizianagaram, West Godavari, Kakinada, Dr. B. R. Ambedkar Konaseema / Konaseema, Bapatla, Tirupati, Palnadu / Narasaraopet, Nandyal, Annamayya, Sri Sathya Sai",N/A,2016-03-04 18:30:00+00
news_reports,"Andhra Pradesh, Himachal Pradesh",Kullu,Beas,2014-06-10 18:30:00+00
news_reports,Telangana,Peddapalli,Manair,2024-05-23 18:30:00+00
news_reports,Kerala,Pathanamthitta,Pamba,2020-06-05 18:30:00+00
news_reports,Kerala,"Pathanamthitta, Alappuzha, Kottayam","Varattar, Periyar, Pampa, Meenachil, Muvattupuzha, Bharathapuzha",2022-05-29 18:30:00+00
news_reports,Telangana,"Kamareddy, Karimnagar",N/A,2024-08-06 18:30:00+00
news_reports,Madhya Pradesh,"Bhind, Jabalpur, Gwalior, Rewa",N/A,2025-12-15 18:30:00+00
news_reports,Andhra Pradesh,"Chittoor, Mahbubnagar, Medak, Nizamabad, Prakasam, Krishna, Visakhapatnam, Warangal, Anantapur, Guntur, East Godavari, Hyderabad, Karimnagar, Y.s.r. / Kadapa, Sri Potti Sriramulu Nellore, Rangareddy, Nalgonda, Srikakulam, Vizianagaram, West Godavari, Kurnool, Annamayya, Sri Sathya Sai, Palnadu / Narasaraopet, Dr. B. R. Ambedkar Konaseema / Konaseema, Nandyal, Bapatla, Kakinada, Tirupati, Khammam",N/A,2018-05-31 18:30:00+00
news_reports,Telangana,"Komaram Bheem Asifabad, Mancherial",Peddavagu,2022-10-20 18:30:00+00
news_reports,Kerala,"Ernakulam, Pathanamthitta, Idukki, Kollam, Malappuram, Palakkad, Thrissur, Thiruvananthapuram, Kasargod, Kannur",N/A,2024-02-18 18:30:00+00
news_reports,Telangana,Hyderabad,Godavari,2020-02-16 18:30:00+00
news_reports,Karnataka,"Raichur, Yadgir, Bidar, Kalaburagi / Gulbarga, Koppal, Dakshina Kannada","Tungabhadra, Krishna, Bhima, Kagina",2024-05-30 18:30:00+00
news_reports,Andhra Pradesh,"Mahbubnagar, Medak, Nizamabad, Prakasam, Krishna, Visakhapatnam, Warangal, Anantapur, Guntur, East Godavari, Hyderabad, Karimnagar, Y.s.r. / Kadapa, Khammam, Kurnool, Nalgonda, Chittoor, Sri Sathya Sai, Palnadu / Narasaraopet, Tirupati, Annamayya, Bapatla, Dr. B. R. Ambedkar Konaseema / Konaseema, West Godavari, Vizianagaram, Rangareddy, Sri Potti Sriramulu Nellore, Nandyal, Srikakulam, Kakinada, East Godavari",N/A,2019-11-13 18:30:00+00
news_reports,Tamil Nadu,"Krishnagiri, Tiruchirappalli",N/A,2015-02-19 18:30:00+00
news_reports,N/A,N/A,N/A,2014-10-26 18:30:00+00
news_reports,Tamil Nadu,"Karur, Tiruchirappalli",Kaveri,2017-08-17 18:30:00+00
news_reports,Andhra Pradesh,Krishna,Krishna,2024-02-06 18:30:00+00
news_reports,Telangana,Peddapalli,Manair,2022-12-30 18:30:00+00
news_reports,"Andhra Pradesh, Odisha","Srikakulam, Rayagada",Vamsadhara,2020-06-03 18:30:00+00
news_reports,Tamil Nadu,"Karur, Tiruchirappalli",Kaveri,2019-05-18 22:00:00+00
news_reports,"Uttar Pradesh, Tamil Nadu, Meghalaya, Andhra Pradesh, Karnataka, Telangana, Odisha, Gujarat, Madhya Pradesh, Bihar, NCT of Delhi, Punjab, Uttarakhand","Agra, Hardwar, Jhansi, Chitrakoot","Sutlej, Yamuna, Ganga, Betwa, Urmil, Kosi (UK/UP), Chambal, Narmada, Subarnarekha, Musi, Netravathi, Phalguni, Godavari, Krishna, Kaveri, Ozat",2020-11-23 18:30:00+00
news_reports,Andhra Pradesh,"Sri Potti Sriramulu Nellore, East Godavari, Anantapur","Pennar, Kalangi, Swarnamukhi",2016-02-23 18:30:00+00
news_reports,Andhra Pradesh,"Mahbubnagar, Medak, Nizamabad, Prakasam, Krishna, Visakhapatnam, Warangal, Anantapur, Guntur, East Godavari, Hyderabad, Karimnagar, Y.s.r. / Kadapa, Khammam, Kurnool, Nalgonda, Chittoor, Vizianagaram, West Godavari, Annamayya, Srikakulam, Sri Sathya Sai, Palnadu / Narasaraopet, Rangareddy, Tirupati, Bapatla, Dr. B. R. Ambedkar Konaseema / Konaseema, Sri Potti Sriramulu Nellore, East Godavari, Nandyal, Kakinada",N/A,2019-11-13 18:30:00+00
news_reports,Kerala,Thiruvananthapuram," Vamanapuram, Chittaur",2022-01-10 18:30:00+00
news_reports,Kerala,"Kozhikode, Malappuram",Chaliyar,2023-11-18 18:30:00+00
news_reports,Telangana,Rajanna Sircilla,N/A,2024-10-26 18:30:00+00
news_reports,Tamil Nadu,"Dharmapuri, Dindigul, Krishnagiri, Namakkal, Perambalur, Ariyalur, Pudukkottai, Ramanathapuram, The Nilgiris, Thiruvarur, Coimbatore, Cuddalore, Erode, Chennai, Kancheepuram, Kanniyakumari, Karur, Nagapattinam, Madurai, Salem, Sivaganga, Thanjavur, Virudhunagar, Theni, Tirunelveli, Tiruppur, Viluppuram, Thiruvallur, Chengalpattu, Kallakurichi, Vellore, Tiruchirappalli, Thoothukkudi, Tenkasi, Tirupathur, Ranipet, Tiruvannamalai, Mayiladuthurai",N/A,2024-02-02 18:30:00+00
news_reports,Assam,Kamrup,Boko,2024-06-06 18:30:00+00
news_reports,Tamil Nadu,"Ariyalur, Dharmapuri, Dindigul, Krishnagiri, Namakkal, Vellore, Tiruvannamalai, Tiruchirappalli, Thoothukkudi, Thiruvarur, The Nilgiris, Ramanathapuram, Pudukkottai, Virudhunagar, Nagapattinam, Chennai, Coimbatore, Perambalur, Erode, Kancheepuram, Kanniyakumari, Cuddalore, Madurai, Salem, Sivaganga, Thanjavur, Theni, Thiruvallur, Tirunelveli, Tiruppur, Karur, Viluppuram, Kallakurichi, Chengalpattu, Mayiladuthurai, Ranipet, Tenkasi, Tirupathur",N/A,2024-07-17 18:30:00+00
news_reports,"Kerala, Tamil Nadu","Tirunelveli, Pathanamthitta",Thamirabarani,2022-02-08 18:30:00+00
news_reports,Kerala,Wayanad,Kabini/Kapila,2020-06-29 18:30:00+00
news_reports,Telangana,Peddapalli,"Godavari, Manair",2024-07-06 18:30:00+00
news_reports,Kerala,Kannur,Sreekandapuram,2020-05-15 18:30:00+00
news_reports,Karnataka,Uttara Kannada,N/A,2024-04-26 18:30:00+00
news_reports,Kerala,Alappuzha,Pampa,2022-04-27 18:30:00+00
news_reports,Tamil Nadu,"Madurai, Perambalur, Pudukkottai, Namakkal, Ramanathapuram, Krishnagiri, The Nilgiris, Dindigul, Thiruvarur, Thoothukkudi, Dharmapuri, Tiruchirappalli, Ariyalur, Tiruvannamalai, Coimbatore, Cuddalore, Chennai, Erode, Kancheepuram, Nagapattinam, Kanniyakumari, Karur, Salem, Thanjavur, Sivaganga, Thiruvallur, Tirunelveli, Tiruppur, Viluppuram, Theni, Chengalpattu, Kallakurichi, Mayiladuthurai, Virudhunagar, Vellore, Ranipet, Tenkasi, Tirupathur",N/A,2017-11-29 18:30:00+00
news_reports,Andhra Pradesh,Krishna,N/A,2019-07-13 18:30:00+00
news_reports,Kerala,"Thiruvananthapuram, Alappuzha, Ernakulam, Kasargod, Kozhikode, Pathanamthitta, Kannur, Kollam, Idukki, Thrissur, Palakkad, Wayanad, Malappuram, Kottayam","Periyar, Chaliyar, Manimalayar, Bharathapuzha, Achankovil",2023-12-17 18:30:00+00
news_reports,Karnataka,Kalaburagi / Gulbarga,Bhima,2024-06-02 18:30:00+00
news_reports,Kerala,Alappuzha,Pampa,2020-03-06 18:30:00+00
news_reports,Telangana,Karimnagar,Manair,2024-05-21 18:30:00+00
news_reports,"Telangana, Andhra Pradesh","Kurnool, Jogulamba Gadwal, Siddipet",Tungabhadra,2017-12-14 18:30:00+00
news_reports,Tamil Nadu,"Tiruvannamalai, Vellore, Viluppuram, Pudukkottai, Karur, Namakkal, Ariyalur, Thanjavur, Perambalur, Nagapattinam, Chengalpattu, Dharmapuri",N/A,2024-06-27 18:30:00+00
news_reports,"Telangana, Andhra Pradesh, Tamil Nadu","Srikakulam, Vizianagaram, Visakhapatnam, Kakinada, East Godavari, Dr. B. R. Ambedkar Konaseema / Konaseema, West Godavari, Krishna, Palnadu / Narasaraopet, Guntur, Bapatla, Sri Potti Sriramulu Nellore, Prakasam, Kurnool, Nandyal, Anantapur, Sri Sathya Sai, Annamayya, Tirupati, Chittoor, Virudhunagar, Viluppuram, Vellore, Tiruvannamalai, Thiruvallur, Thiruvarur, Tiruppur, Tirupathur, Tirunelveli, Tiruchirappalli, Thoothukkudi, Theni, Thanjavur, Tenkasi, Sivaganga, Salem, Ranipet, Ramanathapuram, Pudukkottai, Perambalur, The Nilgiris, Nagapattinam, Mayiladuthurai, Madurai, Krishnagiri, Karur, Kanniyakumari, Kancheepuram, Kallakurichi, Erode, Dindigul, Dharmapuri, Cuddalore, Coimbatore, Chennai, Chengalpattu, Ariyalur, Adilabad, Komaram Bheem Asifabad, Mancherial, Nirmal, Nizamabad, Jagtial, Peddapalli, Kamareddy, Rajanna Sircilla, Karimnagar, Jayashankar Bhoopalpally, Sangareddy, Medak, Siddipet, Jangoan, Hanumakonda, Warangal, Mulug, Bhadradri Kothagudem, Khammam, Mahabubabad, Suryapet, Nalgonda, Yadadri Bhuvanagiri, Medchal-Malkajgiri, Hyderabad, Rangareddy, Vikarabad, Narayanpet, Mahabubnagar, Nagarkurnool, Wanaparthy, Jogulamba Gadwal",N/A,2024-02-19 18:30:00+00
news_reports,Telangana,"Mahabubnagar, Rangareddy, Vikarabad, Komaram Bheem Asifabad, Mulug, Nalgonda, Nizamabad","Dundubhi, Godavari, Krishna",2021-04-17 18:30:00+00
news_reports,Andhra Pradesh,Guntur,N/A,2019-10-30 18:30:00+00
news_reports,Telangana,Karimnagar,N/A,2022-06-30 18:30:00+00
news_reports,Kerala,Alappuzha,N/A,2024-04-10 18:30:00+00
news_reports,N/A,N/A,N/A,2014-09-14 18:30:00+00
news_reports,Kerala,"Thiruvananthapuram, Kollam, Kozhikode, Wayanad, Kasargod, Malappuram, Pathanamthitta, Ernakulam","Neyyar,  Vamanapuram, Kallada, Kabini/Kapila, Chandragiri, Chaliyar, Pampa, Kadalundi, Periyar, Ithikkara, Kuttiyadi/Kuttiady",2015-06-12 18:30:00+00
news_reports,Kerala,Kannur,"Valapattanam, Irikkur",2020-03-09 18:30:00+00
news_reports,Karnataka,Gadag,N/A,2024-06-10 18:30:00+00
news_reports,Andhra Pradesh,"Medak, Nizamabad, Prakasam, Visakhapatnam, Mahbubnagar, Warangal, Anantapur, East Godavari, Krishna, Hyderabad, Karimnagar, Khammam, Guntur, Kurnool, Nalgonda, Sri Potti Sriramulu Nellore, Y.s.r. / Kadapa, Rangareddy, Srikakulam, Chittoor, Palnadu / Narasaraopet, Tirupati, Bapatla, Sri Sathya Sai, Dr. B. R. Ambedkar Konaseema / Konaseema, Annamayya, Nandyal, Kakinada, West Godavari, East Godavari, Vizianagaram",N/A,2019-10-10 18:30:00+00
news_reports,Karnataka,Udupi,Papanashini,2023-03-19 18:30:00+00
news_reports,Andhra Pradesh,"Mahbubnagar, Medak, Nizamabad, Prakasam, Krishna, Visakhapatnam, Warangal, Anantapur, Guntur, East Godavari, Hyderabad, Karimnagar, Y.s.r. / Kadapa, Khammam, Kurnool, Srikakulam, Rangareddy, Vizianagaram, West Godavari, Annamayya, Sri Potti Sriramulu Nellore, Sri Sathya Sai, Palnadu / Narasaraopet, Nalgonda, Tirupati, Bapatla, Dr. B. R. Ambedkar Konaseema / Konaseema, Kakinada, East Godavari, Nandyal, Chittoor",N/A,2019-06-12 18:30:00+00
news_reports,Telangana,Peddapalli,Manair,2022-12-30 18:30:00+00
news_reports,Tamil Nadu,"Madurai, Chennai, Ariyalur, Coimbatore, Cuddalore, Kancheepuram, Kanniyakumari, Karur, Krishnagiri, Erode, Namakkal, Perambalur, Pudukkottai, Dindigul, Ramanathapuram, Salem, Sivaganga, Thanjavur, The Nilgiris, Theni, Thiruvallur, Thiruvarur, Dharmapuri, Thoothukkudi, Tiruvannamalai, Vellore, Tiruppur, Viluppuram, Virudhunagar, Nagapattinam, Tirunelveli, Chengalpattu, Kallakurichi, Mayiladuthurai, Tiruchirappalli, Ranipet, Tenkasi, Tirupathur",N/A,2017-12-03 18:30:00+00
news_reports,Andhra Pradesh,East Godavari,Godavari,2023-11-18 18:30:00+00
news_reports,Kerala,"Thiruvananthapuram, Kasargod",N/A,2020-01-29 18:30:00+00
news_reports,West Bengal,Birbhum,Ajay,2025-01-11 18:30:00+00
news_reports,Tamil Nadu,Chennai,N/A,2024-06-28 18:30:00+00
news_reports,Andhra Pradesh,"Mahbubnagar, Medak, Nizamabad, Prakasam, Krishna, Visakhapatnam, Warangal, Anantapur, Guntur, East Godavari, Hyderabad, Karimnagar, Y.s.r. / Kadapa, Khammam, Kurnool, Nalgonda, Vizianagaram, West Godavari, Annamayya, Sri Sathya Sai, Srikakulam, Palnadu / Narasaraopet, Tirupati, Bapatla, Rangareddy, Dr. B. R. Ambedkar Konaseema / Konaseema, Sri Potti Sriramulu Nellore, Nandyal, Kakinada, Chittoor, East Godavari",N/A,2019-10-20 18:30:00+00
news_reports,"Telangana, Maharashtra","Nizamabad, Nanded",Manjara,2015-10-13 18:30:00+00
news_reports,Karnataka,Haveri,Tungabhadra,2024-06-14 18:30:00+00
news_reports,Andhra Pradesh,East Godavari,Godavari,2022-11-12 18:30:00+00
news_reports,Kerala,Thiruvananthapuram,"Neyyar,  Vamanapuram, Kallada, Kuttiyadi/Kuttiady, Kabini/Kapila, Chandragiri, Periyar, Pampa, Chaliyar, Kadalundi, Ithikkara",2015-06-12 18:30:00+00
news_reports,Andhra Pradesh,"East Godavari, Dr. B. R. Ambedkar Konaseema / Konaseema, Kakinada","Krishna, Godavari, Nagavali, Vamsadhara",2024-08-27 18:30:00+00
news_reports,Telangana,"Adilabad, Bhadradri Kothagudem, Hanumakonda, Hyderabad, Jagtial, Jayashankar Bhoopalpally, Jogulamba Gadwal, Jangoan, Kamareddy, Khammam, Komaram Bheem Asifabad, Karimnagar, Mahabubabad, Mahabubnagar, Mulug, Nagarkurnool, Nalgonda, Narayanpet, Medchal-Malkajgiri, Nirmal, Sangareddy, Siddipet, Rangareddy, Suryapet, Vikarabad, Rajanna Sircilla, Nizamabad, Medak, Peddapalli, Mancherial, Wanaparthy, Yadadri Bhuvanagiri, Warangal",Manneru,2024-02-09 18:30:00+00
news_reports,Karnataka,Dakshina Kannada,"Netravathi, Phalguni",2024-06-23 18:30:00+00
news_reports,Tamil Nadu,Chennai,N/A,2017-03-23 18:30:00+00
news_reports,"Madhya Pradesh, Maharashtra, Andhra Pradesh, Tamil Nadu, Punjab","Anantapur, Chittoor, Y.s.r. / Kadapa, East Godavari, Karimnagar, Khammam, Krishna, Kurnool, Hyderabad, Mahbubnagar, Medak, Nalgonda, Guntur, Sri Potti Sriramulu Nellore, Nizamabad, Prakasam, Anuppur, Ashoknagar, Balaghat, Barwani, Betul, Alirajpur, Bhind, Bhopal, Burhanpur, Chhatarpur, West Godavari, Chhindwara, Damoh, Datia, Warangal, Vizianagaram, Visakhapatnam, Srikakulam, Guna, Gwalior, Harda, Indore, Jabalpur, Jhabua, Katni, Mandla, Dindori, Mandsaur, Morena, Narsimhapur, Neemuch, Dhar, Panna, Raisen, Rajgarh, Ratlam, Dewas, Rewa, Sagar, Satna, Sehore, Seoni, Ujjain, Umaria, Vidisha, Ahmadnagar, Tikamgarh, Akola, Amravati, Chhatrapati Sambhajinagar (Aurangabad), Singrauli, Bhandara, Beed, Sidhi, Buldhana, Chandrapur, Dhule, Gadchiroli, Shivpuri, Gondia, Hingoli, Jalgaon, Jalna, Sheopur, Shajapur, Shahdol, Rangareddy, Kolhapur, Nandurbar, Nashik, Dharashiv (Osmanabad), Parbhani, Nanded, Pune, Raigad, Ratnagiri, Sangli, Nagpur, Satara, Sindhudurg, Solapur, Thane, Mumbai Suburban, Wardha, Washim, Yavatmal, Mumbai, Amritsar, Barnala, Bathinda, Faridkot, Latur, Fatehgarh Sahib, Firozpur, Gurdaspur, Moga, Muktsar, Patiala, Rupnagar, Sahibzada Ajit Singh Nagar, Mansa, Sangrur, Shahid Bhagat Singh Nagar (Nawanshahr), Ludhiana, Tarn Taran, Ariyalur, Kapurthala, Chennai, Coimbatore, Cuddalore, Jalandhar, Dharmapuri, Dindigul, Erode, Kancheepuram, Karur, Krishnagiri, Madurai, Namakkal, Perambalur, Pudukkottai, Ramanathapuram, Salem, Kanniyakumari, Sivaganga, Thanjavur, The Nilgiris, Thiruvarur, Thoothukkudi, Tiruchirappalli, Tirunelveli, Thiruvallur, Tiruppur, Tiruvannamalai, Vellore, Theni, Viluppuram, Virudhunagar, Nagapattinam, Hoshiarpur, Annamayya, Sri Sathya Sai, Palnadu / Narasaraopet, Fazilka, Pathankot, Bapatla, Palghar, Nandyal, Chengalpattu, Kallakurichi, Mayiladuthurai, Dr. B. R. Ambedkar Konaseema / Konaseema, Ranipet, Tenkasi, Tirupati, Kakinada, East Godavari, Tirupathur, Niwari, Pandhurna, Mauganj, Maihar, Agar-Malwa, Khandwa (East Nimar), Narmadapuram, Khargone (West Nimar)",N/A,2024-12-04 18:30:00+00
news_reports,Andhra Pradesh,"Krishna, Chittoor, Y.s.r. / Kadapa, Guntur, Mahbubnagar, Nizamabad, Prakasam, Visakhapatnam, Warangal, Medak, Anantapur, Khammam, Kurnool, Nalgonda, Karimnagar, Sri Potti Sriramulu Nellore, Vizianagaram, Srikakulam, West Godavari, Annamayya, Sri Sathya Sai, Rangareddy, Palnadu / Narasaraopet, Tirupati, Hyderabad, Bapatla, Dr. B. R. Ambedkar Konaseema / Konaseema, East Godavari, East Godavari, Nandyal, Kakinada",N/A,2020-12-15 18:30:00+00
news_reports,"Telangana, Andhra Pradesh","Nagarkurnool, Kurnool, Jogulamba Gadwal",Tungabhadra,2020-06-14 18:30:00+00
news_reports,Andhra Pradesh,"Kurnool, Anantapur, Chittoor, Y.s.r. / Kadapa","Penna, Chithravathi",2019-08-16 18:30:00+00
news_reports,"Andhra Pradesh, Karnataka, Telangana",Bagalkot,"Krishna, Malaprabha",2021-02-09 18:30:00+00
news_reports,Kerala,"Thiruvananthapuram, Kollam","Chozhiyakodu, Millpaalam",2017-05-20 18:30:00+00
news_reports,Gujarat,Vadodara,Narmada,2024-12-12 18:30:00+00
news_reports,Tamil Nadu,"Chennai, Ariyalur, Karur, Thanjavur, Tiruchirappalli, Vellore",N/A,2024-06-27 18:30:00+00
news_reports,Telangana,Kamareddy,N/A,2024-07-05 18:30:00+00
news_reports,Kerala,"Kannur, Thiruvananthapuram",Pamba,2020-03-03 18:30:00+00
news_reports,Andhra Pradesh,Srikakulam,"Vamsa, Nagavali",2019-04-19 18:30:00+00
news_reports,"Tamil Nadu, Kerala","Karur, Erode","Kaveri, Harangi, Lakshmana Tirtha",2016-10-13 18:30:00+00
news_reports,Tamil Nadu,Chennai,Cooum/Koovam,2021-09-07 18:30:00+00
news_reports,"Uttar Pradesh, NCT of Delhi",Gautam Buddha Nagar,Yamuna,2013-08-10 18:30:00+00
news_reports,Andhra Pradesh,East Godavari,Godavari,2024-12-10 18:30:00+00
news_reports,Gujarat,Banas Kantha,Banas,2024-09-12 18:30:00+00
news_reports,Gujarat,Vadodara,"Mahi, Orsang",2024-12-19 18:30:00+00
news_reports,Gujarat,Vadodara,Mahi,2025-01-10 18:30:00+00
news_reports,Uttar Pradesh,Banda,Chandrawal,2024-11-30 18:30:00+00
news_reports,West Bengal,Darjeeling,Mahananda,2025-01-15 18:30:00+00
news_reports,West Bengal,"Birbhum, Paschim Medinipur, Purulia, Bankura, Murshidabad, Purba Medinipur, Jalpaiguri, Uttar Dinajpur, Dakshin Dinajpur, Kolkata, Nadia, Cooch Behar, South 24 Parganas, North 24 Parganas, Darjeeling, Kalimpong, Alipurduar, Jhargram, Paschim Bardhaman, Purba Bardhaman, Malda, Howrah/Haora, Hugli / Hooghly","Mayurakshi, Ajay, Damodar, Silabati, Subarnarekha, Mahananda, Kangsabati",2024-12-31 18:30:00+00
news_reports,West Bengal,Darjeeling,"Balason, Rakti",2024-10-04 18:30:00+00
news_reports,Haryana,Palwal,Yamuna,2024-11-10 18:30:00+00
news_reports,"Uttar Pradesh, Madhya Pradesh",Banda,"Bagen, Ken, Urmil",2021-06-15 18:30:00+00
news_reports,"Madhya Pradesh, Uttar Pradesh","Vidisha, Ujjain, Neemuch, Indore, Jhansi, Bhopal, Raisen, Banda","Ken, Betwa, Chambal, Shipra, Kahn/Khan, Narmada, Tapi",2019-03-07 18:30:00+00
news_reports,Odisha,Cuttack,Mahanadi,2024-11-13 18:30:00+00
news_reports,Odisha,Jagatsinghapur,"Mahanadi, Devi, Prachi",2019-06-05 18:30:00+00
news_reports,Odisha,Jajapur,Brahmani,2024-08-23 18:30:00+00
news_reports,Maharashtra,"Ahmadnagar, Akola, Amravati, Chhatrapati Sambhajinagar (Aurangabad), Beed, Buldhana, Chandrapur, Bhandara, Dhule, Gadchiroli, Gondia, Hingoli, Sangli, Satara, Sindhudurg, Solapur, Thane, Ratnagiri, Wardha, Raigad, Pune, Parbhani, Nashik, Nandurbar, Nanded, Nagpur, Mumbai Suburban, Latur, Kolhapur, Jalna, Jalgaon, Washim, Dharashiv (Osmanabad), Yavatmal, Mumbai, Palghar",N/A,2024-02-14 18:30:00+00
news_reports,Odisha,"Bargarh, Jharsuguda",Mahanadi,2024-07-19 18:30:00+00
news_reports,Odisha,Cuttack,Mahanadi,2021-04-18 18:30:00+00
news_reports,Odisha,"Bargarh, Jharsuguda, Sambalpur, Balangir",Mahanadi,2024-09-01 18:30:00+00
news_reports,Karnataka,Shivamogga / Shimoga,Bhadra,2025-01-21 18:30:00+00
news_reports,West Bengal,Jalpaiguri,Neora,2024-12-19 18:30:00+00
news_reports,N/A,N/A,N/A,2020-11-23 18:30:00+00
news_reports,Madhya Pradesh,Jabalpur,Barnu,2024-06-06 18:30:00+00
news_reports,Punjab,Ludhiana,Sutlej,2024-09-09 18:30:00+00
news_reports,Odisha,Cuttack,"Mahanadi, Baitrani, Brahmani, Subarnarekha, Rushikulya",2022-03-09 18:30:00+00
news_reports,Madhya Pradesh,Chhatarpur,N/A,2024-09-29 18:30:00+00
news_reports,Madhya Pradesh,Ratlam,Chambal,2024-06-08 18:30:00+00
news_reports,West Bengal,Jalpaiguri,Karala,2024-01-11 18:30:00+00
news_reports,Andhra Pradesh,Srikakulam,Nagavali,2025-02-10 18:30:00+00
news_reports,Goa,North Goa,Mandovi,2024-09-02 18:30:00+00
news_reports,West Bengal,"Birbhum, Purba Bardhaman",Ajay,2025-02-12 18:30:00+00
news_reports,Punjab,Tarn Taran,Sutlej,2025-02-27 18:30:00+00
news_reports,"Madhya Pradesh, Rajasthan, Uttar Pradesh","Agra, Bhind, Bundi, Dhaulpur, Etawah, Karauli, Kota, Morena, Sawai Madhopur, Sheopur",Chambal,2026-04-16 18:30:00+00
news_reports,Gujarat,Vadodara,Mahi,2025-01-17 18:30:00+00
news_reports,Gujarat,Vadodara,Narmada,2024-11-21 18:30:00+00
news_reports,West Bengal,Darjeeling,Mechi,2025-01-30 18:30:00+00
news_reports,West Bengal,"Purba Bardhaman, Bankura",Damodar,2024-06-14 18:30:00+00
news_reports,Himachal Pradesh,Mandi,Beas,2025-02-12 18:30:00+00
news_reports,Meghalaya,West Garo Hills,Rongai,2024-06-29 18:30:00+00
news_reports,Bihar,"Jamui, Nawada, Rohtas, Aurangabad, Patna, Saran, Vaishali, Kaimur (Bhabua)",Sone,2023-12-22 18:30:00+00
news_reports,Haryana,Yamunanagar,"Yamuna, Chambal",2022-09-06 18:30:00+00
news_reports,Uttar Pradesh,"Banda, Agra, Aligarh, Allahabad, Ambedkar Nagar, Azamgarh, Baghpat, Bahraich, Ballia, Auraiya, Balrampur, Bara Banki, Bareilly, Basti, Bijnor, Budaun, Bulandshahr, Chandauli, Chitrakoot, Deoria, Etah, Etawah, Faizabad, Farrukhabad, Fatehpur, Firozabad, Gautam Buddha Nagar, Ghaziabad, Gorakhpur, Hamirpur, Hardoi, Hathras (Mahamaya Nagar), Gonda, Jalaun, Jaunpur, Jhansi, Ghazipur, Jyotiba Phule Nagar, Kannauj, Kanpur Dehat, Kushinagar, Kheri, Lucknow, Mahrajganj, Lalitpur, Mahoba, Mainpuri, Mathura, Mau, Kaushambi, Meerut, Mirzapur, Moradabad, Muzaffarnagar, Kanshiram Nagar, Pilibhit, Pratapgarh, Rae Bareli, Kanpur Nagar, Rampur, Saharanpur, Sant Kabir Nagar, Shrawasti, Siddharthnagar, Sitapur, Sonbhadra, Shahjahanpur, Sultanpur, Unnao, Varanasi, Sant Ravidas Nagar (Bhadohi), Shamli",Ken,2022-05-11 18:30:00+00
news_reports,"Uttar Pradesh, Uttarakhand","Moradabad, Udham Singh Nagar",Dhela,2024-10-05 18:30:00+00
news_reports,N/A,N/A,"Betwa, Ken, Yamuna, Sone, Kathajodi, Narmada, Hooghly",2023-04-20 18:30:00+00
news_reports,N/A,N/A,Yangtze,2023-01-18 18:30:00+00
news_reports,Bihar,Banka,N/A,2021-11-15 18:30:00+00
news_reports,"NCT of Delhi, Uttar Pradesh","Ghaziabad, North",Yamuna,2024-12-19 18:30:00+00
news_reports,"Uttarakhand, Uttar Pradesh, Haryana, Himachal Pradesh","Dehradun, Sirmaur, Karnal",Yamuna,2020-06-29 18:30:00+00
news_reports,Madhya Pradesh,Bhind,N/A,2025-01-31 18:30:00+00
news_reports,Andhra Pradesh,Srikakulam,Nagavali,2015-08-25 18:30:00+00
news_reports,Andhra Pradesh,Srikakulam,Nagavali,2025-02-13 18:30:00+00
news_reports,Odisha,Kendrapara,Chitrotopla,2025-02-17 18:30:00+00
news_reports,Jammu & Kashmir,Baramulla,Jhelum,2025-02-17 18:30:00+00
news_reports,Madhya Pradesh,Sehore,Narmada,2025-02-24 18:30:00+00
news_reports,"Uttar Pradesh, Uttarakhand","Udham Singh Nagar, Moradabad",Kosi (UK/UP),2025-01-22 18:30:00+00
news_reports,Uttarakhand,Bageshwar,Gomti,2024-06-17 18:30:00+00
news_reports,Haryana,"Palwal, Faridabad",Yamuna,2025-03-09 18:30:00+00
news_reports,Rajasthan,Sirohi,N/A,2025-02-26 18:30:00+00
news_reports,Assam,Kamrup,Kulshi / Kulsi,2025-03-10 18:30:00+00
news_reports,Madhya Pradesh,"Jabalpur, Alirajpur, Ashoknagar, Balaghat, Barwani, Anuppur, Betul, Burhanpur, Chhatarpur, Chhindwara, Bhopal, Damoh, Dewas, Dhar, Guna, Khandwa (East Nimar), Gwalior, Harda, Narmadapuram, Dindori, Indore, Jhabua, Katni, Mandla, Datia, Mandsaur, Morena, Narsimhapur, Neemuch, Bhind, Panna, Sehore, Shahdol, Shajapur, Seoni, Sheopur, Shivpuri, Sidhi, Singrauli, Satna, Tikamgarh, Vidisha, Khargone (West Nimar), Umaria, Niwari, Pandhurna, Mauganj, Sagar, Rewa, Ratlam, Ujjain, Rajgarh, Maihar, Raisen, Agar-Malwa","Narmada, Chambal, Sone",2013-09-24 18:30:00+00
news_reports,Karnataka,Koppal,Hirehalla,2025-03-01 18:30:00+00
news_reports,Haryana,Mahendragarh,Dohan,2023-12-12 18:30:00+00
news_reports,Haryana,Yamunanagar,"Yamuna, Ganga",2022-09-09 18:30:00+00
news_reports,Madhya Pradesh,Morena,Chambal,2025-03-29 18:30:00+00
news_reports,NCT of Delhi,"North, North East, North West",Yamuna,2025-03-28 18:30:00+00
news_reports,Karnataka,Udupi,Papanashini,2025-04-02 18:30:00+00
news_reports,Madhya Pradesh,Sheopur,Chambal,2024-12-30 18:30:00+00
news_reports,"Uttar Pradesh, Haryana",Karnal,Yamuna,2025-04-13 18:30:00+00
news_reports,Madhya Pradesh,Indore,N/A,2024-12-09 18:30:00+00
news_reports,Madhya Pradesh,Morena,Chambal,2025-03-28 18:30:00+00
news_reports,Jharkhand,"Giridih, Dhanbad",Barakar,2025-05-13 18:30:00+00
news_reports,Madhya Pradesh,Morena,Chambal,2024-12-13 18:30:00+00
news_reports,Karnataka,Hassan,N/A,2025-05-15 18:30:00+00
news_reports,Punjab,"Amritsar, Barnala, Bathinda, Faridkot, Gurdaspur, Hoshiarpur, Muktsar, Patiala, Rupnagar, Sahibzada Ajit Singh Nagar, Sangrur, Shahid Bhagat Singh Nagar (Nawanshahr), Tarn Taran, Fatehgarh Sahib, Firozpur, Jalandhar, Kapurthala, Ludhiana, Moga, Mansa, Pathankot, Fazilka",N/A,2025-04-04 18:30:00+00
news_reports,Uttar Pradesh,Banda,Ken,2025-04-21 18:30:00+00
news_reports,Maharashtra,Gadchiroli,N/A,2025-05-12 18:30:00+00
news_reports,Assam,Dhubri,Brahmaputra,2024-12-23 18:30:00+00
news_reports,Karnataka,Chikkamaguluru / Chikmagalur,Hemavathi,2016-04-02 18:30:00+00
news_reports,"Maharashtra, Andhra Pradesh, Madhya Pradesh, Punjab, Tamil Nadu","Morena, Anantapur, Chittoor, Y.s.r. / Kadapa, East Godavari, Hyderabad, Karimnagar, Kurnool, Mahbubnagar, Krishna, Medak, Nalgonda, Sri Potti Sriramulu Nellore, Khammam, Nizamabad, Prakasam, Guntur, Rangareddy, West Godavari, Alirajpur, Warangal, Anuppur, Ashoknagar, Balaghat, Barwani, Vizianagaram, Betul, Bhind, Bhopal, Burhanpur, Visakhapatnam, Chhatarpur, Chhindwara, Damoh, Srikakulam, Datia, Dewas, Dhar, Dindori, Gadchiroli, Hingoli, Jalna, Kolhapur, Latur, Jalgaon, Mumbai, Mumbai Suburban, Nagpur, Nanded, Gondia, Nandurbar, Dharashiv (Osmanabad), Parbhani, Nashik, Raigad, Ratnagiri, Satara, Sindhudurg, Sangli, Solapur, Thane, Wardha, Washim, Pune, Yavatmal, Amritsar, Barnala, Bathinda, Dhule, Faridkot, Fatehgarh Sahib, Firozpur, Gurdaspur, Chandrapur, Moga, Muktsar, Patiala, Rupnagar, Mansa, Sahibzada Ajit Singh Nagar, Sangrur, Shahid Bhagat Singh Nagar (Nawanshahr), Ludhiana, Tarn Taran, Ariyalur, Kapurthala, Chennai, Cuddalore, Dharmapuri, Coimbatore, Dindigul, Erode, Kanniyakumari, Kancheepuram, Karur, Krishnagiri, Madurai, Jalandhar, Namakkal, Perambalur, Ramanathapuram, Pudukkottai, Salem, Sivaganga, Thanjavur, Hoshiarpur, Thoothukkudi, Tiruchirappalli, Tirunelveli, Thiruvarur, Tiruppur, Tiruvannamalai, Vellore, Viluppuram, Virudhunagar, Nagapattinam, Annamayya, Sri Sathya Sai, Palnadu / Narasaraopet, Tirupati, Fazilka, Thiruvallur, Pathankot, Bapatla, Dr. B. R. Ambedkar Konaseema / Konaseema, Palghar, Nandyal, Chengalpattu, Theni, Kallakurichi, Ranipet, Tenkasi, Tirupathur, Mayiladuthurai, East Godavari, Niwari, Pandhurna, The Nilgiris, Buldhana, Beed, Kakinada, Bhandara, Amravati, Akola, Ahmadnagar, Chhatrapati Sambhajinagar (Aurangabad), Vidisha, Umaria, Ujjain, Singrauli, Sidhi, Maihar, Mauganj, Khargone (West Nimar), Shivpuri, Sheopur, Shajapur, Tikamgarh, Seoni, Sehore, Satna, Sagar, Rewa, Ratlam, Raisen, Panna, Rajgarh, Neemuch, Narsimhapur, Mandla, Katni, Jhabua, Jabalpur, Indore, Harda, Gwalior, Guna, Narmadapuram, Shahdol, Mandsaur, Agar-Malwa, Khandwa (East Nimar)",N/A,2024-12-04 18:30:00+00
news_reports,"Madhya Pradesh, Rajasthan, Gujarat","Alirajpur, Anuppur, Ashoknagar, Balaghat, Barwani, Betul, Bhind, Bhopal, Burhanpur, Chhatarpur, Chhindwara, Damoh, Datia, Dewas, Dhar, Dindori, Khandwa (East Nimar), Guna, Gwalior, Harda, Narmadapuram, Indore, Jabalpur, Jhabua, Katni, Mandla, Mandsaur, Morena, Narsimhapur, Neemuch, Panna, Raisen, Rajgarh, Ratlam, Rewa, Sagar, Satna, Seoni, Sehore, Shajapur, Sheopur, Shahdol, Sidhi, Singrauli, Tikamgarh, Ujjain, Shivpuri, Umaria, Pandhurna, Niwari, Khargone (West Nimar), Agar-Malwa, Maihar, Mauganj, Vidisha, Ajmer, Alwar, Baran, Barmer, Bharatpur, Banswara, Bhilwara, Bikaner, Bundi, Chittaurgarh, Churu, Hanumangarh, Jaipur, Jaisalmer, Jalor, Ganganagar, Kota, Nagaur, Tonk, Udaipur, Sikar, Rajsamand, Pratapgarh, Jodhpur, Pali, Sirohi, Jhunjhunun, Dausa, Dungarpur, Jhalawar, Karauli, Sawai Madhopur, Dhaulpur, Ahmedabad, Amreli, Anand, Banas Kantha, Bharuch, Bhavnagar, Dahod, Jamnagar, Gandhinagar, Junagadh, Kachchh, Mahesana, Narmada, Navsari, Panch Mahals, Kheda, Patan, Porbandar, Sabar Kantha, Surendranagar, Devbhumi Dwarka, Botad, Arvalli, Tapi, Chhotaudepur, Valsad, Vadodara, Dang, Rajkot, Morbi, Mahisagar, Gir Somnath, Surat",N/A,2016-05-19 18:30:00+00
news_reports,Madhya Pradesh,Singrauli,N/A,2024-09-02 18:30:00+00
news_reports,Madhya Pradesh,Narsimhapur,Narmada,2020-10-09 18:30:00+00
news_reports,Madhya Pradesh,Bhind,N/A,2018-03-26 18:30:00+00
news_reports,Madhya Pradesh,"Alirajpur, Barwani, Dhar",Narmada,2015-05-13 18:30:00+00
news_reports,Madhya Pradesh,"Bhind, Morena",Chambal,2025-01-31 18:30:00+00
news_reports,Madhya Pradesh,"Shahdol, Umaria, Rewa",Sone,2024-12-08 18:30:00+00
news_reports,Madhya Pradesh,Chhatarpur,N/A,2017-06-18 18:30:00+00
news_reports,Madhya Pradesh,Bhind,N/A,2018-03-26 18:30:00+00
news_reports,Madhya Pradesh,Sidhi,Sone,2019-09-13 18:30:00+00
news_reports,Madhya Pradesh,"Alirajpur, Ashoknagar, Barwani, Bhind, Burhanpur, Betul, Balaghat, Anuppur, Bhopal, Chhatarpur, Chhindwara, Datia, Damoh, Dewas, Dhar, Dindori, Khandwa (East Nimar), Guna, Harda, Narmadapuram, Gwalior, Indore, Jabalpur, Jhabua, Katni, Mandla, Neemuch, Panna, Raisen, Rajgarh, Narsimhapur, Ratlam, Rewa, Sagar, Satna, Morena, Sehore, Seoni, Shahdol, Shajapur, Mandsaur, Sheopur, Shivpuri, Ujjain, Umaria, Tikamgarh, Vidisha, Khargone (West Nimar), Pandhurna, Niwari, Mauganj, Maihar, Agar-Malwa, Sidhi, Singrauli",N/A,2013-12-07 18:30:00+00
news_reports,Madhya Pradesh,"Narmadapuram, Agar-Malwa, Mandla",N/A,2020-06-10 18:30:00+00
news_reports,Maharashtra,"Ahmadnagar, Akola, Chhatrapati Sambhajinagar (Aurangabad), Amravati, Bhandara, Buldhana, Beed, Gadchiroli, Hingoli, Jalgaon, Jalna, Gondia, Kolhapur, Latur, Mumbai, Mumbai Suburban, Dhule, Nagpur, Nandurbar, Nashik, Nanded, Dharashiv (Osmanabad), Parbhani, Raigad, Pune, Ratnagiri, Sangli, Satara, Sindhudurg, Solapur, Thane, Wardha, Chandrapur, Washim, Yavatmal, Palghar",N/A,2025-04-09 18:30:00+00
news_reports,Madhya Pradesh,Raisen,Narmada,2020-07-25 18:30:00+00
news_reports,Madhya Pradesh,"Jabalpur, Narmadapuram, Khandwa (East Nimar), Shahdol","Narmada, Sone, Tawa",2019-12-14 18:30:00+00
news_reports,Madhya Pradesh,"Chhatarpur, Panna",Ken,2017-05-23 18:30:00+00
news_reports,Madhya Pradesh,Chhatarpur,Ken,2022-12-06 18:30:00+00
news_reports,Madhya Pradesh,"Barwani, Khargone (West Nimar), Dhar, Alirajpur",Narmada,2015-10-12 18:30:00+00
news_reports,Madhya Pradesh,Panna,Chambal,2019-05-18 18:30:00+00
news_reports,Madhya Pradesh,Narmadapuram,Tawa,2024-05-25 18:30:00+00
news_reports,Madhya Pradesh,Jabalpur,Narmada,2021-08-22 18:30:00+00
news_reports,Madhya Pradesh,Shahdol,N/A,2024-05-05 18:30:00+00
news_reports,Madhya Pradesh,Morena,Chambal,2025-03-21 18:30:00+00
news_reports,Madhya Pradesh,"Umaria, Jabalpur",Sone,2024-05-15 18:30:00+00
news_reports,Madhya Pradesh,Betul,N/A,2024-06-06 18:30:00+00
news_reports,Madhya Pradesh,Chhindwara,N/A,2024-05-31 18:30:00+00
news_reports,Madhya Pradesh,Burhanpur,N/A,2025-05-14 18:30:00+00
news_reports,Madhya Pradesh,"Umaria, Shahdol",Sone,2017-05-21 18:30:00+00
news_reports,Madhya Pradesh,"Morena, Sidhi","Chambal, Sone",2015-05-12 18:30:00+00
news_reports,Madhya Pradesh,"Narmadapuram, Sehore",Narmada,2024-02-05 18:30:00+00
news_reports,Madhya Pradesh,"Bhopal, Alirajpur, Anuppur, Ashoknagar, Balaghat, Barwani, Betul, Bhind, Burhanpur, Chhatarpur, Chhindwara, Damoh, Datia, Dewas, Dhar, Khandwa (East Nimar), Guna, Gwalior, Harda, Narmadapuram, Dindori, Indore, Jabalpur, Morena, Narsimhapur, Mandsaur, Mandla, Katni, Jhabua, Rajgarh, Raisen, Ratlam, Rewa, Sagar, Satna, Sehore, Panna, Seoni, Shahdol, Shajapur, Sheopur, Neemuch, Shivpuri, Sidhi, Singrauli, Tikamgarh, Ujjain, Umaria, Khargone (West Nimar), Niwari, Vidisha, Mauganj, Maihar, Agar-Malwa, Pandhurna",N/A,2023-05-16 18:30:00+00
news_reports,Madhya Pradesh,Narsimhapur,Narmada,2016-08-04 18:30:00+00
news_reports,Madhya Pradesh,Guna,"Parvati, Sindh",2025-01-06 18:30:00+00
news_reports,Madhya Pradesh,Panna,N/A,2012-03-10 18:30:00+00
news_reports,Madhya Pradesh,Chhindwara,Narmada,2024-05-31 18:30:00+00
news_reports,Karnataka,Koppal,Hirehalla,2025-06-27 18:30:00+00
news_reports,Madhya Pradesh,"Morena, Bhind","Chambal, Sindh",2015-04-08 18:30:00+00
news_reports,Madhya Pradesh,Betul,N/A,2025-01-10 18:30:00+00
news_reports,Madhya Pradesh,Betul,Tawa,2024-05-15 18:30:00+00
news_reports,"Madhya Pradesh, Gujarat",Alirajpur,N/A,2013-07-11 18:30:00+00
news_reports,Madhya Pradesh,Rajgarh,"Parvati, Kali Sindh, Nevaj, Narmada, Tawa, Chambal, Ajnar, Gadnala",2025-02-25 18:30:00+00
news_reports,Madhya Pradesh,Jabalpur,N/A,2024-06-05 18:30:00+00
news_reports,Madhya Pradesh,"Narmadapuram, Alirajpur, Anuppur, Dindori, Mandla, Balaghat, Seoni, Jabalpur, Narsimhapur, Chhindwara, Betul, Harda, Raisen, Sehore, Khandwa (East Nimar), Khargone (West Nimar), Dewas, Indore, Dhar, Barwani",Narmada,2017-05-24 18:30:00+00
news_reports,"Madhya Pradesh, Uttar Pradesh, Rajasthan","Indore, Ujjain, Ratlam, Mandsaur, Neemuch, Morena, Etawah, Agra, Kota, Baran, Bundi, Sawai Madhopur, Karauli",Chambal,2014-03-07 18:30:00+00
news_reports,Madhya Pradesh,Sidhi,Sone,2021-08-26 18:30:00+00
news_reports,Madhya Pradesh,"Mandla, Dindori, Shahdol, Dhar, Jhabua, Barwani, Jabalpur",N/A,2024-05-08 18:30:00+00
news_reports,Madhya Pradesh,Raisen,N/A,2024-11-18 18:30:00+00
news_reports,Madhya Pradesh,Shahdol,N/A,2024-05-05 18:30:00+00
news_reports,Rajasthan,Dhaulpur,Chambal,2025-05-22 18:30:00+00
news_reports,Madhya Pradesh,Khargone (West Nimar),N/A,2021-07-06 18:30:00+00
news_reports,Madhya Pradesh,Shahdol,N/A,2024-05-06 18:30:00+00
news_reports,Madhya Pradesh,"Panna, Chhatarpur",Ken,2019-03-28 18:30:00+00
news_reports,Madhya Pradesh,"Narmadapuram, Bhind, Morena, Shahdol, Betul, Harda, Dewas, Dhar","Narmada, Tawa, Chambal, Parvati, Sone",2024-05-24 18:30:00+00
news_reports,Madhya Pradesh,Morena,Chambal,2023-01-19 18:30:00+00
news_reports,Madhya Pradesh,"Seoni, Khargone (West Nimar)","Narmada, Kunda",2017-05-24 18:30:00+00
news_reports,Madhya Pradesh,"Dindori, Mandla",N/A,2024-05-22 18:30:00+00
news_reports,Madhya Pradesh,Morena,Chambal,2014-05-13 18:30:00+00
news_reports,"Madhya Pradesh, Rajasthan","Morena, Dhaulpur, Sagar",Chambal,2025-02-27 18:30:00+00
news_reports,Madhya Pradesh,"Bhind, Datia",N/A,2019-08-29 18:30:00+00
news_reports,Madhya Pradesh,Shahdol,N/A,2025-04-23 18:30:00+00
news_reports,Madhya Pradesh,Narmadapuram,N/A,2019-07-21 18:30:00+00
news_reports,Rajasthan,Dhaulpur,Chambal,2025-02-12 18:30:00+00
news_reports,Madhya Pradesh,Harda,Narmada,2017-05-28 18:30:00+00
news_reports,Madhya Pradesh,Chhatarpur,N/A,2017-07-31 18:30:00+00
news_reports,Madhya Pradesh,"Dhar, Harda, Dewas, Sehore, Narsimhapur, Chhatarpur, Bhind, Narmadapuram, Mandla, Jabalpur",Narmada,2019-03-16 18:30:00+00
news_reports,Karnataka,"Udupi, Kalaburagi / Gulbarga, Shivamogga / Shimoga, Raichur","Tungabhadra, Kaveri, Varahi, Swarna",2021-11-14 18:30:00+00
news_reports,Madhya Pradesh,Sidhi,Sone,2017-12-25 18:30:00+00
news_reports,Madhya Pradesh,Morena,Chambal,2025-02-05 18:30:00+00
news_reports,Telangana,Bhadradri Kothagudem,Godavari,2024-12-06 18:30:00+00
news_reports,"Madhya Pradesh, Rajasthan, Uttar Pradesh","Morena, Dhaulpur, Gwalior, Bhind, Bharatpur, Agra, Etawah, Jhansi",Chambal,2025-04-03 18:30:00+00
news_reports,Madhya Pradesh,"Mandsaur, Neemuch",Chambal,2025-03-03 18:30:00+00
news_reports,Madhya Pradesh,Morena,Chambal,2025-01-25 18:30:00+00
news_reports,Rajasthan,Dhaulpur,Chambal,2025-01-28 18:30:00+00
news_reports,Rajasthan,Dhaulpur,Chambal,2025-04-20 18:30:00+00
news_reports,Rajasthan,Dhaulpur,Chambal,2025-05-02 18:30:00+00
news_reports,Rajasthan,Dhaulpur,Chambal,2025-04-14 18:30:00+00
news_reports,Madhya Pradesh,Anuppur,Narmada,2019-03-08 18:30:00+00
news_reports,Rajasthan,Dhaulpur,Chambal,2025-05-23 18:30:00+00
news_reports,Rajasthan,Dhaulpur,Chambal,2025-04-27 18:30:00+00
news_reports,Rajasthan,Dhaulpur,Chambal,2025-02-18 18:30:00+00
news_reports,"Rajasthan, Madhya Pradesh",Dhaulpur,Chambal,2025-03-13 18:30:00+00
news_reports,Rajasthan,Dhaulpur,Chambal,2025-04-11 18:30:00+00
news_reports,Madhya Pradesh,Bhind,N/A,2025-06-09 18:30:00+00
news_reports,Madhya Pradesh,"Katni, Bhind",N/A,2013-08-09 18:30:00+00
news_reports,Madhya Pradesh,"Jabalpur, Narsimhapur","Narmada, Shed, Shakkar, Dudhi",2020-11-05 18:30:00+00
news_reports,Madhya Pradesh,"Singrauli, Shahdol","Sone, Patir",2024-09-02 18:30:00+00
news_reports,Madhya Pradesh,Morena,N/A,2025-03-21 18:30:00+00
news_reports,Madhya Pradesh,Sidhi,Gopad,2025-06-05 18:30:00+00
news_reports,Uttar Pradesh,Banda,Ken,2025-03-09 18:30:00+00
news_reports,"Madhya Pradesh, Rajasthan, Uttar Pradesh","Indore, Ujjain, Ratlam, Mandsaur, Neemuch, Morena, Sheopur, Etawah, Agra, Kota, Baran, Bundi, Sawai Madhopur, Karauli, Dhaulpur",Chambal,2025-05-12 18:30:00+00
news_reports,Madhya Pradesh,Shivpuri,N/A,2025-05-29 18:30:00+00
news_reports,Madhya Pradesh,Morena,Chambal,2025-03-28 18:30:00+00
news_reports,Rajasthan,Dhaulpur,N/A,2025-01-22 18:30:00+00
news_reports,Madhya Pradesh,Niwari,N/A,2021-02-17 18:30:00+00
news_reports,Madhya Pradesh,Barwani,Narmada,2025-05-16 18:30:00+00
news_reports,Madhya Pradesh,Bhind,N/A,2025-05-26 18:30:00+00
news_reports,Madhya Pradesh,"Sidhi, Morena",Sone,2015-04-07 18:30:00+00
news_reports,Madhya Pradesh,Bhind,N/A,2025-06-05 18:30:00+00
news_reports,Madhya Pradesh,"Shahdol, Jabalpur, Khandwa (East Nimar), Narmadapuram","Narmada, Orsang, Sone, Tawa",2021-07-20 18:30:00+00
news_reports,Uttar Pradesh,Banda,Chandrawal,2023-12-03 18:30:00+00
news_reports,Madhya Pradesh,Morena,Chambal,2025-04-24 18:30:00+00
news_reports,Madhya Pradesh,"Morena, Chhindwara, Sagar",N/A,2025-04-07 18:30:00+00
news_reports,Madhya Pradesh,Dewas,N/A,2025-06-01 18:30:00+00
news_reports,Madhya Pradesh,Rajgarh,N/A,2024-08-17 18:30:00+00
news_reports,Madhya Pradesh,"Bhopal, Damoh, Chhatarpur, Betul, Bhind, Narmadapuram, Katni, Mandla, Jabalpur, Anuppur, Dindori, Khandwa (East Nimar), Guna, Indore, Datia, Raisen, Rajgarh, Ratlam, Rewa, Satna, Chhindwara, Sehore, Seoni, Shivpuri, Sidhi, Ashoknagar, Tikamgarh, Umaria, Vidisha, Khargone (West Nimar), Dewas, Dhar, Gwalior, Harda, Jhabua, Burhanpur, Mandsaur, Morena, Narsimhapur, Neemuch, Barwani, Panna, Sagar, Shahdol, Shajapur, Balaghat, Sheopur, Singrauli, Ujjain, Niwari, Alirajpur, Pandhurna, Mauganj, Maihar, Agar-Malwa",Narmada,2017-05-25 18:30:00+00
news_reports,Kerala,"Pathanamthitta, Malappuram, Palakkad, Thrissur, Ernakulam, Kannur, Kasargod","Pamba, Achankovil, Periyar, Muvattupuzha, Bharathapuzha, Chaliyar, Kadalundi, Uppala, Chandrawal, Sreekandapuram, Valapattanam, Perumba, Shiriya, Payaswini, Mogral",2025-03-23 18:30:00+00
news_reports,Madhya Pradesh,"Bhopal, Ashoknagar, Chhindwara, Dindori, Khandwa (East Nimar), Datia, Guna, Chhatarpur, Damoh, Katni, Mandla, Indore, Narmadapuram, Anuppur, Ratlam, Satna, Rewa, Rajgarh",N/A,2015-08-20 18:30:00+00
news_reports,Madhya Pradesh,"Bhopal, Chhindwara, Damoh, Chhatarpur, Ashoknagar, Anuppur, Datia, Dindori, Khandwa (East Nimar), Guna, Narmadapuram, Indore, Katni, Mandla, Raisen, Rajgarh, Ratlam, Rewa, Satna","Chambal, Yamuna, Gomti, Ganga, Hindon",2013-08-16 18:30:00+00
news_reports,Madhya Pradesh,Bhind,N/A,2025-05-04 18:30:00+00
news_reports,Madhya Pradesh,"Mandsaur, Neemuch",N/A,2025-03-12 18:30:00+00
news_reports,Rajasthan,Dhaulpur,Chambal,2025-01-21 18:30:00+00
news_reports,Goa,"North Goa, South Goa",Mandovi,2025-07-01 18:30:00+00
news_reports,Madhya Pradesh,Bhind,Chambal,2025-06-09 18:30:00+00
news_reports,Madhya Pradesh,Bhind,Chambal,2025-05-21 18:30:00+00
news_reports,Madhya Pradesh,"Panna, Morena",Ken,2012-03-12 18:30:00+00
news_reports,Madhya Pradesh,Gwalior,N/A,2021-12-27 18:30:00+00
news_reports,Chhattisgarh,Rajnandgaon,N/A,2025-06-15 21:00:00+00
news_reports,Madhya Pradesh,Bhind,N/A,2025-05-28 18:30:00+00
news_reports,Madhya Pradesh,Sheopur,Chambal,2024-12-05 18:30:00+00
news_reports,Madhya Pradesh,Shahdol,Sone,2022-11-23 18:30:00+00
news_reports,Madhya Pradesh,"Sidhi, Morena","Sone, Chambal",2025-05-10 18:30:00+00
news_reports,Madhya Pradesh,Chhatarpur,Urmil,2018-02-09 18:30:00+00
news_reports,Nagaland,Dimapur,Dhansiri,2021-08-24 18:30:00+00
news_reports,Madhya Pradesh,Morena,N/A,2013-02-22 18:30:00+00
news_reports,Madhya Pradesh,Sheopur,Parbati (Chambal),2025-02-14 18:30:00+00
news_reports,Madhya Pradesh,Sheopur,N/A,2024-01-11 18:30:00+00
news_reports,Haryana,"Palwal, Sonipat, Faridabad, Yamunanagar",Yamuna,2025-06-22 18:30:00+00
news_reports,Madhya Pradesh,Morena,Chambal,2014-06-10 18:30:00+00
news_reports,Madhya Pradesh,"Alirajpur, Balaghat, Ashoknagar, Anuppur, Barwani, Betul, Bhopal, Burhanpur, Chhatarpur, Chhindwara, Damoh, Datia, Bhind, Dewas, Dhar, Dindori, Khandwa (East Nimar), Guna, Gwalior, Harda, Narmadapuram, Indore, Jabalpur, Jhabua, Katni, Mandla, Mandsaur, Morena, Narsimhapur, Neemuch, Panna, Raisen, Ratlam, Rewa, Sagar, Satna, Sehore, Seoni, Shahdol, Rajgarh, Shajapur, Sheopur, Shivpuri, Sidhi, Singrauli, Tikamgarh, Umaria, Vidisha, Khargone (West Nimar), Niwari, Pandhurna, Ujjain, Mauganj, Maihar, Agar-Malwa",N/A,2025-06-26 18:30:00+00
news_reports,Tamil Nadu,Karur,Amaravathi,2025-06-26 18:30:00+00
news_reports,Andhra Pradesh,Krishna,N/A,2025-07-02 18:30:00+00
news_reports,Chhattisgarh,Gariyaband,Pairi,2025-06-10 18:30:00+00
news_reports,Bihar,"Patna, Bhojpur, Gaya, Rohtas, Bhagalpur, Saran, Aurangabad, Arwal, Khagaria, Banka, Nawada, Jehanabad","Ganga, Sone, Kiul, Falgu, Chanan, Morhar, Punpun",2024-07-25 18:30:00+00
news_reports,Jharkhand,"Giridih, Hazaribagh, Gumla, West Singhbum, Palamu, East Singhbum, Ramgarh, Simdega, Bokaro, Chatra, Deoghar, Dhanbad, Dumka, Garhwa, Godda, Jamtara, Khunti, Koderma, Latehar, Lohardaga, Pakur, Ranchi, Sahebganj, Saraikela-kharsawan",N/A,2025-06-30 18:30:00+00
news_reports,Jharkhand,"Giridih, Hazaribagh, Gumla, Palamu, West Singhbum, East Singhbum, Ramgarh, Simdega, Bokaro, Chatra, Deoghar, Dhanbad, Dumka, Godda, Jamtara, Khunti, Koderma, Latehar, Lohardaga, Garhwa, Pakur, Ranchi, Sahebganj, Saraikela-kharsawan",N/A,2025-06-09 18:30:00+00
news_reports,Meghalaya,South Garo Hills,N/A,2022-11-28 18:30:00+00
news_reports,West Bengal,"Kolkata, Bankura, Dakshin Dinajpur, Darjeeling, Howrah/Haora, Hugli / Hooghly, Cooch Behar, Murshidabad, North 24 Parganas, Paschim Medinipur, Purba Medinipur, Purulia, Uttar Dinajpur, Birbhum, Jalpaiguri, Malda, Nadia, South 24 Parganas, Kalimpong, Purba Bardhaman, Alipurduar, Jhargram, Paschim Bardhaman",N/A,2025-06-10 18:30:00+00
news_reports,Chhattisgarh,Raipur,Arpa,2025-02-18 18:30:00+00
news_reports,Chhattisgarh,Balrampur-Ramanujganj,Kanhar,2025-05-13 18:30:00+00
news_reports,Chhattisgarh,Janjgir-champa,N/A,2025-06-19 18:30:00+00
news_reports,Bihar,"Bhojpur, Saran, Buxar, Vaishali","Sone, Ganga",2022-08-18 18:30:00+00
news_reports,Nagaland,Niuland,Diphu / Chathe,2025-06-19 18:30:00+00
news_reports,Chhattisgarh,Rajnandgaon,Shivnath,2025-06-12 18:30:00+00
news_reports,"Nagaland, Assam","Dimapur, Karbi Anglong",N/A,2024-06-26 18:30:00+00
news_reports,Tripura,West Tripura,Howrah,2025-03-27 18:30:00+00
news_reports,Nagaland,Dimapur,"Dhansiri, Diphu / Chathe",2015-03-19 18:30:00+00
news_reports,Chhattisgarh,"Raipur, Balrampur-Ramanujganj, Dhamtari, Janjgir-champa, Korea / Koriya, Dakshin Bastar Dantewada, Bijapur, Bilaspur, Durg, Jashpur, Bastar, Uttar Bastar Kanker, Korba, Mahasamund, Narayanpur, Rajnandgaon, Surguja, Kabeerdham, Balod, Balodabazar-Bhatapara, Bemetara, Gariyaband, Gaurela-Pendra-Marwahi, Khairagarh-Chhuikhadan-Gandai, Raigarh, Kondagaon, Manendragarh-Chirmiri-Bharatpur (MCB), Surajpur, Sakti, Sarangarh-Bilaigarh, Mohla-Manpur-Ambagarh Chouki, Mungeli",N/A,2025-05-16 21:00:00+00
news_reports,Manipur,Imphal East,Thoubal,2021-07-04 18:30:00+00
news_reports,Bihar,"Araria, Aurangabad, Begusarai, Buxar, Gaya, Jamui, Kishanganj, Madhepura, Madhubani, Pashchim Champaran, Patna, Rohtas, Saharsa, Samastipur, Sheohar, Sitamarhi, Siwan, Supaul, Arwal, Vaishali, Sheikhpura, Saran, Purnia, Purbi Champaran, Nalanda, Muzaffarpur, Munger, Lakhisarai, Khagaria, Katihar, Gopalganj, Kaimur (Bhabua), Nawada, Jehanabad, Bhagalpur, Bhojpur, Banka, Darbhanga",N/A,2024-10-16 18:30:00+00
news_reports,"Andhra Pradesh, Odisha",Ganjam,Bahuda,2026-01-01 18:30:00+00
news_reports,Jharkhand,Deoghar,Ajay,2025-06-01 18:30:00+00
news_reports,Chhattisgarh,"Korba, Janjgir-champa, Surguja, Balrampur-Ramanujganj",Hasdeo,2025-06-17 18:30:00+00
news_reports,Meghalaya,"East Khasi Hills, West Khasi Hills, East Garo Hills, Jaintia Hills, Ribhoi, South Garo Hills, West Garo Hills, East Jaintia Hills, Eastern West Khasi Hills, North Garo Hills, South West Khasi Hills, South West Garo Hills, West Jaintia Hills",N/A,2024-08-27 18:30:00+00
news_reports,Jharkhand,"Khunti, Ranchi","Koel, Karo, Chhata",2025-04-25 18:30:00+00
news_reports,Nagaland,Dimapur,Dhansiri,2010-09-15 18:30:00+00
news_reports,"West Bengal, Sikkim",Pakyong,Rongai,2022-12-29 18:30:00+00
news_reports,Bihar,"Patna, Bhojpur, Gaya, Saran, Bhagalpur, Rohtas, Aurangabad, Arwal, Jehanabad, Banka, Nawada","Ganga, Gandak, Kosi (Bihar), Ghaghra, Mahananda, Parman",2024-09-02 18:30:00+00
news_reports,Odisha,Jajapur,Baitrani,2025-06-30 18:30:00+00
news_reports,Chhattisgarh,Balrampur-Ramanujganj,Kanhar,2025-05-12 18:30:00+00
news_reports,Assam,Goalpara,Dudhnoi/Manda,2025-05-28 18:30:00+00
news_reports,Bihar,"Araria, Jamui, Kishanganj, Madhepura, Madhubani, Pashchim Champaran, Gaya, Patna, Rohtas, Saharsa, Samastipur, Sheohar, Buxar, Sitamarhi, Siwan, Supaul, Jehanabad, Banka, Bhagalpur, Begusarai, Bhojpur, Darbhanga, Gopalganj, Kaimur (Bhabua), Aurangabad, Katihar, Khagaria, Lakhisarai, Purbi Champaran, Nalanda, Nawada, Purnia, Saran, Sheikhpura, Vaishali, Muzaffarpur, Arwal, Munger",N/A,2025-05-14 18:30:00+00
news_reports,Sikkim,"Pakyong, Gangtok, Namchi, Gyalshing, Mangan, Soreng",N/A,2022-02-01 18:30:00+00
news_reports,Odisha,"Anugul, Boudh, Baleshwar, Bhadrak, Jagatsinghapur, Jharsuguda, Kalahandi, Kendrapara, Khordha, Malkangiri, Nabarangapur, Mayurbhanj, Nuapada, Puri, Rayagada, Subarnapur (Sonepur), Balangir, Bargarh, Cuttack, Deogarh (Debagarh), Dhenkanal, Gajapati, Ganjam, Jajapur, Kandhamal, Kendujhar, Koraput, Nayagarh, Sambalpur, Sundargarh",N/A,2025-03-10 18:30:00+00
news_reports,Odisha,"Jagatsinghapur, Puri","Mahanadi, Chitrotopla, Devi",2025-03-31 18:30:00+00
news_reports,West Bengal,Bankura,N/A,2024-07-04 18:30:00+00
news_reports,Jharkhand,"Giridih, Gumla, Palamu, Hazaribagh, East Singhbum, West Singhbum, Ramgarh, Simdega, Bokaro, Chatra, Deoghar, Dhanbad, Dumka, Garhwa, Godda, Jamtara, Khunti, Koderma, Latehar, Lohardaga, Pakur, Ranchi, Sahebganj, Saraikela-kharsawan",N/A,2025-05-09 18:30:00+00
news_reports,West Bengal,Kalimpong,"Ralli / Relli, Pala",2024-05-15 18:30:00+00
news_reports,Assam,"Karbi Anglong, Hojai",Kopili,2025-02-15 18:30:00+00
news_reports,Assam,Udalguri,N/A,2025-04-08 18:30:00+00
news_reports,Odisha,Puri,"Bhargavi, Kushabhadra",2025-07-02 18:30:00+00
news_reports,Jharkhand,"Giridih, Gumla, Hazaribagh, Palamu, West Singhbum, East Singhbum, Ramgarh, Simdega, Bokaro, Chatra, Deoghar, Dhanbad, Garhwa, Godda, Khunti, Koderma, Latehar, Lohardaga, Jamtara, Pakur, Sahebganj, Saraikela-kharsawan, Ranchi, Dumka",N/A,2019-06-01 18:30:00+00
news_reports,West Bengal,Jalpaiguri,"Teesta, Ghish, Jaldhaka, Raidak, torsa",2024-12-27 18:30:00+00
news_reports,Sikkim,"Gangtok, Pakyong",Rangpo,2022-01-27 18:30:00+00
news_reports,Bihar,"Araria, Jamui, Gaya, Buxar, Begusarai, Aurangabad, Kishanganj, Madhepura, Madhubani, Pashchim Champaran, Patna, Jehanabad, Banka, Bhagalpur, Bhojpur, Darbhanga, Gopalganj, Supaul, Kaimur (Bhabua), Katihar, Khagaria, Lakhisarai, Munger, Siwan, Muzaffarpur, Nalanda, Nawada, Purbi Champaran, Purnia, Sitamarhi, Saran, Sheikhpura, Vaishali, Arwal, Rohtas, Saharsa, Samastipur, Sheohar",N/A,2023-05-11 18:30:00+00
news_reports,West Bengal,"Bankura, Birbhum, Hugli / Hooghly, Purba Bardhaman, Paschim Medinipur, Howrah/Haora, Paschim Bardhaman",N/A,2021-08-02 18:30:00+00
news_reports,West Bengal,"Darjeeling, Jalpaiguri, Cooch Behar",Teesta,2025-04-08 18:30:00+00
news_reports,Assam,Marigaon,N/A,2025-05-13 18:30:00+00
news_reports,Odisha,"Khordha, Anugul, Baleshwar, Boudh, Jagatsinghapur, Jharsuguda, Bhadrak, Kalahandi, Kendrapara, Malkangiri, Mayurbhanj, Nabarangapur, Puri, Rayagada, Subarnapur (Sonepur), Balangir, Bargarh, Nuapada, Cuttack, Deogarh (Debagarh), Dhenkanal, Gajapati, Ganjam, Kandhamal, Kendujhar, Koraput, Nayagarh, Sambalpur, Sundargarh, Jajapur",N/A,2025-06-04 18:30:00+00
news_reports,Assam,West Karbi Anglong,N/A,2025-06-17 18:30:00+00
news_reports,West Bengal,"Purba Bardhaman, Birbhum",Ajay,2025-07-05 18:30:00+00
news_reports,West Bengal,"Howrah/Haora, Bankura, Darjeeling, Hugli / Hooghly, Kolkata, Murshidabad, Purba Medinipur, Purulia, Uttar Dinajpur, Purba Bardhaman, North 24 Parganas, Paschim Medinipur, Cooch Behar, Jalpaiguri, Birbhum, Nadia, South 24 Parganas, Kalimpong, Alipurduar, Jhargram, Malda, Paschim Bardhaman, Dakshin Dinajpur",N/A,2021-08-02 18:30:00+00
news_reports,Odisha,"Anugul, Baleshwar, Boudh, Bhadrak, Jagatsinghapur, Jharsuguda, Kalahandi, Kendrapara, Khordha, Malkangiri, Mayurbhanj, Nabarangapur, Nuapada, Puri, Rayagada, Subarnapur (Sonepur), Balangir, Bargarh, Cuttack, Deogarh (Debagarh), Dhenkanal, Gajapati, Ganjam, Jajapur, Kandhamal, Kendujhar, Koraput, Nayagarh, Sambalpur, Sundargarh",N/A,2025-03-22 18:30:00+00
news_reports,Jharkhand,"Gumla, Hazaribagh, Palamu, West Singhbum, East Singhbum, Giridih, Ramgarh, Simdega, Chatra, Deoghar, Dumka, Garhwa, Khunti, Jamtara, Koderma, Latehar, Lohardaga, Pakur, Godda, Dhanbad, Ranchi, Sahebganj, Saraikela-kharsawan, Bokaro",N/A,2024-12-19 18:30:00+00
news_reports,"Madhya Pradesh, Rajasthan","Morena, Dhaulpur",Chambal,2026-04-06 18:30:00+00
news_reports,Assam,Bajali,Kaldiya,2024-09-29 18:30:00+00
news_reports,Manipur,"Chandel, Churachandpur, Imphal East, Ukhrul, Bishnupur, Senapati, Tamenglong, Thoubal, Tengnoupal, Imphal West","Thoubal, Imphal",2023-03-01 18:30:00+00
news_reports,Bihar,"Nawada, Kaimur (Bhabua), Gaya",N/A,2025-06-15 18:30:00+00
news_reports,Odisha,Mayurbhanj,N/A,2025-06-02 18:30:00+00
news_reports,Jharkhand,"Khunti, Lohardaga","Chhata, Karo, Koel",2024-10-18 18:30:00+00
news_reports,Manipur,"Thoubal, Chandel, Churachandpur, Imphal East, Ukhrul, Bishnupur, Imphal West, Senapati, Tamenglong","Thoubal, Imphal",2023-03-01 18:30:00+00
news_reports,Odisha,"Kendrapara, Khordha",N/A,2025-06-18 18:30:00+00
news_reports,Assam,Udalguri,N/A,2025-01-30 18:30:00+00
news_reports,"Assam, Meghalaya",Goalpara,"Dudhnoi/Manda, Boko",2024-11-02 18:30:00+00
news_reports,Assam,Darrang,Dhansiri,2025-04-26 18:30:00+00
news_reports,Bihar,"Rohtas, Patna, Nawada, Aurangabad, Gaya, Bhojpur, Bhagalpur, Jamui",N/A,2024-12-24 18:30:00+00
news_reports,West Bengal,Purba Bardhaman,Damodar,2024-08-30 18:30:00+00
news_reports,Manipur,Thoubal,Ingourok,2024-04-19 18:30:00+00
news_reports,Manipur,Thoubal,"Sekmai, Thoubal, Lokchao, Chakpi",2022-05-18 18:30:00+00
news_reports,"Uttar Pradesh, NCT of Delhi","Ghaziabad, North",Yamuna,2025-07-08 18:30:00+00
news_reports,N/A,N/A,N/A,2025-08-31 18:30:00+00
news_reports,Bihar,"Patna, Bhojpur, Saran, Aurangabad, Rohtas, Kaimur (Bhabua), Gaya, Lakhisarai, Jamui, Banka, Bhagalpur, Araria, Begusarai, Buxar, Kishanganj, Madhepura, Madhubani, Pashchim Champaran, Saharsa, Samastipur, Sheohar, Sitamarhi, Siwan, Supaul, Jehanabad, Darbhanga, Gopalganj, Katihar, Khagaria, Munger, Muzaffarpur, Nalanda, Nawada, Purbi Champaran, Purnia, Sheikhpura, Vaishali, Arwal",N/A,2025-07-09 18:30:00+00
news_reports,Maharashtra,Nagpur,"Wainganga, Godavari",2025-07-18 18:30:00+00
news_reports,Haryana,Sonipat,Yamuna,2025-05-26 18:30:00+00
news_reports,Odisha,Dhenkanal,Brahmani,2025-07-20 18:30:00+00
news_reports,Madhya Pradesh,Datia,N/A,2025-07-23 18:30:00+00
news_reports,Bihar,"Patna, Saharsa, Bhojpur, Gaya, Supaul, Saran",N/A,2025-07-28 18:30:00+00
news_reports,Maharashtra,"Wardha, Amravati",Wardha,2025-07-02 18:30:00+00
news_reports,Maharashtra,"Pune, Akola, Bhandara, Buldhana, Chandrapur, Jalgaon, Jalna, Kolhapur, Mumbai, Mumbai Suburban, Nagpur, Nanded, Raigad, Solapur, Thane, Washim, Yavatmal, Ahmadnagar, Amravati, Chhatrapati Sambhajinagar (Aurangabad), Beed, Dhule, Gadchiroli, Gondia, Hingoli, Latur, Nandurbar, Nashik, Dharashiv (Osmanabad), Parbhani, Ratnagiri, Sangli, Satara, Sindhudurg, Wardha, Palghar",N/A,2025-08-04 18:30:00+00
news_reports,Assam,Jorhat,"Brahmaputra, Yamuna",2025-10-18 18:30:00+00
news_reports,Goa,"North Goa, South Goa",Mandovi,2025-08-13 18:30:00+00
news_reports,Telangana,Peddapalli,N/A,2025-08-08 18:30:00+00
news_reports,Madhya Pradesh,"Anuppur, Ashoknagar, Bhopal, Chhatarpur, Chhindwara, Damoh, Datia, Dindori, Khandwa (East Nimar), Guna, Narmadapuram, Indore, Katni, Mandla, Raisen, Rajgarh, Ratlam, Rewa, Satna, Sehore, Seoni, Shivpuri, Sidhi, Tikamgarh, Umaria, Vidisha, Khargone (West Nimar), Alirajpur, Balaghat, Barwani, Betul, Bhind, Burhanpur, Dewas, Dhar, Gwalior, Harda, Jabalpur, Jhabua, Mandsaur, Morena, Narsimhapur, Neemuch, Panna, Sagar, Shahdol, Shajapur, Sheopur, Singrauli, Ujjain, Niwari, Pandhurna, Mauganj, Maihar, Agar-Malwa",Parvati,2025-06-17 18:30:00+00
news_reports,Andhra Pradesh,"Kurnool, Mahbubnagar, Y.s.r. / Kadapa, Chittoor",Tungabhadra,2025-01-11 18:30:00+00
news_reports,Karnataka,Haveri,Tungabhadra,2025-03-10 18:30:00+00
news_reports,Madhya Pradesh,Morena,Chambal,2025-10-13 18:30:00+00
news_reports,Madhya Pradesh,Dewas,N/A,2020-02-08 18:30:00+00
news_reports,Karnataka,Uttara Kannada,"Sharavathi, Kali, Aghanashini, Gangavali",2025-12-10 18:30:00+00
news_reports,Assam,"Kamrup, Barpeta",Brahmaputra,2025-12-14 18:30:00+00
news_reports,"Maharashtra, Madhya Pradesh","Bhandara, Bhopal, Betul, Narmadapuram, Nagpur",N/A,2026-01-10 18:30:00+00
news_reports,Tamil Nadu,Vellore,Palar,2026-01-07 18:30:00+00
news_reports,"NCT of Delhi, Uttar Pradesh",Ghaziabad,Yamuna,2026-01-13 18:30:00+00
news_reports,Madhya Pradesh,Sheopur,Chambal,2026-01-12 18:30:00+00
news_reports,Madhya Pradesh,Shahdol,N/A,2024-05-06 18:30:00+00
news_reports,Madhya Pradesh,Bhind,Chambal,2025-06-08 18:30:00+00
news_reports,West Bengal,"Birbhum, Purulia, Bankura, Paschim Medinipur, Purba Bardhaman, Paschim Bardhaman","Ajay, Damodar, Subarnarekha",2026-01-14 18:30:00+00
news_reports,Andhra Pradesh,Visakhapatnam,Sarada,2025-12-19 18:30:00+00
news_reports,Andhra Pradesh,"Anantapur, Sri Sathya Sai",Chithravathi,2026-01-15 18:30:00+00
news_reports,Andhra Pradesh,Sri Potti Sriramulu Nellore,Penna,2026-01-27 18:30:00+00
news_reports,West Bengal,"Paschim Medinipur, Bankura, Birbhum, Murshidabad, Purba Medinipur, Paschim Bardhaman, Purba Bardhaman","Damodar, Ajay, Subarnarekha",2026-01-14 18:30:00+00
news_reports,Karnataka,Raichur,Krishna,2026-01-28 18:30:00+00
news_reports,West Bengal,"Malda, Dakshin Dinajpur, Birbhum",Ajay,2025-12-08 18:30:00+00
news_reports,Karnataka,Raichur,Krishna,2026-01-31 18:30:00+00
news_reports,Punjab,"Jalandhar, Ludhiana",Sutlej,2026-02-03 18:30:00+00
news_reports,Madhya Pradesh,Morena,Chambal,2026-02-22 18:30:00+00
news_reports,Madhya Pradesh,Morena,Chambal,2026-02-03 18:30:00+00
news_reports,Madhya Pradesh,Morena,Chambal,2025-03-21 18:30:00+00
news_reports,Madhya Pradesh,Sheopur,Chambal,2026-01-19 18:30:00+00
news_reports,Madhya Pradesh,Morena,Chambal,2026-02-03 18:30:00+00
news_reports,Madhya Pradesh,Morena,Chambal,2025-05-03 18:30:00+00
news_reports,Uttar Pradesh,Etawah,Chambal,2025-04-16 18:30:00+00
news_reports,Madhya Pradesh,Datia,Chambal,2025-07-22 18:30:00+00
news_reports,"Rajasthan, Madhya Pradesh","Dhaulpur, Morena",Chambal,2025-03-04 18:30:00+00
news_reports,Madhya Pradesh,Morena,Chambal,2025-04-21 18:30:00+00
news_reports,Karnataka,"Belagavi / Belgaum, Bagalkot, Vijayapura / Bijapur, Kalaburagi / Gulbarga, Koppal, Raichur, Yadgir, Chitradurga, Mangaluru, Uttara Kannada, Shivamogga / Shimoga, Gadag, Dakshina Kannada","Krishna, Tungabhadra, Malaprabha, Bhima, Sharavathi, Aghanashini, Netravathi, Swarna, Phalguni, Vedavati, Panchagangavali, Hemavathi, Kaveri",2026-02-22 18:30:00+00
news_reports,Uttarakhand,Udham Singh Nagar,Kosi (UK/UP),2025-12-29 18:30:00+00
news_reports,Madhya Pradesh,Sidhi,Sone,2026-04-02 18:30:00+00
news_reports,"Rajasthan, Madhya Pradesh, Uttar Pradesh","Kota, Bundi, Sawai Madhopur, Karauli, Dhaulpur, Sheopur, Morena, Bhind, Agra, Etawah",Chambal,2026-04-02 18:30:00+00
news_reports,"Madhya Pradesh, Rajasthan, Uttar Pradesh","Agra, Etawah, Kota, Bhind, Bundi, Dhaulpur, Sawai Madhopur, Sheopur, Karauli, Morena",Chambal,2026-04-02 18:30:00+00
news_reports,"Rajasthan, Madhya Pradesh, Uttar Pradesh","Kota, Bundi, Sawai Madhopur, Karauli, Dhaulpur, Sheopur, Morena, Bhind, Agra, Etawah",Chambal,2026-04-02 18:30:00+00
news_reports,"Rajasthan, Madhya Pradesh, Uttar Pradesh","Kota, Bundi, Sawai Madhopur, Karauli, Dhaulpur, Sheopur, Morena, Bhind, Agra, Etawah",Chambal,2026-04-02 18:30:00+00
news_reports,"Rajasthan, Madhya Pradesh, Uttar Pradesh","Kota, Bundi, Sawai Madhopur, Karauli, Dhaulpur, Sheopur, Morena, Bhind, Agra, Etawah",Chambal,2026-04-02 18:30:00+00
news_reports,Uttar Pradesh,Kanpur Dehat,Yamuna,2026-03-27 18:30:00+00
news_reports,Madhya Pradesh,Morena,Chambal,2026-04-08 18:30:00+00
news_reports,Madhya Pradesh,Morena,Chambal,2026-04-08 18:30:00+00
news_reports,Andhra Pradesh,Kurnool,Tungabhadra,2026-04-04 18:30:00+00
news_reports,Punjab,Gurdaspur,Ravi,2026-04-14 18:30:00+00
news_reports,"Rajasthan, Madhya Pradesh, Uttar Pradesh","Agra, Bhind, Bundi, Dhaulpur, Etawah, Karauli, Kota, Morena, Sheopur, Sawai Madhopur",Chambal,2026-04-18 18:30:00+00
news_reports,"Madhya Pradesh, Rajasthan, Uttar Pradesh","Agra, Bhind, Bundi, Dhaulpur, Etawah, Karauli, Kota, Morena, Sawai Madhopur, Sheopur",Chambal,2026-04-16 18:30:00+00