"" ,"License ->Content in this spreadsheet is licensed under a Creative Commons Attribution-NonCommercial-ShareAlike 4.0 International license. Details of the license can be seen here: https://creativecommons.org/licenses/by-nc-sa/4.0","Citation->Recommended citation: India Sand Watch, Veditum India Foundation. Accessed via http://sandwatch.envmonitoring.in on 4/12/2026",
"Title","Link","Open access resource","PDF","Summary","Key Points","Focus Region","State","Resource Type","Original date of report publishing","Date of Accessing Resource","Issuing body","Name of the Issuing body","Published Date","lastActivity.date"
"Enforcement & Monitoring Guidelines for Sand Mining (2020), by MoEFCC","http://environmentclearance.nic.in/writereaddata/SandMiningManagementGuidelines2020.pdf","N/A","https://storage.googleapis.com/download/storage/v1/b/ved_prod__media/o/pdfs%2F3f130c53-a86d-4360-82b8-87333a04a9fc.pdf?generation=1665472361640893&alt=media","This document titled 'Enforcement & Monitoring Guidelines for Sand Mining', is an update as well as complementary document to the 'Sustainable Sand Mining Guidelines 2016' document released earlier by the MoEFCC itself. 

From the document: ""This document will serve as a guideline for collection of critical information for enforcement of the regulatory provision(s) and also highlights the essential infrastructural requirements necessary for effective monitoring for Sustainable Sand Mining.""

Even though there's still scope for progress and change, this document is the current benchmark as far as it comes to government policy on this matter.","The document has the following chapters: 
 Introduction 
 Need for Policy Guidelines 
 Objective of Guidelines 
 Requirements for Monitoring & Enforcement 
 Replenishment Study 
 Enforcement Provisions 
 Recommendation of High Power Committee 
 General Approach for Sustainable Sand Mining 
 Monitoring Mechanism 
  
 While this document refers to various court proceedings and repeatedly talks about monitoring, the document fails to: 
  
 Provide any avenues for transparency (data is held behind closed doors) 
 Include the public in the process.","India ","N/A","N/A","01-01-2020 18:30:00","11-10-2022 18:30:00","Government","Ministry of Environment, Forest and Climate Change","11-10-2022","N/A"
"Sand and Sustainability: 10 Strategic Recommendations to Avert a Crisis (UNEP 2022)","https://www.unep.org/resources/report/sand-and-sustainability-10-strategic-recommendations-avert-crisis","Yes","https://storage.googleapis.com/download/storage/v1/b/ved_prod__media/o/pdfs%2F013c6b15-34e5-4040-ac39-c6ae111d1ed8.pdf?generation=1673389563679712&alt=media","“Sand and Sustainability : 10 strategic recommendations to avert a crisis” consolidates the expertise in sand and sustainability from different sectors to bring attention to the impacts from the current state of extraction, use and (mis)management, putting forward recommendations for actions to set the global sand agenda in addressing environmental sustainability needs alongside justice, equity, technical, economic, and political considerations.","Recommendations to Avert a Crisis: 
 1. Recognise sand as a strategic resource that delivers critical ecosystem services and underpins the construction of vital infrastructure in expanding towns and cities globally. 
 2.Include place-based perspectives for just sand transitions, ensuring the voices of all impacted people are part of decision-making, agenda-setting and action. 
 3. Enable a paradigm shift to a regenerative and circular future. 
 4. Adopt strategic and integrated policy and legal frameworks horizontally, vertically and intersectionally, in tune with local, national, and regional realities. 
 5. Establish ownership and access to sand resources through mineral rights and consenting. 
 6. Map, monitor and report sand resources for transparent, science-based and data-driven decision-making. 
 7. Establish best practices and national standards, and a coherent international framework.  
 8. Promote resource efficiency & circularity by reducing the use of sand, substituting with viable alternatives and recycling products made of sand when possible. 
 9. Source responsibly by actively and consciously procuring sand in an ethical, sustainable, and socially conscious way.  
 10. Restore ecosystems and compensate for remaining losses by advancing knowledge, mainstreaming the mitigation hierarchy, and promoting nature-based solutions.  
 ","Global ","N/A","Guideline","01-01-2022 18:30:00","11-01-2023 18:30:00","Multi lateral agency (eg : UNEP)","United Nations Environment Programme (UNEP)","10-01-2023","24-01-2025"
"Sustainable Sand Mining Guidelines of MoEF in 2016","http://environmentclearance.nic.in/writereaddata/ SandMiningManagementGuidelines2016.pdf","N/A","https://storage.googleapis.com/download/storage/v1/b/ved_prod__media/o/pdfs%2F7bed103a-eab4-4039-9ade-42ef88ed3d99.pdf?generation=1673347517735308&alt=media","The extraction of sand and gravel from the river bodies has to be regulated and done with adoption of required environmental safeguards. For making available these resources, a mapping of these resources at the district level, identification of appropriate sites for extraction, appraisal of the extraction process, putting in place the required environmental safeguards, and rigorous monitoring of the volume of extracted material is required to ensure sustainability of the entire process. 
The district is the unit of administration which is best placed to do the mapping of these resources, adopt the best environmental practices for extraction of these materials and monitor its extraction and movement. The large number of leases which are awarded, the scattered geographical location of the availability of these materials and decentralized requirement and usage of the sand and aggregates also places districts in a unique position to play a vital role in adoption of environmental safeguards needed for sustainable extraction of river sand and gravel.
Recommendations for management of sustainable sand extraction are the key objective of the Guidelines. Emphasis is given to the setting up of monitoring plans that will provide data on profile changes and sediment transport capacity to enable the authorities to evaluate the long-term effect of the mining activities both upstream and downstream of sand extraction sites.
Special emphasis is given on monitoring of the mined out material, which is key to the success of environment management plan. So use of IT and IT enabled services for effective monitoring of the quantity of mined out material and transportation along with process reengineering has been made a part of the Guideliness. The Guidelines proposes delegation of responsibility and authority to the cutting edge level i.e. the District Environment Impact Assessment Authority along with streamlining the process of impact assessment, environment management plan and environment clearance in cluster situation.
Promotion of manufactured sand, artificial sand and alternative technologies in construction materials and processes are also required for reducing the dependence and demand on naturally occurring sand and gravel. Development of slag sand, sand from stone chips and there certification under BIS is an important step in this direction.","• To ensure that sand and gravel mining is done in environmentally sustainable and socially responsible manner.  
 • To ensure availability of adequate quantity of aggregate in sustainable manner.  
 • To improve the effectiveness of monitoring of mining and transportation of mined out material. 
 • Ensure conservation of the river equilibrium and its natural environment by protection and restoration of the ecological system.  
 • Avoid aggradation at the downstream reach especially those with hydraulic structures such as jetties, water intakes etc.  
 • Ensure that the rivers are protected from bank and bed erosion beyond its stable profile.  
 • No obstruction to the river flow, water transport and restoring the riparian rights and instream habitats.  
 • Avoid pollution of river water leading to water quality deterioration.  
 • To prevent depletion of ground water reserves due to excessive draining out of ground water.  
 • To prevent ground water pollution by prohibiting sand mining on fissures where it works as filter prior to ground water recharge.  
 • To maintain the river equilibrium with the application of sediment transport principles in determining the locations, period and quantity to be extracted.  
 • Streamlining and simplifying the process for grant of environmental clearance (EC) for sustainable mining.","India ","N/A","Guideline","01-01-2016 18:30:00","10-01-2023 18:30:00","Government","Ministry of Environment, Forest and Climate Change","10-01-2023","N/A"
"Environmental Impact Assessment of Sand Mining from the Small Catchment Rivers in the Southwestern Coast of India: A Case Study","https://link.springer.com/article/10.1007/s00267-010-9571-6","N/A","https://storage.googleapis.com/download/storage/v1/b/ved_prod__media/o/pdfs%2Fa9402ffb-23c9-4d02-a42a-51a4fa9e1992.pdf?generation=1683515851412229&alt=media","<this paper is not open access, but you can write to smm@veditum.org to get a copy>

In the past few decades, the demand for construction grade sand is increasing in many parts of the world due to rapid economic development and subsequent growth of building activities. This, in many of the occasions, has resulted in indiscriminate mining of sand from instream and floodplain areas leading to severe damages to the river basin environment.
The case is rather alarming in the small catchment rivers like those draining the southwestern coast of India due to limited sand resources in their alluvial reaches. Moreover, lack of adequate information on the environmental impact of river sand mining is a major lacuna challenging regulatory efforts in many developing countries. Therefore, a scientific assessment is a pre-requisite in formulating management strategies in the sand mining-hit areas.
In this context, a study has been made as a case to address the environmental impact of sand mining from the instream and floodplain areas of three important rivers in the southwestern coast of India namely the Chalakudy, Periyar and Muvattupuzha rivers, whose lowlands host one of the fast developing urban-cum-industrial centre, the Kochi city. The study reveals that an amount of 11.527 million ty−1 of sand (8.764 million ty−1 of instream sand and 2.763 million ty−1 of floodplain sand) is being mined from the midland and lowland reaches of these rivers for construction of buildings and other infrastructural facilities in Kochi city and its satellite townships.
Environmental Impact Assessment (EIA) carried out as a part of this investigation shows that the activities associated with mining and processing of sands have not only affected the health of the river ecosystems but also degraded its overbank areas to a large extent. Considering the degree of degradation caused by sand mining from these rivers, no mining scenario may be opted in the deeper zones of the river channels. Also, a set of suggestions are made for the overall improvement of the rivers and its biophysical environment.","<this paper is not open access, but you can write to smm@veditum.org to get a copy> 
 Conclusions and Recommendations from the paper 
  
 Indiscriminate sand and gravel mining over the years has imposed irreparable damages to the river ecosystems in the southwest coast of India. Lack of adequate information regarding the extend of environmental impacts caused by sand mining is a major lacuna challenging regulatory efforts and minimizing the adverse effects of river sand mining. The present study discloses the fact that the small catchment rivers draining Central Kerala in the southwest coast of India has degraded significantly by uncontrolled sand mining over the past few decades. Periodic field checking of river sand harvesting sites, recording total sand extraction, periodic environmental auditing etc., could prevent degradation of river channels. Nevertheless, man- agement and restoration of the rivers require legal, social and economic considerations in addition to scientific insights. 
  
 From the present study, a set of recommendations are drawn for improving the overall environmental quality of the small catchment rivers in the study area in particular and the other tropical and subtropical rivers in general. 
 Separate legislations are to be enacted for river conservation and aggregate management in the area. 
 Mining should be done with care and with utmost environmental safeguards. 
 Examine and encourage the use of alternatives to river sand. 
 There is an urgent need for strengthening multidis- ciplinary studies on the rivers for providing adequate scientific information to river restoration and man- agement activities. 
 The abandoned pits left after floodplain mining of sand should be reclaimed by land filling. 
 Awareness campaign should be conducted among people about the various impacts of river sand mining, present state of river environment, finite character of river sand, use of alternatives to sand and immediate need for control measures. 
 Limit the extraction of sand to meet indigenous demand alone.","Regional","Kerala","Research paper","07-10-2010 18:30:00","08-05-2023 18:30:00","Other","Environmental Management Journal","08-05-2023","N/A"
"Lifting heads up out of the sand  — Delta Hub","https://livingdeltas.org/blog/lifting-heads-up-out-of-the-sand","N/A","https://storage.googleapis.com/download/storage/v1/b/ved_prod__media/o/pdfs%2F21ccea1e-5055-4db7-a8de-d06a44943b6f.pdf?generation=1683632424661059&alt=media","Chris Hackney, who has done extensive academic work on sand mining in South East Asian rivers writes about the extent of the activity, the lack of governance and new tools being used for monitoring of sand mining activity in Cambodia and Vietnam.

This piece also talks about the non-mention of aggregate mining in the UN SDGs, given the intersections it has with most SDGs, both positive and negative. ","In the absence of active government oversight, technological tools - including satellite imagers, AI and image processing techniques have been used to create an independent analysis of the state of sand mining activity on the Mekong and Red river deltas in Cambodia and Vietnam. 
  
 See attached pdf for what results from their tool looks like, as well as the interseciton of aggregate mining with the SDGs.","Global ","N/A","Analysis","01-01-2022 18:30:00","09-05-2023 18:30:00","Other","Living Deltas","09-05-2023","N/A"
"Environmental Impact of Soil and Sand Mining: A Review","https://www.ijset.net/journal/27.pdf","N/A","https://storage.googleapis.com/download/storage/v1/b/ved_prod__media/o/pdfs%2F786ffa8d-f903-421b-943d-43044dec85ac.pdf?generation=1685183626873762&alt=media","The socio-economic significance of mining operations is often overlooked, and there is a need to protect its economic and social benefits. Because of poor handling of resources, soil and sand mining cause negative impacts on the environment. The system of preparing an EMP report for clearance from the Government of India prior to the implementation of the mining project has been a positive step in minimizing the negative impacts.  The government should exercise prudence when it comes to leasing out the riverbed for mining activities and also demarcate areas clearly and monitor mining through a suitable institutional mechanism. A high-level lobbying committee must be formed, Laws have to be enforced in an efficient and unbiased way, and decisive steps are to be taken for the environmental solution.","1. Larger introduction on sand mining as a development in the economy  
 2. Threat to water resources and environmental issues concerning sand mining 
 3. Analysing different parameters--air quality, water quality, quality of groundwater and soil pollution ","India ","N/A","Research paper","13-06-2023 18:30:00","27-05-2023 18:30:00","Other","International Journal of Science, Environment and Technology, ","27-05-2023","N/A"
"INSTREAM SAND MINING IMPACT ON WATER QUALITY AND BENTHOS COMMUNITY IN AN ALLUVIAL REACH: A CASE STUDY ON RIVER KANGSABATI, WEST BENGAL","https://www.researchgate.net/publication/333022317_INSTREAM_SAND_MINING_IMPACT_ON_WATER_QUALITY_AND_BENTHOS_COMMUNITY_IN_AN_ALLUVIAL_REACH_A_CASE_STUDY_ON_RIVER_KANGSABATI_WEST_BENGAL","N/A","https://storage.googleapis.com/download/storage/v1/b/ved_prod__media/o/pdfs%2F100948ed-bd3a-488e-9339-b492440223b6.pdf?generation=1685603142123354&alt=media","This study is conducted from upper,middle  and  lower course  in  Kangsabati River  in  West Bengal. Physiochemical  parameters were  determined by  water  quality analyzer and species were identified by the field survey in sandchar, mining, and post-mining sites. The result shows that all the deterioration process situated in mining sits and pits but stable ecosystem find out in the entire sandchar sites. Physical habitat is the living space of instream biota i.e. all aquatic community, fish community, riparian and instream vegetation.It  is  a spatially and  temporary dynamic  entity determined  by  the interaction  of  the structural  features  of  the  channel and  the hydrological regime. ","1.Most of the change occurs in the middle  course than upper and lower course due to huge mining takes place in the middle course. Therefore, it is apoint that mining activities change the aquatic ecosystem. 
 2. Human activities especially sand mining is obstructing instream biota.","Regional","West Bengal","Research paper","30-08-2018 18:30:00","01-06-2023 18:30:00","Other","International Journal of Current Research in Life Sciences","01-06-2023","N/A"
"West Bengal Minor Mineral Rules , 1973","https://ibm.gov.in/writereaddata/files/10262016093111Mineral%20digest%20WB.pdf","N/A","https://storage.googleapis.com/download/storage/v1/b/ved_prod__media/o/pdfs%2F8c0f5afd-abf8-4f61-8a83-15eae4eb0ef2.pdf?generation=1685685841680371&alt=media","Rules set out in initial days of MINOR MINERALS EXCAVATION.","Adminisstrative and fundamental rules for lease and concessions.","Regional","West Bengal","Guideline","21-02-1973 18:30:00","02-06-2023 18:30:00","Government","Indian Bureau of Mines","02-06-2023","N/A"
"Rules for sand mining transportation and storage rules.","https://wbllroa.in/wp-content/uploads/2022/03/Sand-Mining-Transportaion-Storage-Rules-2022.pdf","N/A","https://storage.googleapis.com/download/storage/v1/b/ved_prod__media/o/pdfs%2Fcb1d53aa-c802-45f5-be86-5dd606609409.pdf?generation=1685702397334125&alt=media","Rules for sand mining transportation and storage rules.","(1) These Rules may be called the West Bengal Sand (Mining, Transportation, Storage and Sale) Rules, 2021.  
 (2) They shall extend to the entire State of West Bengal.  
 (3) They shall come into force from the date of their publication inthe Official Gazette","Regional","West Bengal","Guideline","21-01-2022 18:30:00","02-06-2023 18:30:00","Government","DEPARTMENT OF II\IDUSTRY COMMERCE & ENTERPRISES Mines Branch","02-06-2023","N/A"
"The Karnataka Minor Mineral Concession Rules, 1994","https://dmg.karnataka.gov.in/uploads/media_to_upload1636437130.pdf","N/A","https://storage.googleapis.com/download/storage/v1/b/ved_prod__media/o/pdfs%2F3f2fba94-6966-4c67-8431-0e86b742fe72.pdf?generation=1685948809671114&alt=media","In Karnataka, the mining and extraction of minor minerals are governed by the Karnataka Minor Mineral Concession Rules. These rules outline the procedures and regulations for granting licenses, permits, and leases for the exploitation of minor minerals such as building stones, gravel, sand, clay, and other materials.","The key features of the Karnataka Minor Mineral Concession Rules may include: 
 Application Process: The rules specify the procedure for applying for a mining lease or permit for minor minerals. This typically involves submitting an application to the relevant authorities, providing details about the intended area of mining, environmental impact assessments, and payment of application fees. 
 Grant of Concessions: The rules define the criteria and conditions for granting mining concessions. Factors such as the size of the area, mineral reserves, environmental considerations, and financial viability may be taken into account during the decision-making process. 
 Duration and Renewal: The rules outline the duration of mining leases and permits for minor minerals. Typically, the initial lease period is granted for a specific number of years, and it may be renewable upon meeting certain conditions and payment of prescribed fees. 
 Royalty and Fees: The rules specify the royalty rates and other fees to be paid by the concession holders. Royalty is usually calculated based on the volume or value of the extracted minerals and is payable to the state government. 
 Environmental Considerations: The rules may include provisions for environmental protection and conservation measures to be followed during mining operations. This may involve adherence to reclamation plans, minimizing adverse impacts on the ecosystem, and proper disposal of waste materials.","Regional","Karnataka","Guideline","01-01-1994 18:30:00","05-06-2023 18:30:00","Government"," Department of Mines and Geology, Karnataka","05-06-2023","N/A"
"The Karnataka minor mineral concession rules, Amended Rules 2016-17","https://dmg.karnataka.gov.in/uploads/media_to_upload1636437776.pdf","N/A","https://storage.googleapis.com/download/storage/v1/b/ved_prod__media/o/pdfs%2Fd1ce272c-3b01-4f45-9917-e357157df556.pdf?generation=1685949462880739&alt=media","The Government of Karnataka has introduced amendments to the Karnataka Minor Mineral Concession Rules, 1994, in exercise of its powers conferred by sections 15, 15A, and 23C of the Mines and Minerals (Regulation and Development) Act, 1957. These amendments, known as the Karnataka Minor Mineral Concession (Amendment) Rules, 2016, have been enacted to modify the existing rules. The amendment rules include provisions related to various aspects of minor mineral concessions in Karnataka. They came into effect on the date of their publication in the Official Gazette.","Enacted by the Government of Karnataka: The rules were introduced by the Government of Karnataka. 
  
 Authority: The rules were made under the powers conferred by sections 15, 15A, and 23C of the Mines and Minerals (Regulation and Development) Act, 1957. 
 Amendment of the Karnataka Minor Mineral Concession Rules, 1994: The purpose of the rules is to amend the existing Karnataka Minor Mineral Concession Rules of 1994. 
 Title and Commencement: The rules are titled as the ""Karnataka Minor Mineral Concession (Amendment) Rules, 2016."" 
 Effective Date: The rules come into force from the date of their publication in the Official Gazette.","Regional","N/A","Guideline","12-08-2016 18:30:00","05-06-2023 18:30:00","Government"," Department of Mines and Geology, Karnataka","05-06-2023","N/A"
"The Assam Mineral Concession Rules 2013","https://dgm.assam.gov.in/sites/default/files/swf_utility_folder/departments/dgm_medhassu_in_oid_4/menu/document/assam_minor_mineral_concession_rules._2013_ammcr_2013_0.pdf","N/A","https://storage.googleapis.com/download/storage/v1/b/ved_prod__media/o/pdfs%2Ffa12eaf8-c225-4135-adaf-45a66ff4f9d8.pdf?generation=1685950257988569&alt=media","N/A","N/A","Regional","Assam","Guideline","16-03-2013 18:30:00","05-06-2023 18:30:00","Government","Department of Mines and Minerals, Governmnt of Assam","05-06-2023","N/A"
"Odisha Minor Mineral Concession Rules, 2016","https://revenue.odisha.gov.in/sites/default/files/2020-02/OMMC_Rules_2016.pdf","N/A","https://storage.googleapis.com/download/storage/v1/b/ved_prod__media/o/pdfs%2F9eb02440-2b26-4aae-a53f-4890162bcd12.pdf?generation=1686002124225825&alt=media","In exercise of the powers conferred by sub-section (1) of Section 15 of the Mines and Minerals (Development and Regulation) Act, 1957 (67 of 1957) and in supersession of the provisions contained in the Odisha Minor Mineral Concession Rules, 2004, except as respects things done or omitted to be done before such supersession, the State Government hereby makes the following rules for regulating the grant of mineral concessions in respect of minor minerals and for the purposes connected therewith. ","Grant of quarry lease for river bed sand mining — 
  1. In case of grant of quarry leases for river bed sand mining, specific river stretches shall be identified and quarry lease shall be granted stretchwise. 
 2. The depth of the quarry shall be restricted to three meters or water level, whichever is less.  
 3. The Competent Authority, in consultation with the local official not below the rank of Assistant Engineer of Water Resources Department shall work out appropriate safety zone taking into account the structural parameters, locational aspects, flow rate etc. for carrying out mining operation in proximity with any bridge or embankment.  
 4. No mining operation shall be carried out in the safety zone so worked out.  
  
 Adoption of cluster approach in small quarries —  
 1. Individual quarries covering an area less than five hectares and in total not more than one hundred hectare in a development block may be clubbed and declared as cluster by the Competent Authority.  
 2. For a cluster of mineral concession, an environment management plan shall be got prepared by the Competent Authority and submitted to the appropriate authority authorized to grant the environmental clearance under the provisions of the Environment (Protection) Act, 1986.  
 3. After obtaining environmental clearance for the entire cluster of sources, the whole source may be leased out as a single source or individual sources within a cluster may be leased out separately, as will be decided by the Competent Authority. However, the terms and conditions provided in the environmental clearance have to be obeyed by all the lessees. ","Regional","Odisha","Guideline","14-12-2016 18:30:00","06-06-2023 18:30:00","Government","Steel and Mines Department","05-06-2023","N/A"
"Odisha Sand Policy, 2021","https://revenue.odisha.gov.in/news/odisha-sand-policy-2021","N/A","https://storage.googleapis.com/download/storage/v1/b/ved_prod__media/o/pdfs%2Fa09264c2-d359-4631-a060-9055e03d56bd.pdf?generation=1686002805300098&alt=media","The Odisha Sand Policy, 2021 proposes to systematize the process chain of river sand mining so as to ensure scientific and sustainable sand mining and to meet the requirement of the river sand. ","1. Identification and Quantification of all potential sand sources and its optimal utilization, ensuring availability of sand commensurate with reucing demand supply gap, bringing professionalism in sand mining. 
 2. Regulate the sand mining in the State from its identification to its final end-use.  
 3. Ensure greater transparency through e-auction. 
 4. Develop scientific sand mining giving due weightage to safety, conservation, cost-effectiveness, environmental and social sustainability. 
 5. To bring in greater efficiency, responsibility, responsiveness and effective management of sand mining with technology based management system like 14MS. 
 6. To bring in place a robust system of enforcement to curb illegal mining of sand by use of IT enabled services and latest technologies for surveillance of the sand mining at each step. 
 7. Development of procedure for replenishment study of sand mining. 
 8. Post Environmental Clearance Monitoring and Environmental Audit. 
 9. To protect the environment and the right of the population to live in clean and safe surroundings, with the need to use natural resources in a way that will make a positive and sustainable contribution to the economy. 
 ","Regional","Odisha","Guideline","02-09-2021 18:30:00","06-06-2023 18:30:00","Government","Revenue and Disaster Management Department","05-06-2023","N/A"
"KMMCR Amendment Notification date 07.10.2020","https://dmg.karnataka.gov.in/uploads/media_to_upload1636535263.pdf","N/A","https://storage.googleapis.com/download/storage/v1/b/ved_prod__media/o/pdfs%2F475d4f95-8ec8-45e5-96a9-7083e450a2b2.pdf?generation=1686029609338861&alt=media","The Karnataka Government has issued a notification on October 7, 2020, to make amendments to the Karnataka Minor Mineral Concession Rules, 1994. These amendments are made under the authority granted by section 15 of the Mines and Minerals (Regulation and Development) Act, 1957, a central act (Central Act 67 of 1957).

These rules govern the regulation and development of minor minerals within the state.","Amendment of rule 32: Sub-rule (11): The time limit for certain actions has changed from ""eighteen months from the date of commencement of these rules"" to ""nine months from the date of commencement of the Karnataka Minor Mineral Concession (Second Amendment) Rules, 2020.""

Sub-rule (12): The time limit for certain actions has changed from ""nine months from the date of commencement of these rules"" to ""four months from the date of commencement of the Karnataka Minor Mineral Concession (Second Amendment) Rules, 2020.""
A proviso has been added stating that if the holder of working permission fails to apply for conversion to a quarry license within the specified time limit, the working permission shall cease to be valid.
 
 Amendment of Rule 42: Sub-rule (5): The distance limit has changed from ""thirty kilometers"" to ""fifteen kilometers.""
A proviso has been added stating that the validity of a Computerized Mineral Dispatch Permit issued by an ordinary sand lease-holder or license-holder or their authorized person shall be one hour for every thirty kilometers of distance or fraction thereof from the date of issue.
 
 Amendment of Schedule I-A: The brackets, words, and numbers ""(see clause (m) and (f) of rule 21)"" have been replaced with ""(see clause (m) and (f) of rule 2).""
 
 Amendment of Schedule II: In the entry relating to serial number 33, the price per MT (Metric Ton) has changed from ""Rs.160 per MT"" to ""Rs.80 per MT.""
 
 Amendment of Form GL: The brackets, words, and figures ""(see sub-rule (5) of rule 11, rule 27, and sub-rule (2) of rule 33)"" have been replaced with ""(see rule 16).""
","Regional","Karnataka","Guideline","07-10-2020 18:30:00","06-06-2023 18:30:00","Government"," Department of Mines and Geology, Karnataka","06-06-2023","N/A"
"KMMCR Amendment Notification date 17.03.2023","https://dmg.karnataka.gov.in/uploads/83721679291115.pdf","N/A","https://storage.googleapis.com/download/storage/v1/b/ved_prod__media/o/pdfs%2F0c95deee-cdc9-4b98-acb0-2351481d5dc9.pdf?generation=1686030533284052&alt=media","The Government of Karnataka has issued a notification on March 17, 2023, to introduce further amendments to the Karnataka Minor Mineral Concession Rules, 1994. These amendments are made under the authority granted by section 15 of the Mines and Minerals (Regulation and Development) Act, 1957, a central act (Central Act 67 of 1957).
The purpose of these amendments is to modify and update the existing rules regarding the concession of minor minerals in Karnataka. These rules govern the regulation and development of minor minerals within the state.","2. (ii) after clause (a-a), the following shall be inserted, namely:- “(a-b) “Additional Payment” means forty percent of royalty payable by the holder of lease or sand quarrying license and working permission, as specified under rule 3-A, in addition to royalty;” 
  
 3. (iv) levelling of any lands by a land owner within his own land and disposal of the minor mineral (other than sand) extracted thereof;” 
  
 11. (3) If any conflicts arises between applications received for grant of quarry lease before promulgation of the Karnataka Minor Mineral Concession (Amendment) Rules, 2016 that are now considered as eligible applications, and applications which are received and pending for consideration under the provisions of rule 31-ZC within the time prescribed the Karnataka Minor Mineral Concession (Amendment) Rules 2016, the competent authority shall consider applications for grant of quarry lease which are received under the provisions of rule 31-ZC of the Karnataka Minor Mineral Concession (Amendment) Rules 2016, for production of manufacture sand. 
  
 11. (ii) in sub-rule (4), the words “However, in case of sand at least ninety days before the expiry of the two years period”, shall be omitted. 
  
 17. Amendment of rule 11.- In the said rules, in rule 11, the words “except for sand and M - sand”, shall be omitted. 
  
 25. Amendment of rule 31-R.- In the said rules, in rule 36-R,- (i) in sub-rule (3), in clause (vi), for the words “lease holder” the words “successful bidder” shall be substituted. (ii) in sub-rule (4), in clause (ii) the words, figures and letters “in coastal districts as per rule 31-ZB” shall be omitted. (iii) after sub-rule (6), the following shall be inserted, namely:- “Provided that, if the seized sand is not required for any Government works, action shall be taken by the District Sand Committee to dispose such sand to the general public.” 
  
 25. v) in sub-rule (20) for clause (ii) the following shall be substituted, namely:- “(ii) In case of IV, V and higher order streams of river, any person aggrieved by an order passed by the District sand committee may prefer a revision to the Commissioner or Director Department of Mines and Geology. within thirty days from the date of receipt of such order.” 
  
 25. (vi) after sub-rule (20) the following shall be inserted, namely:- “(21) No transport of sand shall be made across the border to other States:  Provided that in case of exigencies the State Government on the recommendation of the District Sand Committee, or on its own, may allow transportation of sand across the border to other States.” 
  
 26. (vii)“(19) For the purpose of reservation and grant of sand quarrying lease for the blocks available in IV, V and higher order stream through tender – cum – auction shall be done as per guidelines and tender documents notified and issued by the Government from time to time.” 
  
 27. (ii) after sub-rule (3) the following shall be inserted, namely:- “Provided that if there is a possibility of replenishment of sand in the patta land, the quarrying of sand in patta land may allowed within the five kilometers of river bed mining.” 
  
 29. Amendment of rule 31-ZA.- In the said rules in rule 31-ZA for sub-rule (2) the following shall be substituted, namely:- “(2) The permit holder, in additional to the royalty shall pay additional payment for the sand disposed after removal of sand bars from the Coastal Regulation Zone (CRZ) and the same shall be remitted to the Consolidated Fund of the State.” 
  
 30. Amendment of rule 31-ZB.- In the said rules in rule 31-ZB,- (ii) after sub-rule (2), the following shall be inserted, namely:- 18 “(3) Regulation of sand removal from de-siltation of vented dams manually in Non-CRZ areas of coastal Districts,- (a) In Non-CRZ areas of coastal district, viz. Uttar Kannada, Dakshina Kannada and Udupi Districts, the de-siltation of vented dams shall be allotted by way of tender-cum-auction by the District Sand Committee amongst the traditional sand extracting communities to be identified as specified in rule31-ZB. (b) The grant of permission for de-siltation of vented dams in Non-CRZ areas of coastal Districts shall be done as per the guidelines and tender document issued and notified by the State Government from time to time.” 31. Amendment of rule 31-ZC.- In the said rules in rule 31-ZC,- (i) for sub-rule (1), the following shall be substituted, namely:- “(1) Notwithstanding anything contained in these rules in order to promote manufactured sand (hereinafter referred as M-Sand) and to conserve natural sand shall be granted quarry lease for persons who have already established or person who hold a valid license (Form-CFE) for establishment of M-sand Unit to enable them to produce M-Sand for the next thirty years.” 
  
 ","Regional","Karnataka","Guideline","17-03-2023 18:30:00","06-06-2023 18:30:00","Government"," Department of Mines and Geology, Karnataka","06-06-2023","N/A"
"Karnataka - Sand Policy 2020 Gazette Notification in Kannada","https://dmg.karnataka.gov.in/uploads/media_to_upload1636526045.pdf","N/A","https://storage.googleapis.com/download/storage/v1/b/ved_prod__media/o/pdfs%2F92ac38a1-f567-49e8-9b62-618927983899.pdf?generation=1686045374191025&alt=media","Note- Originally the document uploaded is in Kannada. To see the English translation, jump to page 29. 

The Karnataka government implemented a ""new sand policy in 2020"", changing the responsibility of sand mining from the Public Works Department to the Department of Mines and Geology. The policy allows for the grant of leases and licenses for sand mining through tender co-auction and on patta lands. The state has a high demand for sand, estimated at 45 million metric tonnes, which is supplied through various sources including M Sand units, sand blocks leased through e-auction, and sanctioned sand mining on patta lands. The new policy aims to meet the growing demand for sand in the state due to rapid development and construction projects, while also addressing concerns related to illegal sand mining.


","- Identification of sand deposits in first, second, and third order streams (I, II & III Order Streams) and lakes. 
 - Involvement of Mines and Geology, Ground Water Department, and Panchayat Development Officers in the identification process. 
 - Identification of sand deposits in W, V, and VI order streams, as well as in dam reservoirs and backwaters of dams. 
 - Collaboration among the Department of Mines and Geology, Water Resources Department, Revenue Department, and concerned forest department officials for sand deposits in forest areas. 
 - Verification of the amount of sand deposited in the identified areas. 
 - Joint survey team to estimate the available sand deposits and submit a report with latitude and longitude coordinates. 
 - Approval of the report and recommendations by the Taluk Sand Committee. 
 - Further approval of the District Sand Committee based on the report and recommendations. 
 - Gram Panchayat to determine permit period for sand removal based on the quantity of sand deposit in the notified area. 
 - Joint survey team to submit site inspection report, including latitude and longitude map, with recommendations to the District Sand Committee through the Taluk Sand Committee for approval. 
 - State Government Owned Body Corporation or designated corporation to be authorized for sand extraction from notified areas. 
 - Fixing the sale price of sand in First, Second, and Third Order Streams and lakes by the Gram Panchayat according to the rates set by the District Sand Committee. 
 - Government's authority to set the maximum sand price for disposal by the Gram Panchayat. 
 - Disposal of sand available in rivers, dam reservoirs, and backwaters of dams at sale rates determined by the District Sand Committee for streams of IV, V, and VI order. 
 - District Sand Committee to determine the lease permit period for sand extraction in First, Second, and Third Grade Pallas, based on the availability of sand stored in the creeks and lakes, with a maximum duration of one year. 
 - Permit duration for sand extraction can be fixed for a maximum of five years based on the availability of sand stored in streams/rivers and dam reservoirs/backwaters. 
 - Gram Panchayats and State Government Owned Institutions/Corporations/Boards should comply with Ministry of Environment and Forests (MoEF) guidelines for carrying out sand extraction in various order streams and dam reservoirs/backwaters. 
 - Sand accumulated in dam reservoirs and backwaters should be removed according to the guidelines. 
 - Local consumers in the taluk area should submit construction plans and related documents to the Gram Panchayat for obtaining mineral shipment permits to transport sand for their own house, toilet construction, and local community building works. 
 - Transportation of sand from notified deposit areas in streams and lakes to the designated factories should be done by the consumers themselves at their own expense using light vehicles. 
 - Granting consignment permits to consumers by Gram Panchayats should be supervised by the Taluk Sand Committee. 
 - State Government-Owned Institutions/Corporations/Boards designated by the government should transport the sand extracted from reservoirs and dam backwaters to the stockyard, load the sand into vehicles with mineral shipment permits, and sell it to customers. 
 - Sand removal, transportation, storage, and disposal activities should be carried out by State Government-owned organizations licensed and operated by Corporation Boards, as designated by the government through a notification. 
 - Sand extracted from first, second, and third-order sand deposit areas can be transported to villages within the taluk using light vehicles such as tractors and bullock carts. 
 - Sand extracted from fourth, fifth, and sixth-order streams/rivers and dam reservoirs/backwaters should be transported to the stockyard using GPS-equipped vehicles with mineral shipment permits, following transport regulations and bulk capacity. 
 - Establishment of an online booking and sales system for sand delivery to users through a State Government-Owned Institution, along with registration of customers and vehicles. 
 - Contractors who have obtained sand leases through auction should also provide sand to customers through online booking, as per the Karnataka Sub-Mineral Concession (Amendment) Rules, 2016. 
 - Identification and allocation of sand blocks for government works or major government projects carried out by contractors, with permission to use the sand given to the government at the rate decided by the District Sand Committee. 
 - Continuation of the process of granting licenses for sand mining in Patta lands, in accordance with the Karnataka Sub Mineral Concession (Amendment) Rules, 2016. 
 - Approved care plan and environmental clearance are required before issuing licenses for sand mining on patta land, as per MoEF guidelines. 
 - Sand mining and disposal in sand lease areas sanctioned through auction are allowed until the expiry of the lease period, according to the Karnataka Sub-Mineral Concession (Amendment) Rules, 2016. 
 - Regulation charges are applicable for the transport of sand from outside the state, with the amount fixed by the government and payable at the district sand committee/departmental binija dastanu kendra/inspection panas. Proper permits are required for sand transportation. 
 - Monitoring of sand transport vehicles will be conducted through the ""Sand Vehicle Tracking System"" software by the District Sand Committee. 
 - Online booking of sand sales and monitoring through the Monitoring System (SSMMS) will be implemented by the District Sand Committee. 
 - Establishment of a Mineral Protection Force under the Department of Mines and Geology to take action against unauthorized sand mining, stockpiling, and transportation. 
 - Action will be taken against unauthorized sand mining, transportation, and stockpiling by the Member Department Officers of the District Sand Committee and Taluk Sand Committee, in accordance with Section 21 of the Mines and Minerals (Development and Control) Act, 1957, and Rule 3 and Rule 4(5) of the Karnataka Sub-Mineral Concession Rules, 2004. 
 ","Regional","Karnataka","Guideline","01-01-2020 18:30:00","06-06-2023 18:30:00","Government"," Department of Mines and Geology, Karnataka","06-06-2023","N/A"
"Industries and Mines Department ,Gujarat: Guidelines","https://cgm.gujarat.gov.in/uploads/policydocuments/Gazette%20Gujarat_Minor_Mineral_Concession_Rule_2017.pdf","N/A","https://storage.googleapis.com/download/storage/v1/b/ved_prod__media/o/pdfs%2F61e1d7de-d75f-4b3b-bdd1-af64d7574105.pdf?generation=1686051434175575&alt=media","In this document, one can find definitions of concepts like -cluster, quarry lease, mining plan, scheduled area etc. In Gujarat, the quarry lease is granted by the Government through an electronic auction process prescribed in this Gazette. It also gives the reader a detailed description of the auction process that takes place and the various stages it comprises, procedures of scientific and systematic mining(which involves making of a mining plan approved by the Government), duties of the qualified officers(Geologists, Mining Engineers) etc.
The environment management plan that needs to be followed by every leaseholder includes provisions for reclamation and rehabilitation of land affected by mining operations, storage of overburden and waste stock, precautions against noise pollution etc.
The document suggests exploration norms for different types of mineral deposits including moulding sand and Silica sand.","Quarry lease, Tender Document, Auction Process, Liabilities, powers and privileges of the lessee, Mining Plan, Environmental plan and clearance, Minor Minerals.","Regional","Gujarat","Guideline","24-05-2017 18:30:00","06-06-2023 18:30:00","Government","Industries and Mines Department, Government of Gujarat","06-06-2023","N/A"
"Illegal Sand Mining Conflicts in India","http://www.ejolt.org/wordpress/wp-content/uploads/2015/02/FS_010_India-Sand-Mining.pdf","N/A","https://storage.googleapis.com/download/storage/v1/b/ved_prod__media/o/pdfs%2Ffd5bcc50-34a9-4484-a3da-75fc6b5b1ace.pdf?generation=1686633791501695&alt=media","Illegal Sand Mining Conflicts in India.","IMPACTS 
 CONFLICTS 
 CASE STUDIES 
 ","India ","N/A","Analysis","16-01-2015 18:30:00","13-06-2023 18:30:00","Civil society / NGO","Environmental Justice organisations liabilities and trade","13-06-2023","N/A"
"Tamil Nadu M-Sand Policy, 2023","https://www.thehindu.com/news/national/tamil-nadu/66598818-Tamil-Nadu-M-Sand-Policy-2023.pdf","N/A","https://storage.googleapis.com/download/storage/v1/b/ved_prod__media/o/pdfs%2F37a5fb78-9f73-474a-8aa7-0f5f529d35b2.pdf?generation=1687167984213629&alt=media","The M-Sand or Crushed Sand Policy of the Government of Tamil Nadu in 2023 aims to achieve several objectives. First, it intends to protect the river ecosystem by regulating the use of river sand in a sustainable manner. Second, the policy aims to promote the usage of high-quality M-Sand or Crushed Sand that meets the compressive strength standards set by the Bureau of Indian Standards (BIS), offering a viable and cost-effective alternative to river sand for construction purposes.

Furthermore, the policy seeks to facilitate compliance with relevant statutes, rules, and regulations for M-Sand/Crushed Sand manufacturing units in Tamil Nadu, bringing the sector under formal regulation. It also aims to establish standardized procedures for the approval of such manufacturing units.

Additionally, the policy aims to support standalone crushing/manufacturing units that solely rely on stone quarries for raw materials, providing them with necessary assistance and guidance. It also promotes the recycling of coarse and fine aggregates from construction and demolition waste, as well as quarry waste within the state, contributing to sustainable practices in the construction industry.

Lastly, the policy aims to promote zero-waste mining and quarrying practices throughout Tamil Nadu, encouraging environmentally responsible approaches in these sectors.","1. The policy emphasizes the need to conserve natural resources for the benefit of future generations. 
 2. M-Sand or Crushed Sand is produced by crushing rock quarry stones or larger aggregate pieces into sand-sized particles. 
 3. The manufactured sand (M-Sand)/Crushed Sand must meet certain quality standards, including passing through a 4.75 mm sieve and having a minimum size of 150 microns. 
 4. Tamil Nadu recognizes M-Sand/Crushed Sand production as essential for infrastructure development in the state. 
 5. Rampant sand mining and depletion of natural aggregates have made river sand scarce, leading to the need for an alternative like M-Sand/Crushed Sand. 
 6. The policy aims to promote zero-waste quarrying by utilizing low-value blocks and waste generated in the production of M-Sand/Crushed Sand. 
 7. M-Sand/Crushed Sand offers advantages such as higher flexural strength, better abrasion resistance, higher unit weight, and lower permeability compared to river sand. 
 8. The policy focuses on establishing quality standards, control measures, and the usage of water in M-Sand/Crushed Sand manufacturing. 
 9. It addresses the setting up of manufacturing units, disposal of waste, and controlling air and water pollution. 
 10. The policy promotes the usage of recycled aggregates (C&D waste) and recycled concrete aggregates (RCA) in construction. 
 11. Quarry leases and health and safety of workers are also considered. 
 12. The policy emphasizes strengthening the legal framework, implementing a zero-tolerance approach, and establishing a single-window portal for ease of operation. 
 13. Monitoring and evaluation of policy implementation, as well as the validity of the policy, are key components.","Regional","Tamil Nadu","Guideline","01-01-2023 18:30:00","19-06-2023 18:30:00","Government","Department of Geology and Mining, Tamil Nadu","19-06-2023","N/A"
"THE TAMIL NADU MINOR MINERAL CONCESSION RULES, 1959","https://upload.indiacode.nic.in/showfile?actid=AC_TN_85_692_00004_00004_1546856733370&type=rule&filename=tnmmcr_-_1959_update-2019.pdf","N/A","https://storage.googleapis.com/download/storage/v1/b/ved_prod__media/o/pdfs%2F78f18c06-4e68-4414-8c1c-12295e8b3477.pdf?generation=1687172945528783&alt=media","The Tamil Nadu Minor Mineral Concession Rules, 1959, were established by the Governor of Tamil Nadu in exercise of the powers conferred by Section 15 of the Mines and Minerals (Regulation and Development) Act, 1957. These rules superseded the Tamil Nadu Minor Mineral Concession Rules, 1956. 

Please note that this document includes amendments up to 10-04-2018","Quarrying or removal of sand in the state is subject to prohibition or regulation by the Conservator of Rivers, especially in the case of lands in river beds covered by the Madras Rivers Conservancy Act, 1884. 
 The Collector cannot sanction quarrying or removal in river beds covered by the Madras Rivers Conservancy Act without consulting the Conservator of Rivers. 
 For river beds not covered by the Madras Rivers Conservancy Act but under the charge of the Public Works Department, the Collector cannot sanction quarrying or removal without consulting the Executive Engineer of the Division. 
 Before granting quarrying leases or forwarding applications for quarrying leases or permits, the District Collector or District Forest Officer must ensure that clearance has been obtained from the jurisdictional authority overseeing the place of quarrying in the river. 
 Additionally, clearance must be obtained from the authority controlling any bridges or water supply sources or works in the area of quarrying. 
 The District Collector or District Forest Officer must also obtain a no objection certificate from the Tamil Nadu Water Supply and Drainage Board for quarrying sand in river beds","Regional","Tamil Nadu","Guideline","01-01-2019 18:30:00","19-06-2023 18:30:00","Government","Department of Geology and Mining, Tamil Nadu","19-06-2023","N/A"
"River Sand Mining in Kerala: 2021-2022 Annual Report","N/A","N/A","https://storage.googleapis.com/download/storage/v1/b/ved_prod__media/o/pdfs%2F3a715f00-1918-43c3-8477-c3d0cde07a09.pdf?generation=1687175890774464&alt=media","This is the first annual report on river sand mining in Kerala issued by the Institute of Land and Disaster Management (ILDM). Its important points are as follows:
1. The Hon’ble NGT has directed all States/UTs to publish their Annual Reports covering actions taken against illegal sand mining and such annual reports need to be furnished to MoEF&CC by 30th April every year giving status till 31st March.
2. Sand Mining in Kerala is controlled and regulated by the provisions of Kerala Protection of River Banks and Regulations on Removal of Sand Act-2001. River sand mining is completely handled by State Government since 2001 and no portion of the river in the State is leased out to any private parties for sand mining. A three-tier decentralized system functions in the State to protect river banks and regulate river sand mining. The State High-Level Committee (SHLC) at the State level chaired by Revenue Minister, District Expert Committee (DEC) at the District level chaired by District Collector, and Kadavu Committee at the Panchayat/Municipality/ Corporation level are the statutory monitoring systems functions in the State.
3. The government of Kerala has entrusted CSIR-National Institute of Interdisciplinary Sciences and Technology (NIIST), the only NABET accredited agency from Kerala in mining sector, with the task of preparing District Survey Report (DSR) for 10 districts in the State as part of obtaining Environmental Clearance.
4. There were 672 vehicles and four equipments seized against illegal transporting from Kerala from 1.04.2021 to 31.03.2022. There were 676 vehicles released including those seized in the previous year after levying a fine. An amount of Rs. 2.06 Crore was remitted to River Management Fund as a penality amount levied against vehicles and equipments used in illegal sand mining. Against illegal sand mining, 683 cases were registered and an amount of Rs. 24.79 Lakh was remitted to River Management Fund from the sale of illegally mined sand after seizure and confiscation.","N/A","Regional","Kerala","Analysis","01-04-2022 18:30:00","19-06-2023 18:30:00","Government","Institute of Land and Disaster Management (ILDM)","19-06-2023","N/A"
"Global mining footprint mapped from high-resolution satellite imagery - Communications Earth & Environment","https://www.nature.com/articles/s43247-023-00805-6","N/A","https://storage.googleapis.com/download/storage/v1/b/ved_prod__media/o/pdfs%2Fe21fd8de-9c8f-4f65-a09c-2a8d0c712505.pdf?generation=1687347745025441&alt=media","High resolution satellite imagery was used by researchers to identify mining footprint across the globe. 

74,548 mine area polygons are reported in the present study, with global coverage and example delineated areas illustrated in Fig. 1 of the paper. A total estimated mine area of 65,585.4 km sq is mapped, with an arithmetic mean of 0.88 km sq (258,493.0 km total perimeter, 3.5 km/polygon).","The dataset comprises mine area polygons from 135 countries and regions, though these areas are highly clustered. 
 Approx. 79% of the polygons are situated within 13 countries: China, USA, Russia, Australia, Indonesia, South Africa, Ukraine, Ghana, Canada, India, Brazil, Kazakhstan, and Chile.  
 Correspondingly, 122 countries and regions have ~21% of the total mine area polygons, with fewer than 625 polygons each (<1%). 
 Major mining nations can broadly be divided into high mineral demand countries (e.g., China, India, and USA) and high mineral export countries (e.g., Australia, Canada, South Africa, and Russia). 
 The complete polygon dataset is available for download via Zenodo, at https://doi.org/10.5281/zenodo.6806817","Global ","N/A","Research paper","22-04-2023 18:30:00","21-06-2023 18:30:00","Other","Communications Earth & Environment (Nature)","21-06-2023","N/A"
"River Sand Mining in Kerala: 2022-2023 Annual Report","N/A","N/A","https://storage.googleapis.com/download/storage/v1/b/ved_prod__media/o/pdfs%2F2399c2ad-a7f1-40a2-ad50-fbece1076a39.pdf?generation=1687462741313938&alt=media","This is the second annual report on river sand mining in Kerala issued by the Institute of Land and Disaster Management (ILDM). Its important points are as follows:
1. River sand mining is completely handled by State Government since 2001 and no portion of the river in the State is leased out to any private parties for sand mining.
2. River sand mining is completely handled by State Government since 2001 and no portion of the river in the State is leased out to any private parties for sand mining.
3. DSR will be prepared for 10 districts (Pathanamthitta, Kottayam, Idukki, Ernakulam, Thrissur, Palakkad, Malappuram, Kozhikode, Kannur, and Kasargod) where mineable sand deposits are identified through Sand Auditing, by CSIR-NIIST. CSIR-NIIST proposed 18 months and 1.89 Crores + 18% GST for the preparation of DSR for 10 districts from their MoU signing in April 2022.
4. There were 440 vehicles seized against illegal transporting of sand in Kerala from 1.04.2022 to 31.03.2023. There were 281 vehicles released this year after levying a fine. An amount of Rs. 69.46 Lakhs was remitted to River Management Fund as a penalty amount levied against vehicles used in illegal sand mining. Against illegal sand mining, 456 cases were registered and an amount of Rs. 29.77 Lakh was remitted to River Management Fund from the sale of illegally mined sand after seizure and confiscation.","N/A","Regional","Kerala","Analysis","01-04-2022 18:30:00","23-06-2023 18:30:00","Government","Institute of Land and Disaster Management (ILDM)","23-06-2023","N/A"
"Gazzette Notification (Sand Mining Policy, 2021)","https://allowb.org/grad_pdfs/Gazette%20Notification%20(Sand%20Mining%20Policy).pdf","N/A","https://storage.googleapis.com/download/storage/v1/b/ved_prod__media/o/pdfs%2Fe34d85d9-6745-4dfc-8b4b-c0b2199f5240.pdf?generation=1688030755665402&alt=media","A notice for publication of revised framework of  rules and regulations of sand mining policy in 2021.","Policy for regulated sand mining , fair price and ecological protection  . 
 Need for revised framework. 
 Sources of sand in West Bengal . 
 WBMDTCL to focus on buliding capacity. 
 Development of a Centralized Portal and Introduction of Centralized-Challan System for Transportation of Sand. 
 Monitoring activities. 
 ","Regional","West Bengal","Guideline","30-07-2021 18:30:00","29-06-2023 18:30:00","Multi lateral agency (eg : UNEP)","DEPARTMENT OF II\IDUSTRY COMMERCE & ENTERPRISES Mines Branch","29-06-2023","N/A"
"Notification for New Sand Mining Rules 2021 , West Bengal","https://wbllroa.in/wp-content/uploads/2022/05/Notification-New-Sand-Mining-Rules-2021_Department-of-Industry-Commerce-and-Enterprises-Mines-Branch.pdf","N/A","https://storage.googleapis.com/download/storage/v1/b/ved_prod__media/o/pdfs%2Fb6664b97-1559-49a9-aa30-bc9a71a8ae7d.pdf?generation=1688103052324278&alt=media","This is a notice to reissue the new sand mining rules in 2021 with explanatory information on the details of how these rules will be put to action.","1. Definition of essential terms in the rules like overburden , e -challan, environemntal clearances , etc . 
 2. Aplicability of the rules in decided sectors. 
 3.General restrictions in underataking sand mining. 
 4. Details regarding payment and short term mining license. 
 5. Prohibition on Transportation, Storage and Sale of Sand. 
 6. Preventive measures for illegal sand mining . 
 7. Instructions related to penalty , compounding of offences and appeal to review orders .","Regional","West Bengal","Guideline","31-01-2022 18:30:00","30-06-2023 18:30:00","Government","DEPARTMENT OF INDUSTRY, COMMERCE & ENTERPRISES Mines Branch","30-06-2023","N/A"
"Socioenvironmental issues of river bed material extraction in the Himalayan piedmont (India)","https://link.springer.com/article/10.1007/s12665-018-7897-1","N/A","https://storage.googleapis.com/download/storage/v1/b/ved_prod__media/o/pdfs%2F2de828ec-add5-4c4a-ba68-59a55be6f9b0.pdf?generation=1688119239211157&alt=media","The present study focuses on the Balason river running through the Himalayan piedmont zone (near Siliguri, India). The objective of the study is an assessment of the environmental effects of river bed material extraction by humans and the dependence of indigenous people on the river and its ecosystem services. The analysis is based on results of field work consisting of geodetic measurements of the river channel and interviews among the local community from the Nimtijot village. Historical hydrological data were also used for the study. The results of the investigation show that the Balason river is heavily affected by excessive exploitation of river bed material during dry season and the replenishment of extracted material in a monsoon season is not always sufficient. It leads to channel deepening. The local community working in the river heavily depends for its livelihood on continuing this activity. A decreasing amount of bed material to be extracted may lead to degradation of the strong relationship between the local community and their natural environment (river).","The key objectives of the study are investigation of the: 
 a)interaction between the local community and its dependence on river bed material and its ecosystem services; 
 b)environmental effects arising out of river bed material extraction by the local community; and 
 c)evaluation of the prospects of continued river bed material extraction by the local community.","Regional","West Bengal","Research paper","15-10-2018 18:30:00","30-06-2023 18:30:00","Other","Springer","30-06-2023","N/A"
"BUILT ON SAND - AN EXAMINATION OF THE PRACTICE OF SAND MINING IN SOUTH ASIA WITH REFLECTIONS FROM THE MAHAKALI AND THE TEESTA RIVERS","http://pei.center/wp-content/uploads/2019/09/Built-On-Sand_TROSA_PEI.pdf","N/A","https://storage.googleapis.com/download/storage/v1/b/ved_prod__media/o/pdfs%2F683fb8f6-a85d-4e94-a79c-83c729845109.pdf?generation=1688105753275976&alt=media","This study draws on empirical insights on sand mining practices in the Mahakali River in Nepal and the Teesta River in India to build knowledge base on policies, institutions, and market for river aggregates in the two countries. Additionally, based on the findings, the study forwards specific recommendations to engage with policy makers and private sector to promote more responsible and sustainable sand mining practices.","1. Background and impacts of sand mining . 
 2. Reflections of sand mining isuuses on Teesta river in India and Mahakali river in Nepal. 
 3. Overarching observations and recommendations for sustainable mining of sand . 
  
   
 ","Global ","N/A","Analysis","01-01-2019 18:30:00","30-06-2023 18:30:00","Multi lateral agency (eg : UNEP)","POLICY ENTEPRENEURS INC.","30-06-2023","N/A"
"Sand and Gravel Mining and its Consequences on Morphometry of Raidak-II River in Eastern Dooars, India","https://www.researchgate.net/publication/356729149_Sand_and_Gravel_Mining_and_its_Consequences_on_Morphometry_of_Raidak-II_River_in_Eastern_Dooars_India","N/A","https://storage.googleapis.com/download/storage/v1/b/ved_prod__media/o/pdfs%2F1d1eda81-cddb-4209-818a-f331e792c983.pdf?generation=1688107800973916&alt=media","The sand and gravel mining plays a signifcant role in changing the morphometric features of any river like shifting of river bank, channel width, channel depth, channel pattern, etc. These impacts become evident due to unscientifc sand and gravel mining which was exponentially increased nowadays. Raidak-II River, consisting 28 mining sites in its course from Bhutanghat to Binnaguri, is well known for maximum number of sand and gravel mining sites of Dooars region of West Bengal. The irrational sand and gravel mining using heavy vehicles and machineries withdraw more sediments than that are naturally offered for removal. Ultimately the health of the river has been affected adversely and these adverse impacts become evident day by day. The present study shows that most part of the left river bank has been shifted toward east for sand and gravel mining compared to the other bank causing more width depth ratio. The mid-channel bars and point bars are dissected and new small channels are formed with consequent higher braiding index. The study reveals that the long profle of the river has been affected forming irregular features with repeated aggradation and degradation. Finally, this study has attempted to assess a perception study of different contributing factors and detected that sand and gravel mining plays most profound action in changing morphometric features of this river compared to other anthropogenic activities on river.","1.The sand and gravel mining plays a signicant role in 
 changing the morphology of any channels like channel width, depth, channel pat- 
 tern, etc. Sand mining is a rising activity in most of the rivers in the agricultural nations in Asia, for example, China, Malaysia, Sri Lanka, Nepal, Maldives, Vietnam, and India. 
 2.The field study confirms that the extraction of sand and gravel mining causes sudden breaks of slope and creates random depression in the river bed. 
 3.The width of the river has been increased gradually in case of most of the mining sites from 2010 to 2015 and from 2015 to 2020  specially for uncontrolled and over mining of sand using machineries and heavy vehicles. 
 3.The data of different contributing factors both natural and anthropogenic factors 
 such as gauge height, sediment load, discharge, bank materials, bank stability and 
 protection, slope, riparian vegetation, sand and gravel mining, river bed agriculture 
 are collected from different sources and used for analyzing rates of contributing 
 weightage responsible for geomorphic changes of this river. 
 ","Regional","West Bengal","Research paper","30-01-2022 18:30:00","30-06-2023 18:30:00","Other","springer nature","30-06-2023","N/A"
"Andhra Pradesh Water, Land and Trees Act, 2004 - Rules","https://www.mines.ap.gov.in/Sand/DownLoadFiles/WALTA_RULES_2004.pdf","N/A","https://storage.googleapis.com/download/storage/v1/b/ved_prod__media/o/pdfs%2F1a9bc7de-86bd-41bd-b435-a1bfe0d8d874.pdf?generation=1688123595943818&alt=media","Under the Andhra Pradesh Water, Land and Trees Act 2002 (APWALTA, 2002), guidelines for sand mining are laid out under Section 27. This document lays down all the rules for the Act. Sand Mining is under Rule 23 beginning on Page 14. "," 
  
 1. Notification and Prohibition: Areas where sand mining affects the groundwater regime will be notified, and transportation of sand will be prohibited. Mining and transportation of sand will be banned in notified overexploited groundwater micro basins/mandals. 
  
 2. Conditions for Sand Exploitation: 
    - Sand mining is not allowed in notified areas, except for local use in nearby villages or towns along the streams. Mechanical transportation of sand from these notified areas outside the local jurisdiction is banned. 
    - In fourth-order streams, sand mining is restricted to specified areas. 
    - In fifth-order and above rivers (e.g., Godavari, Krishna, Pennar), sand mining may be permitted as long as it does not affect existing sources of irrigation, drinking water, or industrial purposes. 
  
 3. Restrictions: 
    - Sand quarrying is not allowed within 500 meters of existing structures like bridges, dams, weirs, or any other cross drainage structure. 
    - Vehicles carrying sand should not travel over flood banks, except at crossing points, bridges, or on a metal road. 
    - Permission to quarry sand will not be granted within 500 meters of any groundwater extraction structures used for irrigation or drinking water. 
    - The depth of sand removal is limited to a maximum of 2.00 meters in streams/rivers where the sand thickness is more than 8.00 meters but should not exceed two meters in any case. 
    - Sand quarrying is not permitted within 15 meters or 1/5 of the width of the stream bed from the bank, whichever is more. 
    - Sand mining is not allowed in streams where the thickness of sand deposition is less than 2.00 meters. 
    - The depth of sand removal is restricted to one meter in minor streams where the thickness is more than 3.00 meters and less than 8.00 meters. 
    - Sand quarrying is limited to depths above the water table recorded during the monsoon and should not affect or disturb the water table. 
    - The quantity of sand deposited annually in each stream or river will be monitored by establishing observation stations along the stream course. 
  
 4. Joint Inspection and Recommendations: The Ground Water Department will conduct joint inspections with officials from the Mines and Geology Department or other concerned departments to study the impact of sand mining in an area and provide recommendations.","Regional","Andhra Pradesh","Guideline","06-11-2004 18:30:00","30-06-2023 18:30:00","Government","State Government","30-06-2023","N/A"
"Andhra Pradesh Minor Mineral Concession Act 1966 - Rules","https://www.mines.ap.gov.in/miningportal/downloads/APMMC-Rules-1966.pdf","Yes","https://storage.googleapis.com/download/storage/v1/b/ved_prod__media/o/pdfs%2F69912fda-e816-4f5f-8ae0-cba355afcd5d.pdf?generation=1688362110807725&alt=media","The Andhra Pradesh Minor Mineral Concession Act 1966 is a legislation governing the regulation and management of minor minerals in the state of Andhra Pradesh, India."," 
  
 1. Definition of minor minerals: The act provides a comprehensive definition of minor minerals, which includes minerals such as limestone, clay, sand, gravel, marble, granite, and other building stones, among others. 
  
 2. Grant of mineral concessions: The act empowers the government to grant mineral concessions for minor minerals through a competitive bidding process or by auction. The concessions may be granted for a specified period and subject to certain conditions. 
  
 3. Application and grant procedure: The act outlines the procedure for applying for a mineral concession, including the submission of an application form and payment of the prescribed fee. The government is responsible for processing the applications and granting concessions based on the eligibility criteria and conditions specified in the act. 
  
 4. Rights and duties of concession holders: The act specifies the rights and duties of mineral concession holders. It grants them the right to extract and transport the minerals within the prescribed limits and conditions. Concession holders are also obligated to comply with the rules, regulations, and environmental norms set by the government. 
  
 5. Regulation of mining operations: The act provides for the regulation and control of mining operations for minor minerals. It includes provisions for the prevention of illegal mining, measures to ensure the safety and welfare of workers, and the protection of the environment. 
  
 6. Royalty and fees: The act outlines the royalty rates and fees payable by the concession holders for the extraction and transportation of minor minerals. These rates may be revised by the government from time to time. 
  
 7. Monitoring and enforcement: The act establishes mechanisms for the monitoring and enforcement of the provisions of the act. It empowers the government to appoint officers, inspectors, and other authorities to carry out inspections, investigate violations, and take necessary actions against offenders. 
  
 8. Offences and penalties: The act specifies various offences related to the illegal extraction, transportation, and storage of minor minerals. It also prescribes penalties, including fines and imprisonment, for contravening the provisions of the act. 
  
 9. Appeals and disputes: The act provides provisions for filing appeals against decisions of the government regarding the grant, renewal, or cancellation of mineral concessions. It also establishes mechanisms for resolving disputes related to the act through arbitration or other legal means. 
  
 10. Rules and regulations: The act empowers the government to make rules and regulations for the effective implementation of the act. These rules may include provisions for the survey, demarcation, and assessment of mineral deposits, as well as other administrative and procedural matters. 
  
 It is important to note that while these key points provide a general overview of the Andhra Pradesh Minor Mineral Concession Act 1966, the actual act may contain additional provisions and details that are not mentioned here.","Regional","Andhra Pradesh","Guideline","25-03-1966 18:30:00","30-06-2023 18:30:00","Government","State Government","03-07-2023","24-01-2025"
"Amendement (September, 2019) to Andhra Pradesh Minor Mineral Concession Rules 1966","https://www.mines.ap.gov.in/Sand/DownLoadFiles/2019INDS_MS71.pdf","N/A","https://storage.googleapis.com/download/storage/v1/b/ved_prod__media/o/pdfs%2Fcd4f5cf0-668c-45b5-8e93-9d0e344fc3ce.pdf?generation=1688362895005070&alt=media","The Andhra Pradesh State government announced that, in exercise of the powers conferred by sections 15(1), 15(1A), 21(2), 22, 23, and 23(c) of the Mines and Minerals (Development and Regulation) Act, 1957, the amendments herein would be made to the Andhra Pradesh Minor Mineral Concession Rules, 1966, which were issued in G.O.Ms.No.1172, Industries (B-1), and subsequently amended."," 
 1. Sand sourced from Rivers & Streams: 
    - Sand extraction in certain streams is not permitted in over-exploited areas. 
    - Sand extraction should follow the rules and regulations specified by the government. 
    - Sand transportation should be done using bullock carts or tractors within the district. 
    - Sand from specified stockyards should be supplied for local use, government schemes, and government works. 
  
 2. Identification of Sand reaches in higher order streams: 
    - District Level Sand Committee (DLSC) is responsible for identifying feasible sand bearing areas. 
    - DLSC members include the District Collector, Joint Collector, and various department representatives. 
    - Joint inspections are conducted to assess sand bearing areas and obtain necessary clearances. 
  
 3. Extraction, disposal, and regulation of sand: 
    - Andhra Pradesh Mineral Development Corporation Ltd. (APMDC) is responsible for extracting sand. 
    - Sand extraction should follow approved mining plans, environmental clearances, and consent for operation. 
    - Sand is disposed from specified stockyards by collecting sale price and applicable charges. 
    - Weighment, waybills, and monitoring through CCTV cameras are implemented. 
  
 4. Regulation of sand transportation in higher order streams: 
    - Sand extracted from higher order streams can be utilized anywhere within the state. 
    - District Collectors establish administrative mechanisms for enforcement. 
    - Sand used in weaker section housing schemes is exempt from fees. 
    - The extraction period is one year or until the permitted quantity is exhausted. 
  
 5. State Level Committee (SLC): 
    - SLC includes various government officials to review sand extraction and issue guidelines. 
  
 6. Complaint Redressal Mechanism: 
    - Complaint Redressal Committee and Enquiry Team are established to address grievances related to illegal sand mining. 
    - The process involves filing complaints, conducting inspections, and passing orders. 
  
 7. De-siltation of Dams/Reservoirs/Barrages/Large Tanks: 
    - Irrigation Department and APMDC are involved in de-siltation work. 
    - Joint inspections are conducted, and sand is sourced and disposed of as per the specified procedures. 
  
 8. De-casting sand from Patta lands: 
    - Patta landowners can apply for de-casting sand. 
    - Joint inspections are carried out to assess the land and determine the thickness of sand to be removed. 
  
 These key points provide a condensed overview of the amendements made. ","Regional","Andhra Pradesh","Guideline","04-09-2019 18:30:00","30-06-2023 18:30:00","Government","State Government","03-07-2023","N/A"
"Unaccounted deaths lay bare the dark side of sand mining","https://india.mongabay.com/2022/06/unaccounted-deaths-lay-bare-the-dark-side-of-sand-mining/","N/A","https://storage.googleapis.com/download/storage/v1/b/ved_prod__media/o/pdfs%2F0bfa1478-3e73-4ee5-893c-b2be951000ee.pdf?generation=1688365678059504&alt=media","Illegal and unscientific sand mining from rivers is generally seen as a threat to the environment, especially aquatic life. But there is another dark side to this that is neither recorded in government files nor discussed enough: the hundreds of unaccounted deaths every year due to sand mining, leaving behind broken families.","According to a study, 418 people lost their lives and 438 people were injured in India during December 2020 to March 2022, in cases related to sand mining. 
 Of the deaths, 49 occurred due to drowning in deep pits formed in the river because of sand mining. No official accounts are maintained to track deaths caused by mining accidents such as drowning and road mishaps. 
 Environmental activists demand greater transparency in decisions taken by the centre or state governments and recommend involving the local people to keep tab on illegal mining. 
 Sand has a high demand globally, with about 5,000 crore (50 billion) metric tonnes of sand and gravel being used annually. Along with China, in India too, sand is mined faster than the rate of its formation. 
 The NCRB report on Accidental Deaths and Suicides in India (ADSI) has categories such as road accidents, speeding, overloading and drowning. But such accidents due to mining are not kept in a separate category.","India ","N/A","Analysis","07-06-2022 18:30:00","03-07-2023 18:30:00","Multi lateral agency (eg : UNEP)","mongabay","03-07-2023","N/A"
"SAND MAFIAS IN INDIA - Disorganized crime in a growing economy","https://globalinitiative.net/wp-content/uploads/2019/07/Sand-Mining-in-India-Report-17Jul1045-Web.pdf","N/A","https://storage.googleapis.com/download/storage/v1/b/ved_prod__media/o/pdfs%2F924aaf42-bca1-46c9-96d6-3c36ec1f85f0.pdf?generation=1688366583176857&alt=media","This paper looks at patterns of sand mining in India and the impact that it may have on governance, security, the environment and the growth of entrenched criminal networks. The conclusions suggest that civil administration is retreating before a mafia-like nexus of political, business and bureaucratic interests, which connive to flout judicial orders. The secondary and tertiary effects of such activity bode ill for societal stability, even though a certain amount of (tenuous and often exploitative) employment is generated by illicit sand mining. ","1  ‘sand mafias’ 
 2  Sand as a diminishing resource  
 3 How the illicit trade in sand operates  
 4 Political complicity in India’s illicit sand industry  
 5 Dividing communities from within  
 6 Violence and intimidation in the illicit sand industry: ‘Disorganized crime’  
 7 A problem of large but unknown proportions ","India ","N/A","Analysis","01-07-2019 18:30:00","06-07-2023 18:30:00","Civil society / NGO","Global Initiative Against Transnational Organized Crime","06-07-2023","N/A"
"Amendment (November, 2019) to Andhra Pradesh Minor Mineral Concession Rules 1966","https://www.mines.ap.gov.in/miningportal/Downloads/APMMC/2019INDS_MS99.pdf","N/A","https://storage.googleapis.com/download/storage/v1/b/ved_prod__media/o/pdfs%2F45d2c00d-3944-4942-a8c7-647c29d1facc.pdf?generation=1688368191188366&alt=media","During the review meetings on the implementation of the New Sand Policy (based on the Amendement issued in September, 2019) in the State, it was brought to the notice of the Government that certain individuals have been engaging in illegal stocking, hoarding, black-marketing, and resale of sand. 

This hindered the Government's objective of ensuring affordable prices of sand for the public. After carefully examining the entire matter, the Government decided to curb these illegal activities by imposing stringent punishment. In this issue, they ordered to impose a punishment of imprisonment for up to two (2) years and a fine of Rs. 2,00,000/- (Rupees Two Lakhs) on the individuals involved in illegal stocking, hoarding, black-marketing, and resale of sand.","N/A","Regional","Andhra Pradesh","Guideline","05-11-2019 18:30:00","30-06-2023 18:30:00","Government","State Government","03-07-2023","N/A"
"Amendment (April, 2021) To Andhra Pradesh Minor Mineral Concession Rules 1966","https://www.mines.ap.gov.in/Sand/DownLoadFiles/2021INDS_MS25.pdf","N/A","https://storage.googleapis.com/download/storage/v1/b/ved_prod__media/o/pdfs%2Fde68e73c-40a6-4392-9bc4-1906f8a7bdef.pdf?generation=1688368568985154&alt=media","The government has made some changes to the Andhra Pradesh Minor Mineral Concession Rules, 1966. These changes were made using the powers given by certain sections of the Mines and Minerals (Development and Regulation) Act, 1957. The new rules will be effective from the date they are announced. However, the amendments made in 2019 will continue to be in effect until the sand operations are fully taken over by the selected agency or agencies."," 
  
 1. Rule 9-B (1)(a)(iv): 
    - The words ""for local needs by bullock carts and tractors"" will be substituted with ""for local needs by bullock carts."" 
  
 2. Rule 9-B (1)(a)(iv): 
    - Sand will be made available for self-consumption of villages, government-sponsored weaker section housing schemes, and government R&R packages housing free of cost through a coupon system. 
    - The subsidy for this will be borne by the state government. 
    - Statutory levies will be exempted from consumers for sand supply to villages abutting the reaches. 
  
 3. Omission of item (d) in Rule 9-B (1)(a)(iv) and item (m) in Rule 9-B (1)(b)(i). 
  
 4. Rule 9-B (1)(b): 
    - The Deputy Director of Mines & Geology will identify potential sand-bearing areas and submit proposals for extraction to the District Level Sand Committee. 
  
 5. Rule 9-B (1)(b)(iv): 
    - The Deputy Director, Ground Water Dept., will issue clearance for specified sand-bearing areas. 
    - The Executive Engineer/River Conservator will issue clearance for specified sand-bearing areas and provide details of the ramps. 
  
 6. Rule 9-B (1)(b)(iv): 
    - The words ""Assistant Director of Mines and Geology"" will be substituted with ""Deputy Director of Mines and Geology."" 
    - The words ""basing on the Ground Water Department's feasibility report"" will be substituted with ""basing on the Deputy Director Ground Water Department's clearance."" 
  
 7. Omission of item (e) in Rule 9-B (1)(b)(iv). 
  
 8. Rule 9-B (1)(b): 
    - The words ""in the name of District Collector"" will be substituted with ""in the name of the Agency selected for the respective package."" 
  
 9. Substitution of item (vi) under Rule 9-B (1)(b): 
    - Deputy Director of Mines & Geology will intimate the details of new reaches to the Director of Mines & Geology for addition to the selected agency. 
  
 10. Addition of items (vii) and (viii) after item (vi) under Rule 9-B (1)(b). 
  
 11. Substitution of M/s Andhra Pradesh Mineral Development Corporation Ltd. with ""The Agency selected for the particular Sand package"" in Rule 9-B (1)(c). 
 ","Regional","Andhra Pradesh","Guideline","16-04-2021 18:30:00","30-06-2023 18:30:00","Government","State Government","03-07-2023","N/A"
"Standard Operating Procedure (2021) For Andhra Pradesh Minor Mineral Concession Amendement Rules (April, 2021) - Weaker Section Housing and Govt R&R Packages","https://www.mines.ap.gov.in/Sand/DownLoadFiles/Final%20SOP%20with%20Annexures.pdf","N/A","https://storage.googleapis.com/download/storage/v1/b/ved_prod__media/o/pdfs%2F650ce1c1-eef6-4862-a0f6-a8dcbd92601c.pdf?generation=1688388066190567&alt=media","The Government of Andhra Pradesh, through a notification (G.O.Ms.No.2S, Ind. & Com. (M-III) Dept., dated 16.04.2021), has made changes to the APMMC Rules, 1966. These changes state that sand will be provided free of cost to Government-sponsored Weaker Section Housing Schemes, Government R&R packages, and villages located near the sand reaches. The guidelines for how this will be implemented are specified in the document."," 
 1. Weaker Section Housing and Government R&R Packages: 
 - User Department requests permission from District Collector, providing work details and sand requirement. 
 - District Collector verifies the requirement and issues orders mentioning the source of sand and schedule of lifting. 
 - Department approaches Village/Ward Secretariat with District Collector's orders. 
 - Secretariat issues sand dispatch form to collect sand from the specified stream. 
 - Vehicle driver excavates sand from notified streams and follows regulations. 
 - Any irregularities are reported to authorities for action. 
 - Secretariat maintains a register of permissions for sand lifting. 
 - Sand must be utilized only for the approved purposes. 
  
 2. Government R&R Packages: 
 - Concerned department requests sand requirement from DDMG, providing project details. 
 - DDMG creates a login ID for department contractors to generate sand coupons. 
 - Contractors raise requests for sand based on available reaches. 
 - DDMG allocates sand reach-wise to contractors. 
 - Contractors generate sand coupons using their login credentials and collect sand from the reach. 
 - Sand is issued after verification and scanning of barcodes or QR codes. 
 - Sand must be used as per the District Collector's orders. 
  
 3. Government-sponsored Weaker Section Housing Schemes: 
 - Engineering Assistant of the Panchayat Secretariat issues stage-wise free sand coupons to beneficiaries. 
 - Beneficiaries present coupons to the reach in-charge for sand collection. 
 - Verification of coupons and scanning of QR codes are done before issuing sand. 
 - Beneficiaries transport sand within 21 days from coupon generation. 
 - Engineering Assistant monitors sand receipt and consumption through field verification and geotagged photos. 
 - Coupons are issued based on work progress. 
  
 4. Villages Abutting the Reaches: 
 - DDMG includes eligible revenue villages and habitations. 
 - Engineering Assistant of the Panchayat Secretariat issues free sand coupons to eligible villagers. 
 - Coupons contain necessary details of the villager and construction location. 
 - Sand is collected by presenting the coupon to the reach in-charge. 
 - Sand is issued after verification, scanning, and collection of operation costs for IV & V order streams. 
 - Sand must be transported within 21 days from coupon generation. 
 - Engineering Assistant monitors sand receipt and consumption through field verification and geotagged photos. 
 - Coupons are issued based on work progress.","Regional","Andhra Pradesh","Guideline","27-05-2021 18:30:00","30-06-2023 18:30:00","Government","State Government","03-07-2023","N/A"
"Andhra Pradesh State Assembly Constituency Wise Sale Price of Sand (July, 2021)","https://www.mines.ap.gov.in/Sand/DownLoadFiles/Constituency%20wise%20Sand%20Prices.pdf","N/A","https://storage.googleapis.com/download/storage/v1/b/ved_prod__media/o/pdfs%2F7f1b083c-c9d1-418b-a44f-5ecdd41a94f7.pdf?generation=1688389204077961&alt=media","The document mentions the Name of nearest Sand Source, Sand Price at Stockyard, Distance, Transportation Cost and Maximum Delivered Cost for all the Constituencies across the 13 State Districts of Andhra Pradesh. ","N/A","Regional","Andhra Pradesh","Guideline","02-07-2021 18:30:00","30-06-2023 18:30:00","Government","State Government","03-07-2023","N/A"
"UNDERSTANDING THE SOCIO-ECOLOGICAL DRIVERS OF SAND MINING AND THEIR IMPACT ON KULSI RIVER, ASSAM, INDIA","http://www.envirobiotechjournals.com/article_abstract.php?aid=12401&iid=348&jid=3","N/A","https://storage.googleapis.com/download/storage/v1/b/ved_prod__media/o/pdfs%2Ff25ffaef-e47e-4939-a756-ad8e584fdae7.pdf?generation=1688454865081746&alt=media","This paper seeks to access the socio-economic life driving by the sand mining in the Kulsi river. It also identifies various ecological stress lead by sand mining in the river.","The Kulsi river have high economic importance as it carries quality Pre-Cambrian sand and also have high ecological importance as it sustain the endangered Gangetic Dolphin. The backwardness of socioeconomic status of the surroundings inhabitant is one of the noticeable aspects to the conservation issues associated with riverine ecology. The study shows that at an average 1000 boats are engaged in sand mining activities per day in Kulsi river. The inhabitant also replaces their age-old fishing activities by sand mining as they view it more profitable one at present. Apart from it the unplanned industrial growth near the river and direct release of waste material to the Kulsi river intoxicated the river water and causing danger to dolphin and other aquatic species. Another important aspect is that the high in-stream mining in Kulsi river also affects the sub tributaries and connected wetlands as it become drying condition during winter season. That as a whole threats the organic ecology of the river.","Regional","Assam","Research paper","30-06-2021 18:30:00","04-07-2023 18:30:00","Other","EM International","04-07-2023","N/A"
"Andhra Pradesh Government Proceedings on Sand Depot wise Sale Prices (August, 2021)","https://www.mines.ap.gov.in/Sand/DownLoadFiles/Govt.%20Proceedings%20on%20fixation%20of%20sand%20depot%20wise%20sale%20prices.pdf","N/A","https://storage.googleapis.com/download/storage/v1/b/ved_prod__media/o/pdfs%2F30666ff3-f424-4e79-bb78-0216eb3001bf.pdf?generation=1688455398547886&alt=media","This document mentions work orders issued in favour of M/s Jaiprakash Power Ventures, revision of existing transportation rates for supply of sand, and depot wise revised sale price of sand. ","It references Memo No. INC01-MG0DMGE/294/2021-M-III: Uploaded on the portal titled ""Andhra Pradesh Government Memo on Base Rates for Trasportation of Sand (August, 2021)""","Regional","Andhra Pradesh","Guideline","17-08-2021 18:30:00","30-06-2023 18:30:00","Government","State Government","04-07-2023","N/A"
"Andhra Pradesh Government Memo on Base Rates for Transportation of Sand (August, 2021)","https://www.mines.ap.gov.in/Sand/DownLoadFiles/Govt.%20Memo%20on%20Base%20Rates%20for%20Transoprtation%20of%20Sand.pdf","N/A","https://storage.googleapis.com/download/storage/v1/b/ved_prod__media/o/pdfs%2Fa98df7e6-2c3b-48a3-be46-37fb668909ac.pdf?generation=1688456248211646&alt=media","The Government revised base rates for Sand Transporation based on the advice of the Director of Mines and Geology, AP due to an increase in Wholesale Price Index. ","The revised actual rates for sale from each depot based on this revision is uploaded on the portal titled ""Andhra Pradesh Government Proceedings on Fixation of Sand Depot wise Sale Prices (August, 2021)""","Regional","Andhra Pradesh","Guideline","17-08-2021 18:30:00","30-06-2023 18:30:00","Government","State Government","04-07-2023","N/A"
"West Bengal Minor Minerals Rules, 2002","http://dmm.gov.in/pdfs/wbmmr2002-rules.pdf","N/A","https://storage.googleapis.com/download/storage/v1/b/ved_prod__media/o/pdfs%2F27dbd357-8ea2-46e2-be9b-4a40fb07a50b.pdf?generation=1688974045693717&alt=media","Rules for minor minerals in West Bengal","rules for - 
 Prohibition of Mining Operation without perrnit or Mining Lease 
 Application for Mirning Lease 
 Refusal of application for grant of a mining lease 
 Area of mining lease and permits  
 list of minor minerals  
 format for application , aknowledgement , clearnace ,etc for mining  
 ","Regional","West Bengal","Guideline","08-11-2002 18:30:00","10-07-2023 18:30:00","Government","DEPARTMENT OF INDUSTRY, COMMERCE & ENTERPRISES Mines Branch","10-07-2023","N/A"
"Impact of sand mining on alluvial channel flow characteristics","https://www.sciencedirect.com/science/article/abs/pii/S0925857419301727","N/A","https://storage.googleapis.com/download/storage/v1/b/ved_prod__media/o/pdfs%2Fdb8f6713-5487-4b7e-bf88-1a5d2aa4c63a.pdf?generation=1689320850688305&alt=media","Mining pit in a channel bed causes disturbance to the flow characteristics. To interpret the phenomenon of change in flow characteristics in a mining pit, experimental study was performed in a tilting laboratory flume. This research focuses on the impact of mining pit on different turbulent parameters, such as flow velocity, Reynolds shear stress distribution, turbulent kinetic energy fluxes, and higher order moment distribution. ","The analysis of Reynolds shear stress and higher order moment distribution shows higher values of velocity fluctuations in the pit than the upstream section. The response of bursting events, which is identified by the third order moment, shows influence of sweep events near the bed in all four sections. Third order moment analysis also shows a rise in dominance of sweep events along the flow depth in the pit and it’s downstream, compared to the upstream section. The kurtosis distribution shows highly intermittent nature of turbulence close to the channel bed. The longitudinal turbulent kinetic energy fluxes and vertical turbulent kinetic energy fluxes are in downstream and downward directions for both inner and outer layer in the pit region, which shows an increase in bed particle mobility in that region, whereas it is present only in the inner layer at the upstream section. Additionally, improved bed load transport equation by incorporating pit geometry has been proposed for alluvial channel subjected to sand mining.","India ","N/A","Research paper","01-11-2019 18:30:00","14-07-2023 18:30:00","Other","elsevier","14-07-2023","N/A"
"India Sand Mining Dec 2020 to March 2022: Violence & Accidents Killed 418 People in 16 Months","https://sandrp.in/2022/04/24/india-sand-mining-violence-accidents-killed-418-people-in-16-months/","N/A","https://storage.googleapis.com/download/storage/v1/b/ved_prod__media/o/pdfs%2F41297710-7f00-4102-906d-eced685ffe6e.pdf?generation=1689574388558233&alt=media","Summary reports in a zone wise manner for North, East, West and South zones covering sand mining violence and accidents from December 2020 to March 2022.","North Zone: Sand Mining Violence & Accidents Highlights 
 East & North East Zone: Sand Mining Violence & Accidents Highlights 
 South Zone: Sand Mining Violence & Accidents Highlights 
 West Zone: Sand Mining Violence & Accidents Highlights 
 Sand Laden Trucks Proving a Major Killer 
 Workers Dying in Mine Accidents 
 Dams Flooding Mines without Warning 
 Sand Pits Proving Death Traps for Children 
 Sand Mafias Turning More Powerful, Violent","India ","N/A","Analysis","24-04-2022 18:30:00","17-07-2023 18:30:00","Civil society / NGO","SANDRP","17-07-2023","N/A"
"Shifting Sands: Illegal sand mining is killing both people and the environment","https://en.gaonconnection.com/shifting-sands-illegal-riverbed-mining-threatens-environment-and-human-life-while-the-sand-mafia-makes-a-killing/","N/A","https://storage.googleapis.com/download/storage/v1/b/ved_prod__media/o/pdfs%2F9dc0c76d-dd60-4211-a4f4-8d4b11c25218.pdf?generation=1689657037237680&alt=media","Illegal sand mining that has come up around uncontrolled construction is taking a toll on environment and human lives. The present regulations and mining guidelines seem inadequate to stem the rot.","Illegal mining  
 environmental impacts on river  
 inadequate laws  
 aletrnatives  
 better decisions ","India ","N/A","Analysis","06-10-2020 18:30:00","18-07-2023 18:30:00","Multi lateral agency (eg : UNEP)","gaonconnection","18-07-2023","N/A"
"Buried in Sand: Understanding Precarity in the Context of the Political and Criminal Economy in India","http://hdl.handle.net/10393/41720","N/A","https://storage.googleapis.com/download/storage/v1/b/ved_prod__media/o/pdfs%2F745d4257-5115-4c7b-94ec-e1fafd701b04.pdf?generation=1691986811914538&alt=media","As the world population grows and countries become more urbanized, the  demand for sand is more prominent than ever. However, this seemingly  infinite resource is being exhausted beyond its natural rate of renewal;  we are running out of sand. The limited supply of sand has resulted in  illicit sand trading globally, spawning gangs and mafias in a lethal  black market. Through the nexus of politics, business and crime, India  has demonstrated to be the most extreme manifestation of the global sand  crisis. This paper will offer insight into the under-researched area of  precarity surrounding the sand trade in the context of political  criminality in India. By adopting an integrative approach to precarity,  the analysis will review the direct and indirect impacts on livelihoods  and local communities. The findings highlight how the collusive  relations between the sand mafia and state authorities perpetuate a  cycle of precarious labour and social-ecological conditions. To  conclude, I will explore recommendations on how to address the  implications of sand mining as a global community."," ","India ","N/A","Research paper","01-01-2021 18:30:00","01-01-2021 18:30:00","Other","University of Ottawa","14-08-2023","N/A"
"The inter-state criminal life of sand and oil in North India","https://doi.org/10.2307/j.ctvfrxr41.14","N/A","https://storage.googleapis.com/download/storage/v1/b/ved_prod__media/o/pdfs%2F98e90531-c5a4-46d7-a418-fcd7408af186.pdf?generation=1691989713135938&alt=media","This chapter explores the inter-state criminal political economies of the sand and oil mafias in North India. It puts forward the concept of ‘mafia assemblages’ to nuance understanding of ‘organised crime’ and simultaneously provides insights into contemporary political formations. Mafia assemblages in the studied cases are not hyper-fluid, autonomous and amorphous illegal networks; nor are they discrete, structured, hierarchical and bounded ‘mafia systems’. The criminal economies of sand and oil constantly mutate, transform and break up as they adapt to new business opportunities and political constraints. The chapter explores how the sand and oil mafia assemblages intertwine and how the very same local political bosses protect (and are part of) them. Contrary to economic analysis that emphasises different tax rates as the main engines of cross-border criminal economies, the working of sand and oil mafias suggests that it is instead the search for impunity by political bosses and the nature of caste territorial sovereignties that drive criminal economies in border areas."," ","India ","N/A","Research paper","01-01-2019 18:30:00","01-01-2019 18:30:00","Other","UCL Press","14-08-2023","N/A"
"State of India's Birds 2023","https://drive.google.com/file/d/1ahhYQUMJKAkNtVtmCYEIF3C1ntBKSXDw/view?pli=1","N/A","https://storage.googleapis.com/download/storage/v1/b/ved_prod__media/o/pdfs%2F5e972f53-458e-4db8-8a67-243be5f0237b.pdf?generation=1693382211053298&alt=media","The State of India’s Birds report is a periodic assessment of the distribution range, trends in abundance, and conservation status for most of the bird species that regularly occur in India. With their ubiquity and ecological importance, birds are excellent indicators of the state of our natural world and are potent cultural symbols of nature. As a comprehensive, national-level assessment, the report points the way towards conservation needs of India’s birds.","- The decline of riverine sandbar-nesting birds is attributed to widespread pressures on rivers from irrigation schemes, transportation, human disturbance, domestic use, and pollution from agricultural and industrial chemicals (see Environmental Pollutants, p76). For many of these species the most critical factor is the variation in water level during the breeding season due to greater control of, and demand for, water for human use. As a result, the birds are subject to a number of associated threats. 
 - Sand mining is a further threat for these nesting colonies, both directly (through disturbance and disruption) as well as through possible long- term effects on the formation of nesting sandbars. Coupled with these threats, extreme weather events (e.g., sand storms, heavy pre-monsoon showers, and tropical cyclones) can destroy breeding colonies en masse, resulting in a failed breeding season. 
 - Four bird species—Small Pratincole, Little Ringed Plover, Great Thick-knee and Little Tern— have shown a distressing decline of 50-80 per cent in their populations, according to the State of India’s Birds (SoIB) report 2023.
- The report also highlights the population decline of grassland birds like the Great Indian Bustard, Bengal, and Lesser Florican.
- Major threats to the coastal habitats like habitat degradation, land use changes, developmental activities, blocking of river mouths, intensification of commercial aquaculture, and non-conventional salt production and illegal killing.
- The Indian Skimmer has been identified as one of the top four species for conservation efforts in the territories of Delhi, Madhya Pradesh, Odisha and Uttar Pradesh. 
 - The Black-bellied Tern has been recognized as a top-priority species for conservation in the Delhi, Odisha, Punjab, and Telangana.  
 - Mid-river sandbars serve as vital nesting grounds for certain bird species, with the Indian Skimmer and Black-bellied Tern being notable examples. Unfortunately, these species are facing a concerning decline in their populations, leading to their Endangered status on the IUCN Red List. Sharing these nesting sites are other avian species including the River Lapwing, River Tern, Little Tern, Great Thick-knee (Near Threatened), and Small Pratincole.
- Once widely distributed across Southeast Asia, the Indian Skimmer and Black-bellied Tern have experienced a significant reduction in their distribution range and decline in the population, and are now largely limited to India, Pakistan, Bangladesh, Nepal, and Myanmar. This decline can be attributed to the widespread degradation of river habitats due to factors like irrigation projects, sand mining, transportation activities, heightened human disturbances, domestic utilization, and pollution from agricultural and industrial sources.","India ","N/A","Analysis","25-08-2023 18:30:00","30-08-2023 18:30:00","Civil society / NGO","Multiple Organisations","30-08-2023","N/A"
"Sand Mining as a Contemporary threat to Sandbar Nesting Birds: a Review","https://doi.org/10.1134/S1995425523020038","N/A","https://storage.googleapis.com/download/storage/v1/b/ved_prod__media/o/pdfs%2Farjun_etal_2023_sand_mining_contemporary_threat_sandbar_nesting_birds_1ad1d08b-23c5-4ec3-a655-1b1926465764.pdf?generation=1714131262625281&alt=media","Urbanization requires enormous amounts of material inputs especially  sand to fulfilling the demands of the increasing human population  through sand mining. It has negative environmental impacts in terms of  physical, chemical, and biological aspects like river-associated  biodiversity, especially on river dolphins, fishes, crocodiles, turtles,  otters, and birds. The temporary sand islands of Rivers with their  abundant food supplies for birds are ideal nesting grounds for a variety  of avian species, like Indian Skimmer, Black-bellied Tern, River Tern,  Great Thick-knee, and River Lapwing. Extensive sand mining is degrading  the breeding grounds of these sandbar nesting birds which can eventually  lead to their population decline. Inadvertent erosion of river beds and  banks also may occur as a result of extreme extraction practices. The  use of heavy machinery is also affecting the collective environment.  Conservation priority areas can be identified using select birds as  environmental indicators and model organisms for biodiversity  conservation. Long-term avifaunal survey data could also be useful for  effective monitoring of the changes in the riverine habitat quality and  biodiversity. Increasing natural riparian vegetation and conservation  awareness among local people could make a positive impact on conserving  these habitats along with some of the threatened avian species.","Publication focusing sand mining impact on threatened riverine sandbar nesting birds in India.","India ","N/A","Research paper","20-04-2023 18:30:00","01-08-2023 18:30:00","Other","Contemporary Problems of Ecology","30-09-2023","N/A"
"Impacts of Sand Mining on Ecosystem Structure, Process and Biodiversity in Rivers","https://wwfint.awsassets.panda.org/downloads/sandmining_execsum__final_.pdf","N/A","https://storage.googleapis.com/download/storage/v1/b/ved_prod__media/o/pdfs%2F9c43ad95-9380-427a-892c-b52ad75cdf24.pdf?generation=1696089506175969&alt=media","WWF is a solution-oriented advocate of clean flowing rivers that believes that by better understanding and communicating the impacts of sand mining – aggregate extraction encompasses sand, gravel, pebbles or cobbles, but is collectively referred to as sand mining – on rivers, the organisation can influence key decision-makers to ensure that extraction is done sustainably. To do this, a strong evidence base for past, current and potential impacts of sand mining on rivers and their ecosystems is required.","This report aims to provide an authoritative review and summary of the available scientific literature associated with sand mining impacts, a context for this information with respect to global sources, demands and trends, and an understanding of what the estimated present status and perceived associated impacts of sand mining are on a global scale.  
 [Koehnken, L., and Rintoul, M. (2018) Impacts of Sand Mining on Ecosystem Structure, 
 Process and Biodiversity in Rivers. WWF.]","Global ","N/A","Analysis","01-01-2018 18:30:00","01-12-2020 18:30:00","Civil society / NGO","WWF","30-09-2023","N/A"
"Impacts of riverine sand mining on freshwater ecosystems: A review of the scientific evidence and guidance for future research","https://doi.org/10.1002/rra.3586","N/A","https://storage.googleapis.com/download/storage/v1/b/ved_prod__media/o/pdfs%2Fc05c9fd6-925a-4d85-b508-fee05617e028.pdf?generation=1696090120374419&alt=media","Sand mining (used here as a generic term that includes mining of any riverine aggregates regardless of particle size) is a global activity that is receiving increasing media attention due to perceived negative environmental and social impacts. As calls grow for stronger regulation of mining, there is a need to understand the scientific evidence to support effective management. This paper summarizes the results of a structured literature review addressing the question, “What evidence is there of impacts of sand mining on ecosystem structure, process, and biodiversity in rivers, floodplains, and estuaries?” The review found that most investigations have focused on temperate rivers where sand mining occurred historically but has now ceased. Channel incision was the most common physical impact identified; other physical responses, including habitat disturbance, alteration of riparian zones, and changes to downstream sediment transport, were highly variable and dependant on river characteristics. Ecosystem attributes affected included macroinvertebrate drift, fish movements, species abundance and community structures, and food web dynamics. Studies often inferred impacts on populations, but supporting data were scarce. Limited evidence suggests that rivers can sustain extraction if volumes are within the natural sediment load variability. Significantly, the countries and rivers for which there is science-based evidence related to sand mining are not those where extensive sand mining is currently reported. The lack of scientific and systematic studies of sand mining in these countries prevents accurate quantification of mined volumes or the type, extent, and magnitude of any impacts. Additional research into how sand mining is affecting ecosystem services, impacting biodiversity and particularly threatened species, and how mining impacts interact with other activities or threats is urgently required.","This paper summarizes the results of a literature review into the impacts of riverine sand mining on freshwater ecosystems. The aim of the review was to provide an understanding of the range of observed impacts related to sand mining activities and to guide future research directions.  
 [Koehnken, L,  Rintoul, MS,  Goichot, M,  Tickner, D,  Loftus, A-C,  Acreman, MC.  Impacts of riverine sand mining on freshwater ecosystems: A review of the scientific evidence and guidance for future research. River Res Applic.  2020; 36: 362–370. https://doi.org/10.1002/rra.3586]","Global ","N/A","Research paper","05-02-2020 18:30:00","07-02-2020 18:30:00","Other","River Research and Applications","30-09-2023","N/A"
"Sand mafias in India: Disorganized crime in a growing economy","https://globalinitiative.net/analysis/sand-mafias-in-india/","N/A","https://storage.googleapis.com/download/storage/v1/b/ved_prod__media/o/pdfs%2F8a417c24-5365-4865-bedb-a797990d40de.pdf?generation=1696091063039332&alt=media","India has seen a tripling of demand for sand from 2000 to 2017,  creating a market worth 150 billion rupees, or just over two billion US  dollars. The country has the third-largest construction industry in the  world, following those of China and the United States, accounting for 9  per cent of its two-trillion-dollar economy and employing more than 35  million people. Given the dizzying rate of India’s construction boom,  guesstimates indicate a massive shortage of licitly mined sand.","This paper looks at patterns of sand mining in India and the impact  that it may have on governance, security, the environment and the growth  of entrenched criminal networks. The conclusions suggest that civil  administration is retreating before a mafia-like nexus of political,  business and bureaucratic interests, which connive to flout judicial  orders. The secondary and tertiary effects of such activity bode ill for  societal stability, even though a certain amount of (tenuous and often  exploitative) employment is generated by illicit sand mining. The paper  also highlights a policy conundrum: can India, which, paradoxically,  combines widespread economic backwardness with sky-high consumer  aspirations, find a model of environmentally sustainable development? Or  is it doomed to exacerbate the harshness of already abysmal living  standards experienced by its rural population (who make up two-thirds of  its population) to satisfy the needs of its urban middle class?  
 [Mahadevan, P. (2019). SAND MAFIAS IN INDIA: Disorganized crime in a growing economy. Global Initiative Against Transnational Organized Crime.]","India ","N/A","Analysis","01-07-2019 18:30:00","14-08-2023 18:30:00","Civil society / NGO","Global Initiative Against Transnational Organized Crime","30-09-2023","N/A"
"New Sand Mining Policy - 2014 | Telangana","https://mines.telangana.gov.in/MinesAndGeology/Documents/GO's/SAND%20GO%2038.PDF","N/A","https://storage.googleapis.com/download/storage/v1/b/ved_prod__media/o/pdfs%2F33f80fe3-1e7d-4633-80e0-fbee2d05d552.pdf?generation=1696967492312645&alt=media","The Government after careful examination and consideration of the matter in detail, hereby introduces the New Sand Mining Policy-2014 for the State of Telangana. ","(i) Sand is available in the State from (3) sources, viz., 1) Rivers and streams, 
 2) De-silting of Reservoirs and 3) De-casting of Private Patta Lands 
 (ii) The Sand available from Rivers and streams is categorized into I to V order 
 depending on size and capacity. In I-order streams, the source is small 
 village stream or vagu while V-order would be large rivers like Krishna and 
 the Godavari. 
 (iii) Sand in I and II order streams will be left to the Local Body and Villagers for 
 domestic needs, Government sponsored weaker section Housing schemes 
 for which no seigniorage charges are collected. Extraction of sand from said 
 order streams for construction of Local Body buildings like schools, 
 community halls etc., will be allowed subject to payment of Seigniorage Fee 
 by the consuming agency. The excavation and transportation of sand shall 
 be manual and no mechanical means be allowed and no sand be transported 
 outside the local jurisdiction. 
 (iv) Sand in III, IV and V order streams will be allowed for exploitation subject 
 to WALTA Rules and Regulations. 
 (v) A preliminary identification of sand available in III, IV and V order streams 
 will be done by the Mines and Geology Department in consultation with the 
 Irrigation, Ground Water and Revenue Departments. These reaches will 
 include left banks of Tungabhadra River, Krishna River including project 
 backwaters, the Godavari river and its tributaries and all project de-siltation 
 areas.  
 (vi) Based on preliminary identification, the District Level Committee under the 
 Chairmanship of Joint Collector will meet and cause inspection of all 
 stretches and give a feasible area report based on WALTA criterion. The 
 feasible areas will be allotted to the Telangana State Mineral Development 
 Corporation Limited (TSMDC) for excavation, regulation and supply of sand. 
 The TSMDC will then obtain all statutory clearances like EC, Mining Plan, 
 Environment Management Plan, CFE and CFO. Once PCB clearance is 
 obtained extraction of sand can start. 
 (vii) Sand available by way of de-silting of reservoirs will also be allowed to be 
 exploitation. The same shall be identified in consultation with the Irrigation 
 Department. 
 (viii) The feasible sand reaches identified in the III, IV and V order streams as 
 well as sand available under de-silting of reservoirs will be handed over to 
 the TSMDC for extraction. 
 (ix) The TSMDC will appoint raising contractors for the sand reaches identified 
 under a strict competitive bidding process. The sand so excavated will be 
 moved to stockyards managed by the TSMDC. The stockyards can be near 
 the sand reach. Additional stockyards near urban habitations, especially the 
 Municipal Corporations can also be created. 
 (x) Sale of sand to all consumers, small, medium or large, will be from these 
 stockyards. Sale of sand from these stockyards will be controlled by 
 electronic surveillance (CCTVs) and electronic documentation linked to a 
 central documentation monitoring facility. The way-bills for transportation of 
 sand will have the security seal of the TSMDC and will be stamped with date 
 and time. The vehicles will be tracked by way of GPS. Any sand lorry found 
 without TSMDC way-bill will be illegal and the vehicle should be seized. 
 (xi) The intention of the Government is to ensure adequate quantity of the right 
 quality of sand is available at a reasonable price to the people of the State. 
 (xii) Sand mining in tribal areas will be governed by the provisions of the 
 Panchayats Extension to Scheduled Areas (PESA) Act of 1996, PESA Rules of 
 2011 and the WALTA Act Rules of 2004. 
 (xiii) The present system for sand permits in Patta lands shall continue, but with 
 more rigorous vigilance and inspections. The demarcation of Patta lands has 
 to be done very accurately and further ensured that no mining takes place 
 outside the Patta lands. If ad valorem rate of seigniorage is imposed, the 
 TSMDC rate will be the bench mark for seigniorage charges for Patta lands 
 also. 
 (xiv) The Government shall fix the rates and revise the rates of Siegniorage Fee 
 as per the situation/demand warrants. 
 (xv) Rock sand is a good alternative to natural sand. Availability of rock sand will 
 reduce the pressure on natural sand which is not found abundantly in the 
 State of Telangana. The technical viability of Rock Sand has been 
 established without doubt. In fact L&T has been using rock sand for the 
 Hyderabad Metro-Rail Project. 
 (xvi) Rock sand manufactured can be accorded industry status as long as the unit 
 manufactures 100% rock sand. Right now only 20% of the capacity is being 
 used for manufacture of Rock Sand. VAT and power subsidy can be 
 extended prospectively. Regular incentives can be given for new units. 
 (xvii) In addition, preference in quarry lease allotment will be given for units 
 manufacturing Rock Sand. Existing Stone Crushers can be accorded ancillary 
 status provided the crusher rock sand is certified by ISO/NAC/NCCMB. 
 (xvii) Government Departments shall be mandated to use at least 50% of Rock 
 Sand in Government constructions.  
 ","Regional","Telangana","Guideline","12-12-2014 18:30:00","10-10-2023 18:30:00","Government","Industries and Commerce (Mines.I) Department","10-10-2023","N/A"
"Sand Futures: Post-Growth Alternatives to Excessive Mineral Extraction in the Global South | Post Growth Institute","https://medium.com/postgrowth/sand-futures-post-growth-alternatives-to-excessive-mineral-extraction-in-the-global-south-57f0da7f14f2","N/A","https://storage.googleapis.com/download/storage/v1/b/ved_prod__media/o/pdfs%2Fd30ac487-3372-4e85-8a2a-ea789ecb283e.pdf?generation=1698304096239628&alt=media","Tagline: Digging into sand reveals how current development paradigms work in service to capital — and at the expense of people’s wellbeing.


This is an interview with Post Growth Fellow, Arpita Bisht, based on her paper - 'Sand futures: Post-growth alternatives for mineral aggregate consumption and distribution in the global south'


Arpita is a political ecologist specializing in conflicts related to natural resources, especially minerals. After initially focusing on bulk metals like iron ore and copper, she discovered that sand was the most conflict-prone material in India, leading her to further investigate its global significance. Arpita is an expert on sand mining, examining power dynamics in material consumption, distribution, and their societal and geopolitical impacts.


Her article, “Sand futures: Post-growth alternatives for mineral aggregate consumption and distribution in the global south,” outlines how sand extraction throughout the 21st century has led to ecological damage and violent operations, and draws connections between sand extraction and economic growth and development. We sat down with Arpita to explore why addressing the sand crisis requires systemic changes, including moving away from growth-focused models.","Talks about: 
 The use of sand in various practices  
 Why is so much sand extracted and consumed in the Global South 
 The relation between extraction, consumption, capital and inequity 
 The role of traditional architectural knowledge","India ","N/A","Analysis","20-10-2023 18:30:00","23-10-2023 18:30:00","Civil society / NGO","Post Growth Institute","26-10-2023","N/A"
"India Rivers Week 2020 - North India Sand Mining Overview | India Rivers Forum","https://indiariversforum.org/wp-content/uploads/2020/10/irw2020_northindiasandminingoverview_sandrp_oct20.pdf","N/A","https://storage.googleapis.com/download/storage/v1/b/ved_prod__media/o/pdfs%2F1d92d248-06d5-4255-827a-b1aa8e31ae4e.pdf?generation=1698308661108242&alt=media","The India Rivers Week 2020 conference hosted by India Rivers Forum was conducted on the theme: ""Is sand mining killing our rivers?"". The event saw 4 region wise deliberations for North, East, West, and South India. 


This document summarises the discussions and learnings from the North Zone discussion.","The North Zone sand mining report makes rather grim reading. With such rear view, what can we look forward to? 
 Key Conclusions, Recommendations Here while some questions are raised and recommendations given in the context of specific states, they are applicable to all the states. 
 J&K The local miners, sand diggers have been mostly doing manual mining. However, now the valley is being opened for outside miners for mechanized mining operations. Should this be happening? Should we not try and understand what could be implications for local people and rivers there? Should the local people have a role in taking such decisions? 
 Punjab More than 65% of sand is being used in govt projects. Can there be rating points for infrastructure, building on the basis of quantum and source of construction material being used? The government should be able to ensure that the sand used in government buildings should not be illegally mined sand and where possible reduce the use of river sand mind and in stead use alternative sources? This is a suggestion for all the states. In fact the building ratings should be there for all kind of buildings, to reduce the use of illegally and unsustainably mined sand. 
 Uttarakhand About 70% RBM are transported outside the state. The riverine communities, river dependent people are worst affected by mining operations. But they have no say in decision making. What steps govts should take to make the processes democratic and participatory? 
 Haryana The govt is earning huge revenue from sand mining. Yet why mining departments & PCBs facing resource crisis? Why are mining approvals given for several years, when rivers keep changing course generally after every major flood? 
 Uttar Pradesh The court orders, guidelines by MoEFCC don’t get implemented. Even CBI probe is languishing for years without reaching credible outcome. Why is judiciary not being effective in changing this? Why is media not highlighting these issues as much as necessary, particularly state and national media. Why is even civil society largely silent? 
 Central, All States The auctioning processes, EIAs, apprisals & public consultation processes, monitoring & compliance are plagued by major problems. How these can be improved? 
 What could be feasible, viable and sustainable alternatives to reduce dependence on river sand? What steps are necessary to achieve optimum use of such alternavies? 
 Will creation of fish sanctuaries, No Mining Zones help address the challenges? How can the otters, gharial, dolphins, turtles can be saved from illegal mining activities? What is NMCG doing to ensure that illegal and unsustainable sand mining is stopped and it does not adversely affect Ganga and its tributaries? 
 There is very little research about river sand mining that has such far reaching impacts. Some of the research may also not be known and accessible to wider stakeholders. We certainly need more research, and all research findings must be in proactively in public domain. 
 As far as sand miners, EIA consultants, Expert Appraisal Committees at central, state and district level (where existing), geo-morphologists, geologists and geo hydrologists are concerned, there is not too much known about them, we possibly need more research & analysis about role of these various key persons and organisations and who governs them. Similarly about the real estate companies and business and how they can be partners in curbing illegal and unsustainable sand mining.","India ","N/A","Analysis","01-10-2020 18:30:00","26-10-2023 18:30:00","Civil society / NGO","India Rivers Forum","26-10-2023","N/A"
"India Rivers Week 2020 - South India Sand Mining Overview | India Rivers Forum","https://indiariversforum.org/wp-content/uploads/2020/11/irw2020_southindiasandminingoverview_finalnov6.pdf","N/A","https://storage.googleapis.com/download/storage/v1/b/ved_prod__media/o/pdfs%2Ff69320ab-0708-4380-9653-6b82f1dceac7.pdf?generation=1698309282514262&alt=media","The India Rivers Week 2020 conference hosted by India Rivers Forum was conducted on the theme: ""Is sand mining killing our rivers?"". The event saw 4 region wise deliberations for North, East, West, and South India. 


This document summarises the discussions and learnings from the South Zone discussion.","The rivers that drain the highly weathered and older geological formations of South India 
 carry less sediment (~two order of magnitude less compared to the Himalayan and Indus- 
 Gangetic-Brahmaputra flood-plain rivers) and annual rates of replenishment at any stretch of a river are much lower. Decrease in rainfall since 1950s in some parts of the Western Ghats and elsewhere have also potentially reduced the sediment transport abilities of Southern rivers. A small decrease in rainfall can lead to a significant reduction in sediment load and the loss of some peak flushing flows downstream of dams can also reduce mobility of sediment. 
  
 Furthermore, sediment trapped in reservoirs behind dams has caused in reduction in 
 sediment load by up to 80% in some rivers (e.g. Kaveri). 
  
 The boom of real estate and infrastructure development in cities and towns of South India 
 post 2000 (eg Bengaluru, Hyderabad, Kochi) led to a massive demand for sand and 
 proliferation of sand mining, legal and illegal in rivers of South India. 
  
 Available evidence and knowledge suggest major ecological, socio-ecological and socio- 
 economic impacts of sand mining in this zone. There is evidence of conflict, legal challenges 
 and local mobilization against sand mining.  
  
 The increased vulnerability of river sand deposits due to low sediment production and 
 mobilization in southern rivers due to both natural and human driver as well as high 
 magnititude of impacts on river ecology, deltas and ground-water makes sand mining a major issue for policy and regulatory interventions. In the solution space the alternative reservoir management to flush sand downstream is yet to be studied for its feasibility.","India ","N/A","Analysis","06-11-2020 18:30:00","26-10-2023 18:30:00","Civil society / NGO","India Rivers Forum","26-10-2023","N/A"
"India Rivers Week 2020 - Mining Riparian Health: West Zone Regional Report | India Rivers Forum","https://indiariversforum.org/wp-content/uploads/2020/11/irw2020_westindiasandminingoverview_soppecom_v3.pdf","N/A","https://storage.googleapis.com/download/storage/v1/b/ved_prod__media/o/pdfs%2Fb2766322-ec69-43d6-95c6-9f84cd9068ea.pdf?generation=1698309535905976&alt=media","The India Rivers Week 2020 conference hosted by India Rivers Forum was conducted on the theme: ""Is sand mining killing our rivers?"". The event saw 4 region wise deliberations for North, East, West, and South India. 


This document summarises the discussions and learnings from the West Zone discussion.","The article touches upon: 
  
 The region and its rivers 
 Extent of Sand mining 
 Ecological impacts of sand mining 
 River Bed Sand mining and groundwater 
 Impacts on lives and livelihoods 
 Legal and institutional issues 
 Illegal mining and violence 
 Social Movements and resistances 
 Alternatives","India ","N/A","Analysis","01-11-2020 18:30:00","26-10-2023 18:30:00","Civil society / NGO","India Rivers Forum","26-10-2023","N/A"
"India Rivers Week 2020 - East Zone Sand Mining Overview | India Rivers Forum ","https://indiariversforum.org/wp-content/uploads/2020/11/irw2020_eastindiasandminingoverview_draftreport.pdf","N/A","https://storage.googleapis.com/download/storage/v1/b/ved_prod__media/o/pdfs%2Fd7dcd284-3150-4629-a02f-34f164e6d945.pdf?generation=1698309913211849&alt=media","The India Rivers Week 2020 conference hosted by India Rivers Forum was conducted on the theme: ""Is sand mining killing our rivers?"". The event saw 4 region wise deliberations for North, East, West, and South India. 


This document summarises the discussions and learnings from the East Zone discussion.","-","India ","N/A","Analysis","01-11-2020 18:30:00","26-10-2023 18:30:00","Civil society / NGO","India Rivers Forum","26-10-2023","N/A"
"Sand futures: Post-growth alternatives for mineral aggregate consumption and distribution in the global south | Ecological Economics","https://www.sciencedirect.com/science/article/pii/S0921800921002925?via%3Dihub","N/A","https://storage.googleapis.com/download/storage/v1/b/ved_prod__media/o/pdfs%2F38e37c5f-f437-44b4-84a4-14300edf6045.pdf?generation=1698376648906844&alt=media","This article by Arpita Bisht explores how growth economics is deeply intertwined with, and has driven, both over-consumption and inequitable distribution of aggregates. The article focuses on the global South because of existing socially inefficient aggregate use, and since near-future aggregate consumption trajectories and needs, are located here.","Continuing aggregate deprivation and emerging scarcities necessitate critical re-examining of ongoing aggregate use. 
 Pertinent alternatives can be located in post-growth, post-development, steady-state economics, and degrowth literature. 
 These alternatives can improve access, decentralize production, and preserve cultural knowledges through aggregate use.","Global ","N/A","Research paper","22-09-2021 18:30:00","27-10-2023 18:30:00","Other","Ecological Economics","27-10-2023","N/A"
"Riverbed Mining 2022: Judiciary tries but fails to bring effective change | SANDRP","https://sandrp.in/2023/02/03/riverbed-mining-2022-judiciary-tries-but-fails-to-bring-effective-change/","N/A","https://storage.googleapis.com/download/storage/v1/b/ved_prod__media/o/pdfs%2F56266d9b-234e-4314-a174-8eafa2f67690.pdf?generation=1698748993314170&alt=media","This article from SANDRP - South Asia Network on Dams, Rivers and People, highlights efforts by the judiciary towards addressing the issue of riverbed mining in India, and how these efforts, while well intentioned, might be falling short.


""Judiciary has been striving to remedy the lawless situation currently dominating riverbed mining in India. The year 2022 has been full of court cases and orders dealing with unsustainable and illegal riverbed mining operations. In this yearend overview, we have reported top ten judicial interventions to control exploitative minor mineral mining by various state governments and to make the regulators accountable against the illegalities & violations.""","Here are the 10 judicial interventions by courts that are mentioned in the article: 
  
 NGT questions changes to EC rules 
 Uttarakhand - Classification of rivers to set up stone crushers illegal: NGT 
 Uttar Pradesh Replenishment study of riverbed sand must for sand mining: NGT 
 Goa Explain unabated illegal sand mining in Tiracol River: HC 
 Karnataka NGT bans use of heavy machinery for sand mining in river bed 
 Odisha NHAI, contractor, supplier have joint liability in road construction 
 Meghalaya NGT needs to broaden proceedings against illegal sand-mining: HC 
 Punjab HC bans mining across Ravi in Pathankot, Gurdaspur 
 Maharashtra HC stops govt from giving sand mining contract on Savitri  
 Jammu & Kashmir NGT questions clearances; halts mining at Shaliganga","India ","N/A","Analysis","03-02-2023 18:30:00","31-10-2023 18:30:00","Civil society / NGO","SANDRP","31-10-2023","N/A"
"Impact of sand mining on local ecology","https://citeseerx.ist.psu.edu/document?repid=rep1&type=pdf&doi=a9123a9a40f44e043a0ecc178bc0eee40cadca23#page=111","N/A","https://storage.googleapis.com/download/storage/v1/b/ved_prod__media/o/pdfs%2Fe0c50897-50f7-4ccd-b107-9822721658e0.pdf?generation=1699959169239000&alt=media","A review of sand mining activity, rules and regulations, and the resulting environmental issues related to sand mining primarily affecting coastal erosion, river bank, land-use change, water, and biodiversity in Goa.","Before granting license, it is necessary to carry out a study to investigate the total volume of the sand, investigate the long-term sustainable level of near-shore extraction, establish a sediment budget and quantify sediment transport, investigate adverse effects, if any, on the local ecology.","Regional","Goa","Research paper","01-01-2006 18:30:00","14-11-2023 18:30:00","Government","The Energy & Resources Institute (TERI)","15-11-2023","N/A"
"Sand Mining: The World Scenario","https://link.springer.com/chapter/10.1007/978-94-017-9144-1_5","N/A","https://storage.googleapis.com/download/storage/v1/b/ved_prod__media/o/pdfs%2F21847540-b007-4f07-b720-47e2fe1dc600.pdf?generation=1700028340625606&alt=media","This chapter deals with a brief account of the environmental

effects of river sand mining reported from different parts of the world like Arizona,

Italy, Kenya, Jamaica and Costa Rica, Malaysia, China, Sri Lanka, Nepal, Maldives

and India.","River sand mining is widespread in most of the developing and developed countries. Of the different types of fluvial systems, small rivers (catchment area\10,000 km2 ) are the worst affected due to indiscriminate sand mining than large rivers as the area available for dissipation of negative externalities is low in small river basins.","Global ","N/A","Research paper","01-01-2014 18:30:00","15-11-2023 18:30:00","Other","Springer","15-11-2023","N/A"
"Minor Mineral, Major Menace: Decoding the Socio-Political Landscape of Sand Mining in Andhra Pradesh","https://veditum.org/2023/11/22/status-report-sand-mining-andhra-pradesh-isw/","N/A","https://storage.googleapis.com/download/storage/v1/b/ved_prod__media/o/pdfs%2Fandhra_pradesh_socio_political_landscape_of_sand_mining_india_sand_watch_782a02d0-84e3-4787-b0d7-bae80d5bd462.pdf?generation=1703325104278234&alt=media","This is a detailed report by India Sand Watch / Veditum India Foundation, looking at the state of sand mining in the state of Andhra Pradesh.


It offers some inferences and highlights gaps and challenges in data availability, policy implementation and the methods used for preparation of survey reports etc.","Below listed are the concluding remarks offered by the author. 
  
 The Sand Deficit and Government’s Development Agenda: The push for urban development and economic growth is leading to a high demand for sand. However, this excessive demand is leading to  a deficit in the state despite being endowed with rich riverine systems and river sand aplenty. There are concerns that in an attempt to meet the increasing sand demand, the government may be flouting rules and regulations related to sand mining, leading to environmental and social consequences. 
 De-siltation Activities and their Reality: While de-siltation activities are carried out as part of infrastructure (dams, barrages, etc)  maintenance, there are concerns about the scale and impact of such activities. Critics, such as former power secretary of state EAS Sarma, argue that some de-siltation projects may serve as a cover for sand mining, leading to environmental degradation and displacement of communities residing in and around riverbanks. [19]

The Chitale committee, which was constituted in July 2016 by the Ministry of Water Resources River Development and Ganga Rejuvenation to prepare guidelines for desiltation of river Ganga from Bhimgauda (Uttarakhand) to Farakka (West Bengal), found in their report that “De-siltation per se, has no relation with ecology and/or environmental flow in the river. At best, de-siltation, if carried out properly, would improve hydraulic performance of the river, and thereby, may contribute towards betterment of ecology. Generally, de-siltation works do more harm to ecology and environment flow, which has compelled Hon’ble Supreme Court and National Green Tribunal to pronounce judgment making environment impact assessment and clearance mandatory for sand mining / de-siltation works.”  [20] 
 Party Politics and its Impact on Sand Management: The issue of sand management has become politically charged. Gaps and lack of transparency when it comes to revenue could translate into competitive advantage for one party over others. This could further complicate effective policy implementation and exacerbate the challenges associated with the sand deficit. 
 JP Venture’s Unpaid Bills: Sand contractors in Andhra Pradesh have expressed their anger towards the State government due to the accumulation of unpaid bills. The contractors, who have been supplying sand for the past two years through JP Ventures Limited, staged a protest at the APMDC building in Amaravati in March of this year. They demanded immediate payment of their bills, warning that they might resort to extreme measures, including suicide, if the government failed to respond.The contractors accused JP Ventures of withholding payments, creating financial difficulties for both the government and themselves. The company’s financial results from 2023 also mention this gap. [21][22] 
  
 The complex landscape of sand deficit in Andhra Pradesh demands a holistic approach from the government and policymakers especially in the run up to 2024 as the new capital’s furnishing becomes more pertinent. Balancing rapid development with sustainable sand management practices is crucial to ensure the protection of valuable resources, environmental conservation, and the well-being of communities dependent on the land. 
 It is essential for the state to prioritize the long-term benefits of sustainable sand management over short-term gains to safeguard its future prosperity.","Regional","Andhra Pradesh","Analysis","22-11-2023 18:30:00","23-12-2023 18:30:00","Civil society / NGO","India Sand Watch - Veditum","23-12-2023","N/A"
"Decoding Chambal River Shoreline Transformations: A Comprehensive Analysis Using Remote Sensing, GIS, and DSAS","https://doi.org/10.3390/w15091793","N/A","https://storage.googleapis.com/download/storage/v1/b/ved_prod__media/o/pdfs%2Fsingh_etal_2023_decodingchambalshorelinetransformations_remotesensinggisdsas_38c97437-9cd3-4d59-9fae-3ee634b24521.pdf?generation=1705059611515155&alt=media"," Illegal sand mining has been identified as a significant cause of harm to riverbanks, as it leads to excessive removal of sand from rivers and negatively impacts river shorelines. This investigation aimed to identify instances of shoreline erosion and accretion at illegal sand mining sites along the Chambal River. These sites were selected based on a report submitted by the Director of the National Chambal Sanctuary (NCS) to the National Green Tribunal (NGT) of India. The digital shoreline analysis system (DSAS v5.1) was used during the elapsed period from 1990 to 2020. Three statistical parameters used in DSAS—the shoreline change envelope (SCE), endpoint rate (EPR), and net shoreline movement (NSM)—quantify the rates of shoreline changes in the form of erosion and accretion patterns. To carry out this study, Landsat imagery data (T.M., ETM+, and OLI) and Sentinel-2A/MSI from 1990 to 2020 were used to analyze river shoreline erosion and accretion. The normalized difference water index (NDWI) and modified normalized difference water index (MNDWI) were used to detect riverbanks in satellite images. The investigation results indicated that erosion was observed at all illegal mining sites, with the highest erosion rate of 1.26 m/year at the Sewarpali site. On the other hand, the highest accretion was identified at the Chandilpura site, with a rate of 0.63 m/year. We observed significant changes in river shorelines at illegal mining and unmined sites. Erosion and accretion at unmined sites are recorded at −0.18 m/year and 0.19 m/year, respectively, which are minor compared to mining sites. This study’s findings on the effects of illegal sand mining on river shorelines will be helpful in the sustainable management and conservation of river ecosystems. These results can also help to develop and implement river sand mining policies that protect river ecosystems from the long-term effects of illegal sand mining.
","Chambal River, illegal sand mining; riverbank erosion; riverbank accretion; Digital Shoreline Analysis System (DSAS) ","Regional","N/A","Research paper","07-05-2023 18:30:00","01-06-2023 18:30:00","Other","Water","12-01-2024","N/A"
"Threats of Sand Mining on the nesting of Turtles and Gharial in the National Chambal Sanctuary, Madhya Pradesh","https://www.mpforest.gov.in/mpsbb/completedProject/TSM.pdf","N/A","https://storage.googleapis.com/download/storage/v1/b/ved_prod__media/o/pdfs%2Ftsm_taigor_and_rao_chambal_7c21410d-2ba8-4204-b4b8-4aa02537c9bc.pdf?generation=1705132647283692&alt=media","A thorough survey of sand mining sites and their impacts on turtles and gharial nesting areas in National Chambal Sanctuary, India","The report identifies sites of sand mining along the National Chambal Sanctuary from 1984 to 2006. Very useful timeline and site-level detailed information is provided in the report.","Regional","Madhya Pradesh","Research paper","01-01-2007 18:30:00","13-01-2024 18:30:00","Other","Researchers of Jiwaji University Gwalior","13-01-2024","N/A"
"DISTRIBUTION AND STATUS OF THE SMOOTH-COATED OTTER Lutra perspicillata IN NATIONAL CHAMBAL SANCTUARY, INDIA","https://otter.nus.edu.sg/biblio/hussain1997-lp-statuschambal.pdf","N/A","https://storage.googleapis.com/download/storage/v1/b/ved_prod__media/o/pdfs%2Fhussain1997_lp_statuschambal_959dcbc3-14df-4dfb-b17e-bfe6fe1040d2.pdf?generation=1705134299738108&alt=media","In this research paper on Otters, Hussain and Choudhary (on pg. 204) of the journal Biological Conservation mention specific sand mining and stone quarry sites along the Chambal. ","Sand mining and stone quarry sites along National Chambal Sanctuary: locations from surveys conducted from 1988 to 1992.","Regional","Madhya Pradesh","Research paper","01-01-1997 18:30:00","13-01-2024 18:30:00","Other","Biological Conservation Journal","13-01-2024","N/A"
"ANTHROPOGENIC THREATS IN THE NATIONAL  CHAMBAL SANCTUARY, MADHYA PRADESH, INDIA","https://d1wqtxts1xzle7.cloudfront.net/99430228/Anthropogenic_therats_in_chambal_Tiger_Paper_2010-libre.pdf?1677999545=&response-content-disposition=inline%3B+filename%3DAnthropogenic_threats_in_the_National_Ch.pdf&Expires=1705137553&Signature=XvO4q8S6DYJ8eyXMdwO8L39zYTKElZRZP8vsVsqWOE3PVJrbB9ROvXoNXqPxICPKnFQ-kycm2kg-oJ1nRz84w4vUbFjs66RbIRrYZ46MXMy6dCT1b2-LkAY-wzwjv5Ncu1Zu~Awc-Ydu58uPxXGfUrlwdh8o63uuTXC36fEdfq0a9kvzCd~DqTst~imcjCZBMlkk5ejXrQsrDRfbi544zRlkTay7IsJvABMBe7d2o4B0Ke736SGmMN9QfbzP-OtM8iKAhr2Cypv6UW2jtRY0~zoYbMgXcVcKoXnRpQbIfU5TBDTf~w912gVBg9ejoyi8n1zux5Dedp0UawpG~3lLhA__&Key-Pair-Id=APKAJLOHF5GGSLRBV4ZA","N/A","https://storage.googleapis.com/download/storage/v1/b/ved_prod__media/o/pdfs%2Fanthropogenic_threats_in_the_ncs_32e832dc-da6a-46c9-be10-2613c02146ce.pdf?generation=1705134806778489&alt=media","Article by Taigor and Rao in Tiger Paper.","Sand mining locations along the National Chambal Sanctuary as of 2006-07 have been listed in pg. 27 of this article ","Regional","Madhya Pradesh","Research paper","01-02-2010 18:30:00","13-01-2024 18:30:00","Other","Researchers of Jiwaji University Gwalior","13-01-2024","N/A"
"INNOVATIVE TECHNOLOGIES TO ADDRESS THE RESOURCE CURSE: A CASE STUDY OF ILLEGAL SAND MINING IN MADHYA PRADESH INDIA","https://www.researchgate.net/publication/336677374_INNOVATIVE_TECHNOLOGIES_TO_ADDRESS_THE_RESOURCE_CURSE_A_CASE_STUDY_OF_ILLEGAL_SAND_MINING_IN_MADHYA_PRADESH_INDIA","N/A","https://storage.googleapis.com/download/storage/v1/b/ved_prod__media/o/pdfs%2Fupadhyay_setubandh_mathesisfinal_25512862-a2d0-446f-8292-7ad007d0b630.pdf?generation=1705142634085015&alt=media","The resource curse thesis argues that regions with an abundance of natural resources are likely to be underdeveloped. The idea took shape in the 1980s, but since then the technology has made pronounced strides and has presented solutions to several of the global challenges while contributing to human development. This thesis explores the question of whether this leap in the development of innovative technologies can be deployed in such a way that the resource curse becomes a thing of the past. Sand being highest extracted natural resource only second to water has become a visible exhibit of the resource curse in developing regions. The thesis examines a case study to explore this argument, a case study of illegal sand mining in Madhya Pradesh state of central India, examining the case from a policy perspective considering its implications. The implications are not only environmental but also have long term socio-economic consequences, which are ticking bombs in the form of generational poverty and unsustainable development. The thesis explores the potential technological solutions and their use as policy interventions as initial steps to solve the problem are discussed, keeping in mind their viability and applicability to this particular case while exploring if the solutions are replicable for other resources","Paper explores the concept of resource curse where the hypothesis is that regions with more resources tend to be underdeveloped  
 Paper argues that deployment of technology can reverse the resource curse 
 Case study of illegal mining in MP","India ","N/A","Research paper","01-08-2019 18:30:00","13-01-2024 18:30:00","Other","Central European University","13-01-2024","N/A"
"193 dead in River Sand Mining incidents in India in 2019-20","https://sandrp.in/2020/11/22/193-dead-in-river-sand-mining-incidents-in-india-in-2019-20/","Yes","https://storage.googleapis.com/download/storage/v1/b/ved_prod__media/o/pdfs%2F193_dead_in_river_sand_mining_incidents_in_india_in_2019_20_sandrp_89ff96c7-8eb9-4b0c-8e10-5c9961369b03.pdf?generation=1719659812080715&alt=media","SANDRP in its 2018 overview, could compile 28 human fatalities due to illegal sand mining operations. However that was only based on the news reports that came to our notice, the actual death toll would be much higher. SANDRP this time has prepared a more detailed account of violent incidents that have taken place since January 2019 so far causing human death and injuries.","The state and zone wise brief summary of incidences of violence have been given here.","India ","N/A","Analysis","22-11-2020 18:30:00","29-06-2024 18:30:00","Civil society / NGO","SANDRP","29-06-2024","29-06-2024"
"The environmental impacts of river sand mining","https://doi.org/10.1016/j.scitotenv.2022.155877","Yes","N/A","The demand for construction-grade sand is growing at a tremendous rate and the world is expected to run out of this resource by 2050. Construction-grade sand, hereafter referred to as ‘sand’, can be found in (former) aquatic environments, such as rivers and is a provisioning ecosystem service. Even under controlled circumstances, the practice of extracting the sand from the riverbed and -banks impacts the environment. Unfortunately, many countries lack sand mining regulation policies and in combination with a high demand, this results in indiscriminate and illegal mining. To create effective policies for sustainable extraction of river sand, there is a need for both qualitative and quantitative data on the effects of river sand mining. This paper brings together the effects of river sand mining on the physical, biological, chemical, and anthropogenic environment through a systematic literature review. The effects found are widespread and often cumulative. In the physical environment, the primary effects are riverbed widening and lowering. In the biological environment, the overarching effect is a reduced biodiversity and stretches from the aquatic and shoreline flora and fauna to the whole floodplain area. The effects on the chemical environment are a reduced water, air and soil quality through pollution. The effects on the anthropogenic environment comprise of damaged infrastructure, bad working circumstances for workers, limited access to water and agricultural losses. The findings of this research emphasize the complexity and cascading nature of the effects of river sand mining, as well as the severity and urgency of the problem. Based on the effects found and the four environments, a set of guidelines are proposed at the end of this paper to be used for global agenda making regarding sustainable sand extraction. Future research should prioritise quantifying the observed effects and developing science-based policies for sustainable mining.e","The increasing demand for construction-grade sand is a worldwide environmental issue. 
 •The type of extraction influences the magnitude of the impact on the environment. 
 •Effects are found on the physical, biological, chemical and anthropogenic environment. 
 •Effects are often widespread and cumulative and therefore hard to quantify. 
 •Development of science-based policies for sustainable mining should be prioritised.","Global ","N/A","Research paper","19-05-2022 18:30:00","01-01-2023 18:30:00","Other","Science of The Total Environment","13-10-2024","13-10-2024"
"Sand Mining Deaths & Violence in South India between April 2022 and February 2023 ","https://sandrp.in/wp-content/uploads/2023/03/2023-sand-mining-death-violence-in-south-india.pdf","Yes","https://storage.googleapis.com/download/storage/v1/b/ved_prod__media/o/pdfs%2F2023_sand_mining_death_violence_in_south_india_65c95606-e40c-48c8-8f8a-4a31b1e5e328.pdf?generation=1729937478517542&alt=media","A tabular report on unnatural deaths and violence caused by sand mining – wholly or by extension. The report largely covers deaths caused by accidents involving trucks carrying sand, threats or violence – including one murder – against those opposed to sand mining, and deaths of workers involved in sand mining","1. Several avoidable deaths of miners during the sand mining process 
 2. Those opposing sand mining face ","Regional","Kerala","Guideline","01-01-2024 18:30:00","26-10-2024 18:30:00","Civil society / NGO","SANDRP","26-10-2024","24-01-2025"
"Sand Mining Framework, 2018","https://www.fedmin.com/fedmin/sandminingframework.pdf","Yes","https://storage.googleapis.com/download/storage/v1/b/ved_prod__media/o/pdfs%2Fsandminingframework260318_d5706a17-bf68-4ff5-955f-0e59e57bffc9.pdf?generation=1733979240769928&alt=media","It used to be open-access but link currently not available on government website, found the URL on website of Federation of Indian Mineral Industries.

The framework developed is a set of guidelines by the Ministry of Mines for identification of sand resources, clearances and allocation of sand mines, sale of sand, transport and monitoring. As part of developing framework, they studied supply-demand and gap estimation, policies and practices around sand mining, transport and sale models from different states of the country.","While the decribed objective of the report for understanding sand mining through a framework seems valid, there were multiple aspects that were either missed, or analysed from a limited viewig point. Highlighting some of these points: 
 Under 'Section 4.5 Illegal Mining', illegal sand mining is defined as mining from un-notified areas, and over-mining than the permitted limits. This is after permissions have been given, but there is not mention if the permissions and clearances given followed the laws and guidelines. (So many illegalities happen before and during the process of allotment, which are not accounted for in the report) 
 '5.7.1 Suggestions for faster clearances – delegations of power to DEIAA/SEIAA' - The report suggests doubling the categories for clearances by sand mines' areas for ""faster environmental clearance"". The suggestion is that 0-10Ha for DEIAA (currently 0-5Ha), 10-100 Ha for SEIAA (currently 5-50Ha) and >=100 for MoEFCC (currently >=50Ha). This suggestion would only ease out the clearance processes, which currently is already loose coupled with weak monitoring. 
 '5.7.1 Suggestions for faster clearances – delegations of power to DEIAA/SEIAA' - The report suggests creating more than 1 SEIAA for densely populated states, dense urban centers, and districts far from state capital for ""faster environmental clearance"". Faster clearances should not be a criteria, rather ensuring environmental conservation, bio-diversity protection, health and livelihoods of riparian communities should be in focus - which is missing in the framework. 
 The report suggests mechanised mining can take place for stream order IV, V, nd above. But for stream order I, II and III, sand can only be mined manually. 
 '4.1.3 Identification' mentions Gujarat state has prepared district wise geological reports with potential areas of the quarry lease are identified and demarcated using DGPS and topographic and geological maps. However, the DSRs (that were in the process of finalisation at the time of this report's publishing), of Gujarat's districts do not mention the geocordinates of proposed mines. 
 The report analyses M-Sand, its feasibility as an alternative to sand for constrution, but does not mention if the demand for sand can be reduced by sustainable and proper city planning. M-Sand is also a version of resource extraction. 
 '5.11 Monitoring' - suggests at monitoring at 4 levels - (i) Stockyard (ii) Transport (iii) Consumer end (iv) Indirect monitoring. However, it misses suggesting guidelines for monitoring at the sand mine level, and monitoring if there were any violations in the environmental clearance process.","India ","N/A","Guideline","31-03-2018 18:30:00","12-12-2024 18:30:00","Government","Ministry of Mines","13-12-2024","13-12-2024"
"Odisha Lawyer Sankar Prasad Pani Interview: Citizen Monitoring Key to Improve Riverbed Mining Governance | SANDRP - 9th May 2025","https://sandrp.in/2025/05/09/odisha-lawyer-sankar-prasad-pani-interview-citizen-monitoring-key-to-improve-riverbed-mining-governance/","Yes","https://storage.googleapis.com/download/storage/v1/b/ved_prod__media/o/pdfs%2Fodisha_lawyer_sankar_prasad_pani_interview_citizen_monitoring_key_to_improve_riverbed_mining_governance_sandrp_d5d46fa5-568b-4a74-a331-5684b4a25126.pdf?generation=1747283625535638&alt=media","In this interview of Odisha Lawyer Sankar Prasad Pani by Bhim Singh Rawat of SANDRP, the lawyer discusses the various challenges associated with the river sand mining sector in Odisha particularly. 


The efforts of the lawyer have been highlighted in various cases towards the protection of rivers in Odisha. The interview also highlights the various gaps that continue to exist in the governance in this sector, as well as the role of the judiciary and citizens.","Mechanised mining continues in both small and big rivers of Odisha. 
 As of May 2025, DSRs for districts in Odisha have not been available for a few years. Mining is continuing under the old ECs. 
 That the mining process is getting centralised instead of being decentralised  
 That SEIAA and DEIAA do not have adequate capacity & efficiency in operations. 
 There is consistent violation of terms & conditions laid out in the EC 
 Follow up surveys after preparation of District Survey Reports are not being carried out. 
 Interim DSRs are being used illegally for alotment and mining purposes 
 While technological tools are available, they are not necessarily being used for proper interventions, compliance monitoring etc 
 There seems to be an issues of departments (like the pollution control boards) not taking a stand against illegal activity and impacts. 
 Fines and actions on illegal activity are missing. 
 District Mineral Funds (DMFs) are not being used approporpirately, and there is no separation of funds contributed via minor minerals. 
 Implementation of official and judicial orders continues to be the most difficult task.","Regional","Odisha","Analysis","09-05-2025 18:30:00","15-05-2025 18:30:00","Civil society / NGO","SANDRP","15-05-2025","15-05-2025"
"Reforms related to Mining Sector  under EIA regime","https://mines.gov.in/admin/storage/ckeditor/DAY_2_PPT_16_1737544745.pdf","Yes","https://storage.googleapis.com/download/storage/v1/b/ved_prod__media/o/pdfs%2Fday_2_ppt_16_1737544745_3_3172efc5-dcdb-41fd-a23f-3d4c7762d68e.pdf?generation=1751383258822043&alt=media","The document is a comprehensive presentation by the Ministry of Environment, Forest and Climate Change, Government of India, delivered on 21st January 2025 at Konark, Odisha. It details the Environmental Impact Assessment (EIA) regulatory framework as it applies to the mining sector - including sand mining, recent reforms including e-governance via PARIVESH, decentralization of environmental clearance (EC) processes, EC validity extension, post-clearance compliance monitoring, sand mining guidelines, and the importance of sustainable and responsible mining practices.","EIA Notification 2006 and its application to mining activities. 
 Categorization of mining projects into Category A, B1, B2 with differing EC procedures. 
 Digital reforms through the PARIVESH portal for faster and transparent EC processing. 
 Decentralization of EC powers to SEIAAs, increasing area limits for delegated approvals. 
 Validity of ECs extended to a maximum of 50 years, based on project life. 
 Streamlining of public hearing process and reduction in procedural delays. 
 Mandatory implementation of Sustainable Sand Mining Guidelines (SSMG 2016) and EMGSM 2020. 
 Emphasis on post-EC monitoring, addressing frequent non-compliances in water, air, OB dump management, and greenbelt development.","India ","N/A","Guideline","21-01-2025 18:30:00","01-07-2025 18:30:00","Government","Ministry of Environment, Forest and Climate Change","16-12-2025","16-12-2025"
"River Sand Mining: A Developing Geohazard in the Himalaya","https://doi.org/10.1007/978-3-031-95083-4_22","No","N/A","Indiscriminate in-channel sand mining leads to serious off-site and onsite impacts on channel morphology and sediment dynamics of rivers. Owing to high sediment flux and the ready availability of gravels and sand, the Himalayan rivers have been exploited for decades. The most observed impacts of in-channel sand mining are channel incision and riverbed coarsening. The former disturbs the equilibrium state of the river, causing erosion downstream, and the latter reduces sediment supply and availability for transport, disrupting longitudinal connectivity. Such effects are now widespread in several Himalayan rivers and considered a major geohazard in this region. Unregulated Sand mining is not just impacting the river channels in terms of channel modifications in the mining stretches but also resulting in cascading effects such as bank erosion, channel incision and flooding in downstream reaches. We provide here a compilation of geomorphic impacts of unregulated sand mining on riverine landscapes that have been documented globally with a special focus on the Himalayan rivers. We have then presented a case study from the Upper Ganga River between Raiwala and Bhogpur in northern India, which has been exploited for gravel and sand for several decades. The Ganga River in this stretch has high sediment flux potential from the tectonically active hinterland, making it suitable for sand mining. We present a hydrogeomorphic approach to study the impact of sand mining on channel morphology and riverine processes of the Upper Ganga River. We use channel belt width, active channel width, and centreline shifts derived from Landsat-based interdecadal planform maps to analyse the impacts on the river channel. We finally present a critical review of the existing sand mining policy in India and some recommendations.","Compilation of geomorphic impacts of unregulated sand mining on riverine landscapes with a special focus on the Himalayan rivers; hydrogeomorphic approach to study the impact of sand mining on channel morphology and riverine processes of the Upper Ganga River; review of existing sand mining policy in India.","Regional","N/A","Research paper","11-10-2025 18:30:00","13-10-2025 18:30:00","Other","Springer","13-10-2025","13-10-2025"