"" ,"License ->Content in this spreadsheet is licensed under a Creative Commons Attribution-NonCommercial-ShareAlike 4.0 International license. Details of the license can be seen here: https://creativecommons.org/licenses/by-nc-sa/4.0","Citation->Recommended citation: India Sand Watch, Veditum India Foundation. Accessed via http://sandwatch.envmonitoring.in on 4/12/2026",
"Title","Would you like to submit this report anonymously?","Date of Observation","Location","Are machines used in the process?","Can you specify types of machines/ equipment","Notes from the location","Pictures","State","District","River","Published Date"
"Tribeni - Hooghly / Bhagirathi River, 2016","N/A","17-06-2016 18:30:00","Serial Number,Latitude,Longitude
1,22.973344,88.405614
","Yes","Pumps loaded on to boats were being used. ","Possibly bottom dredgers which then transport the extracted material via pipes to the riverbank","https://storage.googleapis.com/download/storage/v1/b/ved_prod__media/o/images%2Fimg_20160617_103012_56a865c7-7bdf-4f1c-9275-16b84ba22303.jpeg?generation=1687766819526489&alt=media","West Bengal","Murshidabad","Ganga","26-06-2023"
"Chandannagar - Hooghly / Bhagirathi (Ganga) River, 2016","N/A","16-06-2016 18:30:00","Serial Number,Latitude,Longitude
1,22.858211,88.372509
","Yes","Pumps loaded on to boats were being used.","Possibly bottom dredgers which then transport the extracted material via pipes to the riverbank. River was full so sand bar wasn't visible.","https://storage.googleapis.com/download/storage/v1/b/ved_prod__media/o/images%2Fimg_20160616_142838_d50bdf50-cb68-4d49-a60b-2b0def846736.jpeg?generation=1688574852800728&alt=media","West Bengal","Hugli","Ganga","05-07-2023"
"Nrisinghapur - Nadia / Bhagirathi (Ganga) River, 2016","N/A","19-06-2016 18:30:00","Serial Number,Latitude,Longitude
1,23.224999,88.375872
","Yes","Pumps loaded on to boats were being used.","Possibly bottom dredgers which then transport the extracted material via pipes to the riverbank. River was full so sand bar wasn't visible.","https://storage.googleapis.com/download/storage/v1/b/ved_prod__media/o/images%2Fscreenshot_2023_07_05_at_10_ebb1ea41-1f12-40f1-8fe7-04e6ea045ac2.jpeg?generation=1688575596417900&alt=media","West Bengal","Nadia","Ganga","05-07-2023"
"Patna - Patna, Ganga River, 2016","N/A","03-08-2016 18:30:00","Serial Number,Latitude,Longitude
1,25.649820,85.103437
","Yes","JCB - Poclain Machines + Trucks","JCB - poclain machines were being used for extraction of sand from the floodplains. This was claimed to be for use in the Patna marine drive project.","https://storage.googleapis.com/download/storage/v1/b/ved_prod__media/o/images%2Fimg_20160803_181420145_hdr_d3eac81d-0d48-4c5a-914c-56a71123a0e6.jpeg?generation=1688576190281553&alt=media","Bihar","Patna","Ganga","05-07-2023"
"Terasiya - Vaishali, Ganga River, 2016","N/A","07-08-2016 18:30:00","Serial Number,Latitude,Longitude
1,25.630869,85.210855
","No","N/A","Saw mounds of sand collected on the edge of the river on the Northern bank. Boats were parked for transportation. Images from later dates suggest that this area sees significant sand mining activity.","https://storage.googleapis.com/download/storage/v1/b/ved_prod__media/o/images%2Fimg_20160807_110332247_hdr_f8c83e22-9fd7-4c94-b527-76a9e96a52d6.jpeg?generation=1688576436652650&alt=media","Bihar","Vaishali","Ganga","05-07-2023"
"Bhubaneswar - Khorda, Daya River, 2019","N/A","17-11-2019 18:30:00","Serial Number,Latitude,Longitude
1,20.226477,85.86709
","Yes","JCB - Poclain machines","Observation made via flight. Multiple machines can be seen along with mining activity on the river surface.","https://storage.googleapis.com/download/storage/v1/b/ved_prod__media/o/images%2Fejk49i2vuaei0xi_9fc13e77-ef12-4f94-af75-9b2a683df670.jpeg?generation=1688622410433001&alt=media","Odisha","Khordha","Daya","06-07-2023"
"Paruhar - Sitamarhi, Sone River, 2023","N/A","24-04-2023 18:30:00","Serial Number,Latitude,Longitude
1,24.98539879,84.281991086909
","Yes","Unable to see exact machines being used","Observation made on a flight over the River Sone. Clear indication of machine based extraction of sand, but exact machines used not visible from flight.","https://storage.googleapis.com/download/storage/v1/b/ved_prod__media/o/images%2Ffvvxbupaeaiulmq_12f01af5-ec68-43c7-aae6-0050ca4716ba.jpeg?generation=1688622878044146&alt=media","Bihar","Sitamarhi","Sone","06-07-2023"
"Bindaul - Patna, Sone River, 2016","N/A","03-06-2016 18:30:00","Serial Number,Latitude,Longitude
1,25.532245,84.773178
","Yes","JCBs","Location was being mined at this time. Information was gathered a couple of months later when visiting this location.","N/A","Bihar","Patna","Sone","06-07-2023"
"Kharka - Jalaun, Betwa River, 2018","N/A","17-10-2018 18:30:00","Serial Number,Latitude,Longitude
1,25.889008,79.579011
","Yes","Poclain machines - JCB excavators","Multiple poclain machines were being used. Long row of trucks at the location. Workers mentioned that in the previous years while working, water was released from an upstream dam / barrage and it swept away some workers.","https://storage.googleapis.com/download/storage/v1/b/ved_prod__media/o/images%2Fimg_8395_60550cef-8da4-479e-bc61-123c3062d732.jpeg?generation=1690637462777991&alt=media","Uttar Pradesh","Jalaun","Betwa","29-07-2023"
"Nilakanthapada - Angul, Mahanadi River, 2019","N/A","21-02-2019 18:30:00","Serial Number,Latitude,Longitude
1,20.745748,84.474042
","Yes","Unable to specify ","Observed through an aerial route and confirmed with remote sensing information for the same period. ","N/A","Odisha","Anugul","Mahanadi","29-07-2023"
"Chitalghata - Uttar Dinajpur, Mahananda, 2019","N/A","21-02-2019 18:30:00","Serial Number,Latitude,Longitude
1,26.468203,88.256996
","Yes","Unable to specify.","Observed through aerial route and confirmed through remote sensing information for the same period. The situation only worsens post date of observations. Severe mining signs visible in 2022 and 2023.","N/A","West Bengal","Uttar Dinajpur","Mahananda","29-07-2023"
"Matigara - Darjeeling, Balasan River, 2019","N/A","03-03-2019 18:30:00","Serial Number,Latitude,Longitude
1,26.721201,88.375048
","No","N/A","Hundreds of small scale mining efforts - all manual, which is then loaded on to trucks. Not really visible from remote sensing - satellite images. Picture attached below.","https://storage.googleapis.com/download/storage/v1/b/ved_prod__media/o/images%2Fimg_0050_42608fb8-40fa-4058-979b-f4debfccc7f4.jpeg?generation=1690639533043414&alt=media","West Bengal","Darjiling","Balason","29-07-2023"
"Sevoke - Darjeeling, Teesta River, 2019","N/A","04-03-2019 18:30:00","Serial Number,Latitude,Longitude
1,26.886512,88.476403
","Yes","Trucks and JCB Extractors","Machines were being used to extract riverbed material. In this case it was largely stone mining. ","https://storage.googleapis.com/download/storage/v1/b/ved_prod__media/o/images%2Fimg_0125_240a580f-8572-47d1-b603-4c246c4c2977.jpeg?generation=1690639910535840&alt=media
https://storage.googleapis.com/download/storage/v1/b/ved_prod__media/o/images%2Fimg_0127_445cfb0a-5414-46c5-8b14-a4ba6df73026.jpeg?generation=1690639912081311&alt=media","West Bengal","Darjiling","Teesta","29-07-2023"
"Oodlabari - Jalpaiguri, Gish River, 2019","N/A","04-03-2019 18:30:00","Serial Number,Latitude,Longitude
1,26.872018,88.609413
","No","N/A","Multiple small operations at the exact GPS location. Material is collected and then transferred to a nearby processing facility for grading. Other locations + processing centre is in proximity. Signals continue to be visible in later years as well.","https://storage.googleapis.com/download/storage/v1/b/ved_prod__media/o/images%2Fimg_0156_23815268-9081-4c06-8d7b-11cef1dbc767.jpeg?generation=1690640197967715&alt=media","West Bengal","Jalpaiguri","Gish","29-07-2023"
"Mal - Jalpaiguri, Chel River, 2019","N/A","04-03-2019 18:30:00","Serial Number,Latitude,Longitude
1,26.85531,88.635905
","Yes","Poclain Machines - JCB Excavators, and trucks.","Mining activity observed from bridge. Combination of manual work + excavators. This activity has only grown over the years and is visible in remote sensing imagery from later years. ","https://storage.googleapis.com/download/storage/v1/b/ved_prod__media/o/images%2Fimg_0158_f704af71-9f7c-4270-9c44-6e32ef689b12.jpeg?generation=1690640652416739&alt=media","West Bengal","Jalpaiguri","chel","29-07-2023"
"Dangapara - Jalpaiguri, Koli River, 2019","N/A","07-03-2019 18:30:00","Serial Number,Latitude,Longitude
1,26.719843,89.10066
","Yes","Poclain machines - JCBs.","This location sees excessive mining of riverbed material. Visible mostly is the gravel and stone  mining. However given the presence of a large number of brick kilns also indicate extraction of clay from the riverbed and nearby areas. ","https://storage.googleapis.com/download/storage/v1/b/ved_prod__media/o/images%2Fimg_0539_22291b31-a565-4c54-8a0b-632bfea88f52.jpeg?generation=1690641123997726&alt=media","West Bengal","Jalpaiguri","Koli","29-07-2023"
"Paschim Chakchaka - Jalpaiguri, Raidak River, 2019","N/A","12-03-2019 18:30:00","Serial Number,Latitude,Longitude
1,26.719843,89.10066
","Yes","Poclain Machines - JCB excavators.","This location was a combination of manual and machine based excavation.
- Manual excavation was being done by workers both on exposed river islands and floodplains as well as by diving underwater to extract riverbed material from the river itself.
- At a distance, machine based excavation was also visible. ","https://storage.googleapis.com/download/storage/v1/b/ved_prod__media/o/images%2Fimg_0853_3feb956a-fea3-4cfe-8c21-011b22ddfa2c.jpeg?generation=1690641529449541&alt=media","West Bengal","Jalpaiguri","Raidak","29-07-2023"
"Najiran Deutikhanda - Cooch Behar, Sankosh River, 2019","N/A","12-03-2019 18:30:00","Serial Number,Latitude,Longitude
1,26.463822,89.85844
","Yes","Poclain machines - excavators + trucks ","Excavators were being used to fill up trucks. Along with it manual excavation was also ongoing. These activities were going on very close to the road bridge. 

Important point to note - the river here also roughly forms the border between the states of West Bengal and Assam","https://storage.googleapis.com/download/storage/v1/b/ved_prod__media/o/images%2Fimg_0867_50cc58ef-1f15-4da9-8735-352077640c8f.jpeg?generation=1690641951429451&alt=media","West Bengal","Cooch Behar","Sankosh","29-07-2023"
"Patna District - Sone River, 2017","N/A","02-03-2017 18:30:00","Serial Number,Latitude,Longitude
1,25.532245,84.773178
","Yes","Unsure of excavators. Trucks, tractors, boats","There are several long lines of trucks that I can see. And tractors with trailers full of sand. There are also huge boats full to the hilt with sand.

Have not been able to spot any excavators yet, but I'm pretty sure they're there. This seems like a HUGE operation.","N/A","Bihar","Patna","Sone","10-08-2023"
"Rehutan - Banda, Ken River, 2017","N/A","18-06-2017 18:30:00","Serial Number,Latitude,Longitude
1,25.704834,80.368390
","Yes","Extractors - JCBs and lots of trucks","There were over 50 workers along with JCBs and lots of trucks at this location. The mining pits were quite deep and farmers who cultivate vegetables on the sand banks were complaining about loss of water and also the fear of eviction.","https://storage.googleapis.com/download/storage/v1/b/ved_prod__media/o/images%2Fimg_20170618_081614_aa377661-5444-46d2-84ff-eb4f28be83c3.jpeg?generation=1695738692539534&alt=media","Uttar Pradesh","Banda","Ken","26-09-2023"
"Hateti Purva - Banda, Ken River, 2017","N/A","24-06-2017 18:30:00","Serial Number,Latitude,Longitude
1,25.427121,80.29581
","Yes","Multiple poclain machines (extractors), tractor trollies and trucks.","Mounds of sand collected in the middle of the river with many poclain machines around that were extracting the sand. A line of tractor trollies and trucks were seen at the location.","https://storage.googleapis.com/download/storage/v1/b/ved_prod__media/o/images%2Fdsc_6388_055d205e-acbb-4a1c-bcb3-c440bbd91195.jpeg?generation=1695741180403468&alt=media","Uttar Pradesh","Banda","Ken","26-09-2023"
"Akbarpur Girwan - Banda, Ken River, 2017","N/A","15-10-2017 18:30:00","Serial Number,Latitude,Longitude
1,25.271699713915016,80.35770589951008
","Yes","NA","We observed a large sand mining operation about to start at this location on 15th October 2017. There were at least 100 large trucks lined up for sand collection.

Soon after, the sand mining activity started and a huge sand bank vanished from the river in subsequent years. Change from just within a year after observation is shown via images below.","https://storage.googleapis.com/download/storage/v1/b/ved_prod__media/o/images%2Fag_2017_220a47dd-bbe0-4688-b725-2f92d99fadb5.jpeg?generation=1695742134377929&alt=media
https://storage.googleapis.com/download/storage/v1/b/ved_prod__media/o/images%2Fag_2018_4bfe78f7-5311-4a74-99bd-c7fa3b46cbfb.jpeg?generation=1695742135160181&alt=media","Uttar Pradesh","Banda","Ken","26-09-2023"
"Chambal - MP/Morena/Bharra - February 2023","N/A","13-02-2023 18:30:00","Serial Number,Latitude,Longitude
1,26.402921,77.447971
","Yes","Front End Loader Tractor, Tractor Trolley","Illegal sand mining in the Chambal River, National Chambal Sanctuary, near Bharra Village, Morena District, Madhya Pradesh","https://storage.googleapis.com/download/storage/v1/b/ved_prod__media/o/images%2Fimg_3015_copy_b932332a-524d-49fa-82e7-f1629d6364eb.jpeg?generation=1705055514645713&alt=media","Madhya Pradesh","Morena","Chambal","13-01-2024"
"Chambal - MP/Morena/Batesra - February 2023","N/A","12-02-2023 18:30:00","Serial Number,Latitude,Longitude
1,26.361257,77.422959
","Yes","Tractor Trolley","Illegal sand mining in the Chambal River, National Chambal Sanctuary, near Batesra Village, Morena District, Madhya Pradesh","https://storage.googleapis.com/download/storage/v1/b/ved_prod__media/o/images%2Fimg_2977_copy_1f7df5ed-ea99-4977-a934-ff2b577bd4fa.jpeg?generation=1705054670262497&alt=media","Madhya Pradesh","Morena","Chambal","13-01-2024"
"Chambal - MP/Morena/Sair ka Pura - February 2023","N/A","12-02-2023 18:30:00","Serial Number,Latitude,Longitude
1,26.358539,77.395728
","Yes","Tractor Trolley","Illegal sand mining in the Chambal River, National Chambal Sanctuary, near Sair ka Pura Village, Morena District, Madhya Pradesh","https://storage.googleapis.com/download/storage/v1/b/ved_prod__media/o/images%2Fimg_2945_copy_c5987be2-170d-4204-b4c5-a957bfe15da7.jpeg?generation=1705054487828567&alt=media","Madhya Pradesh","Morena","Chambal","13-01-2024"
"Chambal - MP/Morena/Barwasin-Kitauri - February 2023","N/A","14-02-2023 18:30:00","Serial Number,Latitude,Longitude
1,26.608492,77.847149
","Yes","Backhoe Loader, Front End Loader Tractor, Tractor Trolley","Illegal sand mining in the Chambal River, National Chambal Sanctuary, near Barwasin-Kitauri Villages, Morena District, Madhya Pradesh","https://storage.googleapis.com/download/storage/v1/b/ved_prod__media/o/images%2Fimg_3243_copy_9044245f-f68a-402a-89df-ce30bb1f6de8.jpeg?generation=1705057928564634&alt=media","Madhya Pradesh","Morena","Chambal","13-01-2024"
"Chambal - RJ/Dhaulpur/Pali","N/A","13-02-2023 18:30:00","Serial Number,Latitude,Longitude
1,26.418090,77.545033
","Yes","Tractor Trolley, Boat","Illegal sand mining in the Chambal River, National Chambal Sanctuary, Pali Village, Dhaulpur District, Rajasthan. In addition to tractor-trolleys operating in Rajasthan, several (25+) boats ferry sand across to Horabarha ghat in Madhya Pradesh. ","https://storage.googleapis.com/download/storage/v1/b/ved_prod__media/o/images%2Fimg_3086_copy_8bcb4aef-a29c-49ae-ba18-000b96746453.jpeg?generation=1705055653653493&alt=media","Rajasthan","Dhaulpur","Chambal","13-01-2024"
"Bacchera Khera - Chattarpur, Ken River, 2017","N/A","17-10-2017 18:30:00","Serial Number,Latitude,Longitude
1,25.166259,80.420791
","Yes","We observed some pumps being used, lowered via a boat to extract sand from the river bed.","The sand bank on the left side of the river was full of tracks from trucks / tractor trailers. We got to know that in the absence of any employment opportunities (the village here wasn't even electrified), villagers would rent out their tractors for sand mining. A bit upstream we did see more tractors on the river bank, though things were quiet when we were there.

The sand bank on the left bank has since vanished due to sand mining, and this change can be seen in imagery from subsequent years. Co-ordinates: 25.166259, 80.420791

","https://storage.googleapis.com/download/storage/v1/b/ved_prod__media/o/images%2Fimg_9405_58a46182-999b-49b6-8e96-3c6cef898118.jpeg?generation=1696155174858399&alt=media","Madhya Pradesh","Chhatarpur","Ken","01-10-2023"
"Village Mandawar - Shamli District, Yamuna River, 2023","N/A","16-10-2023 18:30:00","Serial Number,Latitude,Longitude
1,29.451804,77.140333
","Yes","Trucks and Poclain Machines","Information sourced via local sources on rampant sand mining taking place night and day. There have been past instances of mining being stopped in this location because of illegality.


It has been marked in Muzaffarnagar as per old Census data available on the platform. Actual district as per current data is Shamli.


News about this location - 
https://www.insaafnewstoday.com/2023/10/blog-post_32.html","N/A","Uttar Pradesh","Muzaffarnagar","yamuna","29-02-2024"
"Bhalkhajan - North Goa, Terekhol River, 2023","N/A","22-10-2023 18:30:00","Serial Number,Latitude,Longitude
1,15.721386,73.733310
","No","N/A","No machines observed at the time of the observation (afternoon). Though there were clearly signs of sand mining in the area, with a lot of boats on the river and some trucks moving up and down.","https://storage.googleapis.com/download/storage/v1/b/ved_prod__media/o/images%2Fwhatsapp_image_2023_11_01_at_6_eba20c9e-05a0-46eb-bb6d-527112916512.jpeg?generation=1698844375653663&alt=media
https://storage.googleapis.com/download/storage/v1/b/ved_prod__media/o/images%2Fwhatsapp_image_2023_11_01_at_6_eb2f3836-614e-46b1-8c25-527e6df2fc68.jpeg?generation=1698844376485062&alt=media
https://storage.googleapis.com/download/storage/v1/b/ved_prod__media/o/images%2Fwhatsapp_image_2023_11_01_at_6_f88d7d72-17f9-48d4-95ab-4d42ad086b5e.jpeg?generation=1698844377101407&alt=media
https://storage.googleapis.com/download/storage/v1/b/ved_prod__media/o/images%2Fwhatsapp_image_2023_11_01_at_6_a6e97fb9-8c23-403b-8612-5d4ebb9dd09b.jpeg?generation=1698844377767262&alt=media","Goa","North Goa","Terekhol ","01-11-2023"
"Chambal sand mining - Morena, Madhya Pradesh - 14 Jan 2012","N/A","14-01-2012 18:30:00","Serial Number,Latitude,Longitude
1,26.65406,77.90158
","Yes","JCB, tractors","Rajghat, upstream site of bridge, in National Chambal Sanctuary","https://storage.googleapis.com/download/storage/v1/b/ved_prod__media/o/images%2Fcimg0047_cc519000-f367-4ed7-8235-e44301fa9d55.jpeg?generation=1705040864319251&alt=media
https://storage.googleapis.com/download/storage/v1/b/ved_prod__media/o/images%2Fcimg0048_2b307de2-77c7-4d2d-ad02-7f36455c43f1.jpeg?generation=1705040864814057&alt=media","Madhya Pradesh","Morena","Chambal","13-01-2024"
"Chambal sand mining: 13 Jan 2012","N/A","13-01-2012 18:30:00","Serial Number,Latitude,Longitude
1,26.66455,77.9504
","Yes","tractors","on Rajasthan side of Chambal railway bridge in Dholpur","https://storage.googleapis.com/download/storage/v1/b/ved_prod__media/o/images%2Fcimg0019_65497821-65d7-4821-aef9-24b58a39fb1d.jpeg?generation=1705041110501640&alt=media","Rajasthan","Dhaulpur","Chambal","13-01-2024"
"Chambal - MP/Morena/Barotha - 2023","N/A","11-02-2023 18:30:00","Serial Number,Latitude,Longitude
1,26.230972,77.143682
","Yes","Backhoe Loader, Tractor Trolley","Illegal sand mining in the Chambal River, National Chambal Sanctuary, MP","https://storage.googleapis.com/download/storage/v1/b/ved_prod__media/o/images%2Fimg_2806_copy_a4a8d731-5a2e-42dd-a8e8-ad98217329d0.jpeg?generation=1705048554486361&alt=media","Madhya Pradesh","Morena","Chambal","13-01-2024"
"Chambal - RJ/Dhaulpur/Durgasi - February 2023","N/A","12-02-2023 18:30:00","Serial Number,Latitude,Longitude
1,26.358585,77.392398
","Yes","Tractor Trolley","Illegal sand mining in the Chambal River, National Chambal Sanctuary, near Durgasi Village, Dhaulpur District, Rajasthan","https://storage.googleapis.com/download/storage/v1/b/ved_prod__media/o/images%2Fimg_2932_copy_3355e3ee-3097-4e04-b64c-5e08824933d2.jpeg?generation=1705052735816974&alt=media","Rajasthan","Dhaulpur","Chambal","13-01-2024"
"Chambal - MP/Morena/Bhanpur","N/A","14-02-2023 18:30:00","Serial Number,Latitude,Longitude
1,26.658222,77.907204
","Yes","Backhoe Loader, Tractor Trolley","Illegal sand mining in the Chambal River, National Chambal Sanctuary, at the base of the new NH-44 bridge, near Bhanpur Village (Rajghat), Morena District, Madhya Pradesh","https://storage.googleapis.com/download/storage/v1/b/ved_prod__media/o/images%2Fimg_3307_copy_de874c1a-d555-4f04-acad-f329f1d51467.jpeg?generation=1705059667390842&alt=media","Madhya Pradesh","Morena","Chambal","13-01-2024"
"Chambal - RJ/Dhaulpur/Gher - February 2023","N/A","14-02-2023 18:30:00","Serial Number,Latitude,Longitude
1,26.660192,77.950878
","Yes","Tractor Trolley","Illegal sand mining in the Chambal River, National Chambal Sanctuary, at the base of the Agra-Gwalior rail bridge, near Gher Village, Dhaulpur District, Rajasthan","https://storage.googleapis.com/download/storage/v1/b/ved_prod__media/o/images%2Fimg_3315_copy_5de44e77-559e-46c0-8748-44ac1d805dc7.jpeg?generation=1705060118542376&alt=media","Rajasthan","Dhaulpur","Chambal","13-01-2024"
"Chambal - MP/Morena/Gorkha - February 2023","N/A","14-02-2023 18:30:00","Serial Number,Latitude,Longitude
1,26.663009,77.966385
","Yes","Backhoe Loader, Tractor Trolley","Illegal sand mining in the Chambal River, National Chambal Sanctuary, near Gorkha Village, Morena District, Madhya Pradesh","https://storage.googleapis.com/download/storage/v1/b/ved_prod__media/o/images%2Fimg_3318_copy_186157d1-9b39-4d6a-a627-3a434ad0e590.jpeg?generation=1705061175649500&alt=media","Madhya Pradesh","Morena","Chambal","13-01-2024"
"Chambal - RJ/Dhaulpur/Kathumra - February 2023","N/A","14-02-2023 18:30:00","Serial Number,Latitude,Longitude
1,26.683609,78.093335
","Yes","Tractor Trolley","Illegal sand mining in the Chambal River, National Chambal Sanctuary, Kathumra Village, Dhaulpur District, Rajasthan.","https://storage.googleapis.com/download/storage/v1/b/ved_prod__media/o/images%2Fimg_3381_copy_54c90ae2-c984-4a34-ba2b-c8835dd2b8f1.jpeg?generation=1705062314802800&alt=media","Rajasthan","Dhaulpur","Chambal","13-01-2024"
"Parbati - MP/Sheopur/Rundi - January 2024","N/A","03-01-2024 18:30:00","Serial Number,Latitude,Longitude
1,25.526994,76.518179
","Yes","Tractor Trolley","Illegal sand mining in the Parbati River, National Chambal Sanctuary, near Rundi Village, Sheopur District, Madhya Pradesh","https://storage.googleapis.com/download/storage/v1/b/ved_prod__media/o/images%2Fimg_3584_copy_8d431ab5-6b42-4029-8d51-32aab0d2fae0.jpeg?generation=1705140561405262&alt=media","Madhya Pradesh","Sheopur","Parbati","13-01-2024"
"Sand mining on Chambal near Railway Bridge - 23/12/2023","No","23-12-2023 18:30:00","Serial Number,Latitude,Longitude
1,26.660322,77.949228
","Yes","tractor","Tractor mining on both Rajasthan and Madhya Pradesh side just before the Railway bridge from Rajghat ","N/A","Madhya Pradesh","Morena","Chambal","13-05-2025"
"Parbati - MP/Sheopur/Rundi - January 2024","N/A","03-01-2024 18:30:00","Serial Number,Latitude,Longitude
1,25.536358,76.518743
","Yes","Tractor Trolley","Illegal sand mining in the Parbati River, National Chambal Sanctuary, near Rundi Village, Sheopur District, Madhya Pradesh","https://storage.googleapis.com/download/storage/v1/b/ved_prod__media/o/images%2Fimg_3591_copy_87fdb31b-db04-4999-8ce0-9ef4b8186866.jpeg?generation=1705141280233239&alt=media","Madhya Pradesh","Sheopur","Parbati (Chambal)","13-01-2024"
"Parbati - RJ/Baran/Bhaogarh - 2023/12","N/A","31-12-2023 18:30:00","Serial Number,Latitude,Longitude
1,25.435959,76.581781
","Yes","Boat w/ dredge pump","Illegal sand mining in the Parbati River, near Bhaogarh Village, Baran District, Rajasthan","https://storage.googleapis.com/download/storage/v1/b/ved_prod__media/o/images%2Fimg_3558_copy_644a9a25-1aa4-4e81-a547-1873213f3ee7.jpeg?generation=1705142733201413&alt=media","Rajasthan","Baran","Parbati (Chambal)","13-01-2024"
"Parbati - MP/Sheopur/Jalalpura - 2024/01/05","N/A","05-01-2024 18:30:00","Serial Number,Latitude,Longitude
1,25.709157,76.474932
","Yes","Tractor Trolley","Illegal sand mining in the Parbati River, National Chambal Sanctuary, near Jalalpura Village, Sheopur District, Madhya Pradesh","https://storage.googleapis.com/download/storage/v1/b/ved_prod__media/o/images%2Fimg_3604_copy_352d350e-03c8-4533-ab7f-8b2490443ef5.jpeg?generation=1705147055591776&alt=media","Madhya Pradesh","Sheopur","Parbati (Chambal)","13-01-2024"
"River Sindh - Seondha District - 24.01.2022","N/A","24-01-2022 18:30:00","Serial Number,Latitude,Longitude
1, 26.161266, 78.760793
","Yes","Tractors","Location is quite close to Sankua Dham, Seondha (around 1 to 1.5 kms from Sankua)

May not be exact point - but around same spot (we took photos on the move walking to cause less suspicion)

We saw heaps of sand, People with ploughs filling sand in 'tagara'/metal container to the tractors, and Tractors moving

One driver of a tractor stopped and asked us who we were and where we were going

Before this point, we were asked by locals to not take this route along the river, as it may be unsafe


- Jara is nearby site as per Datia DSR, 2022","https://storage.googleapis.com/download/storage/v1/b/ved_prod__media/o/images%2Fp_20220124_111046_433b0667-738f-4de1-bcb3-d032aac8c32e.jpeg?generation=1705386749647776&alt=media","Madhya Pradesh","Datia","Sindh","16-01-2024"
"River Sindh, Ludhari/Gwalior/Madhya Pradesh, 30.01.2022","N/A","30-01-2022 18:30:00","Serial Number,Latitude,Longitude
1, 25.738613, 78.202066
","Yes","Diesel pump","- Mining was not happening on date of observation, but mining equipment seen on the site.

- Observed an old 'pandupi' (diesel pump used to pump sand from river bed) - did not see it functional

- Can see many sand lines in April 2020 and October 2021 Google maps, which could be where 'pandupi' might have been functional - Can see more such in slightly upstream","https://storage.googleapis.com/download/storage/v1/b/ved_prod__media/o/images%2Fp_20220130_165555_0e6583d1-cc7b-4fae-b7eb-b4bc75add979.jpeg?generation=1705389912438669&alt=media
https://storage.googleapis.com/download/storage/v1/b/ved_prod__media/o/images%2Fp_20220130_165132_24ea2d43-b224-4946-80cb-2a1ee17406cb.jpeg?generation=1705389914236427&alt=media","Madhya Pradesh","Gwalior","Sindh","16-01-2024"
"River Sindh, BadonKalan-Datia-Madhya Pradesh, 29.01.2022","N/A","29-01-2022 18:30:00","Serial Number,Latitude,Longitude
1, 25.796674, 78.347624
","Yes","Tractors","-Sand mining ear Badonkalan is taking place in huge amounts. This location is close to Goraghat-Dabra highway

- We were waiting near highway looking for a lift, and saw many tractors pass by - some of which were empty and some with sand

- Most tractors did not give us lift

- Finally sat in a tractor to go near River Sindh from BadonKalan village

- On the way, at one place, the tractor stopped, and the driver went to a cabin / house like structure and came back

- Many tractors were stopping on the way at this point from both ways

- Alluvial ravines on both sides

- After a point there was a bifurcation in road, one led to the BadonKalan village, but the tractor took the other route which went deeper in the alluvial ravines and it was a Kaccha road, it was a difficult route from within the ravine slopes. On this route only the people involved in sand and morram mining were seen.

- It was suspicious and scary and we decided to get down from the tractor before even reaching the river and walked all the way back. We were also unsure of the connectivity to walk further, as many locals had warned us it might be difficult to go further from that point.

- In google maps, this point on river shows mining over the years, some temporary sand bridges (pipa puls), trucks, tracks on sand, temporary sand bunds, changing river flow, disappearing sand formations, algae formation

- Datia DSR 2022 mentions 3 mining sites in BadonKalan (BadonKalan - D, A, E - of areas 23, 23, 24.094 Ha respectively)

- Comparing Datia DSR 2022 and other DSRs of districts from which River Sindh flows, we found that BadonKalan is the biggest mining site on River Sindh. 

(Observations by Rahul Singh and Aishani Goswami)","https://storage.googleapis.com/download/storage/v1/b/ved_prod__media/o/images%2Fp_20220129_135535_c6298c94-c39d-4ef0-a103-2037e3b5a46b.jpeg?generation=1705638887146328&alt=media
https://storage.googleapis.com/download/storage/v1/b/ved_prod__media/o/images%2Fp_20220129_135638_4af0260b-1d6a-4b10-a09c-bdf8e7600632.jpeg?generation=1705638889472870&alt=media
https://storage.googleapis.com/download/storage/v1/b/ved_prod__media/o/images%2Fp_20220129_135647_9850a7ef-6e1c-4366-9756-e9ad509a00f3.jpeg?generation=1705638891080191&alt=media
https://storage.googleapis.com/download/storage/v1/b/ved_prod__media/o/images%2Fp_20220129_135659_a6e6161a-9f67-46d2-aba0-1e2d3a4dd4e4.jpeg?generation=1705638892679944&alt=media
https://storage.googleapis.com/download/storage/v1/b/ved_prod__media/o/images%2Fp_20220129_135717_d117b72f-31bc-4e97-9350-a1a7c50c6915.jpeg?generation=1705638894887230&alt=media
https://storage.googleapis.com/download/storage/v1/b/ved_prod__media/o/images%2Fp_20220129_135922_d1e1970c-6ad4-4907-a1cc-c1183bffa456.jpeg?generation=1705638896467828&alt=media
https://storage.googleapis.com/download/storage/v1/b/ved_prod__media/o/images%2Fp_20220129_140032_99317aaa-0969-49a8-85df-1b7b09c63e7d.jpeg?generation=1705638897960258&alt=media","Madhya Pradesh","Datia","Sindh","23-01-2024"
"River Sindh, Tiletha-Datia-Madhya Pradesh, 28.01.2022","N/A","28-01-2022 18:30:00","Serial Number,Latitude,Longitude
1, 25.875422, 78.419653
","Yes","JCB, tractors, diesel pump (pandupi)","- Location is Tiletha village, Barsula panchayat, Indergadh tehsil, Datia district

- Tiletha village is now divvided into two - one settlement is near the river and many familiess from the village have shifted about 1.5 kms away, towards the main road.

- Saw significant sand mining on the other side of the river (Left bank)

- Saw pandupi, JCB on other side of river - 1 photo

- Pandupi - boat like setup with pipes and diesel pumps in the middle of the river pumping out sand and water from the river bed and deposits on to the bank. The water flows back to the river and the sand deposited on river bank is filled on tractors through JCBs

- Could hear loud machine noises

- Can see temporary connections / kachha bridge and tractor on it in Google earth

- Saw previous years google earth - more pandupi in upstream, more squiggly sand lines in river (June-Nov 2018), bunds and stagnant water deposits, disappearing sand deposit areas, changing river flow.

(observations by Rahul Singh and Aishani Goswami)","https://storage.googleapis.com/download/storage/v1/b/ved_prod__media/o/images%2Fp_20220128_144014_1_8489f16c-656b-4fe7-839d-7abcaa929f3e.jpeg?generation=1705641151946979&alt=media
https://storage.googleapis.com/download/storage/v1/b/ved_prod__media/o/images%2Fp_20220128_144014_ff4f386d-77c2-40a0-8d45-5352b4f891b6.jpeg?generation=1705641153782743&alt=media","Madhya Pradesh","Datia","Sindh","19-01-2024"
"River Sindh, Laanch-Datia-Madhya Pradesh, 28.01.2022","N/A","28-01-2022 18:30:00","Serial Number,Latitude,Longitude
1, 25.923365, 78.472876
","Yes","JCB, pandupi (diesel pump)","- A concrete bridge was washed away in August 2021 floods near Laanch village

- Sand mining is happening hardly 300 meters upstream of the bridge (could see JCB and 'pandupi' in photo from across the bank, near the bridge)

- Pandupi - boat like setup with pipes and diesel pumps in the middle of the river pumping out sand and water from the river bed and deposits on to the bank. The water flows back to the river and the sand deposited on river bank is filled on tractors through JCBs

- We could hear the sounds of machines mining 300 meters away, across the bank

- The most immediate reason of the destruction of the bridge must have been floods and heavy rainfall. But sand mining very close to the bridge also must have created structural instability was an added threat. Mining so close to infrastructure like bridges also violates the guidelines of mining of minor minerals.

- In google earth, further upstream has even more pandupis, sand lines, sand heaps indicating more sand mining ( Jan-Nov 2021 - location - 25.906290,  78.465070)

(Observations by Rahul Sing and Aishani Goswami)","https://storage.googleapis.com/download/storage/v1/b/ved_prod__media/o/images%2Fp_20220128_113458_f571fe79-88ae-455d-ac31-633b42f49da9.jpeg?generation=1705642510099139&alt=media
https://storage.googleapis.com/download/storage/v1/b/ved_prod__media/o/images%2Fp_20220128_114532_1_9cfca3b4-ecf6-4597-908e-29338be8bf1e.jpeg?generation=1705642510537173&alt=media
https://storage.googleapis.com/download/storage/v1/b/ved_prod__media/o/images%2Fp_20220128_114532_155362dc-704d-4df5-9acf-206435e1ba25.jpeg?generation=1705642512199527&alt=media","Madhya Pradesh","Datia","Sindh","23-01-2024"
"Ib River - Jharsuguda District, Odisha - 11th January 2024","N/A","11-01-2024 18:30:00","Serial Number,Latitude,Longitude
1,21.929645,84.013167
","Yes","Poclain machines, Trucks","Sand Mining is being conducted on a huge scale on the Ib River in Jharsuguda District of Odisha.


This case report has been created based on inputs provided by - 
https://twitter.com/inishamani
 - on twitter, with photos, videos and GPS points.","https://storage.googleapis.com/download/storage/v1/b/ved_prod__media/o/images%2Friverib_110124_567a1089-dd61-4cc8-83fd-138268205fd7.jpeg?generation=1706070566765350&alt=media
https://storage.googleapis.com/download/storage/v1/b/ved_prod__media/o/images%2Fgdpmxvvagaauijf_48f4f596-0899-4ed8-b067-07cd6b29c1a9.jpeg?generation=1706069285355679&alt=media
https://storage.googleapis.com/download/storage/v1/b/ved_prod__media/o/images%2Fgdicfsuacaalkpn_439c0aab-7bc6-428a-bf05-bdfd091ad3d0.jpeg?generation=1706069264379436&alt=media","Odisha","Jharsuguda","Ib (Odisha)","24-01-2024"
"Mahi River - Khorwad, Anand District, Gujarat - 26.01.24","N/A","26-01-2024 18:30:00","Serial Number,Latitude,Longitude
1,22.581877,73.151901
","Yes","Poclain Machines / Excavators, Trucks ","Observed from across the river. 


This case report has been generated based on sightings of sand mining from the India Sand Watch and Veditum network. Have observations of sand mining in Indian rivers? Email 
sandwatch@veditum.org
 ","https://storage.googleapis.com/download/storage/v1/b/ved_prod__media/o/images%2Fb1eb1dec_2686_475b_a8e1_93a5325c0877_011fca1f-21cb-4e29-acfb-1d74a571661e.jpeg?generation=1706258093407187&alt=media","Gujarat","Anand","Mahi","26-01-2024"
"River Sindh, Dobhiyai-Seondha-Datia district MP, 25.01.2022","N/A","25-01-2022 18:30:00","Serial Number,Latitude,Longitude
, 26.107978, 78.688301
","No","N/A","- Location was close to Dobhiyai village very close to Sindh (village on lower elevation) and many houses destroyed during 2021 floods

- When we reached the river, no mining was taking place. But we could evidence of sand mining done in recent past.

- Heaps of sand visible

- Tractor / car / heavy vehicle marks seen on river bank soil

- The son of the local sarpanch told us - ""Right now there is a pause on sand mining"". So the fresh tyre marks indicated that mining might have happened during night.

- On way to the river saw JCB digging, tractor and car

- On river bank just adjacent saw a small temp tent - possibly of sand mining workers staying

- Small puddles in river surrounded by sand heaps - algae in river puddles

--------------------------------------------------------------------------------------------------------------------------------------------

Nearby location 1 -  26.101715,  78.695503

- Ravines on North side

- Saw JCB mining sand in ravine, and heaps of sand - nearby marked location

- saw tractors on this way


Nearby location 2 -  26.097884,  78.704293

- Huge heap of sand observed collected and deposited here, saw trucks as well

--------------------------------------------------------------------------------------------------------------------------------------------

- On the same day, while going from Khamrauli to Ratangarh temple, sand mining was taking place at many places on the 10-12 kilometer route. The tents of the people and their people were visible. We covered this forested path by bike. 

- Local villagers said that there is more illegal sand mining in this area than legal sand mining.

- Forest workers and local people near Ratangarh Mata Temple (few kms upstream of Dobhiyai) told that a lot of sand mining takes place here. A local hotel owner told that the bridge of Ratangarh broke due to sand mining.


(Observations by Rahul Singh and Aishani Goswami)","https://storage.googleapis.com/download/storage/v1/b/ved_prod__media/o/images%2Fp_20220125_100124_37c908ba-24ef-4064-a6e1-4595b74d4102.jpeg?generation=1707387671564547&alt=media
https://storage.googleapis.com/download/storage/v1/b/ved_prod__media/o/images%2Fp_20220125_100226_8c656333-eab2-48bb-89a8-583edd17d012.jpeg?generation=1707387673940516&alt=media
https://storage.googleapis.com/download/storage/v1/b/ved_prod__media/o/images%2Fp_20220125_100241_f57c35c1-8feb-4f27-a82f-3e1d1fbb23b3.jpeg?generation=1707387675853351&alt=media
https://storage.googleapis.com/download/storage/v1/b/ved_prod__media/o/images%2Fp_20220125_100433_5f343613-b83b-475c-9161-5fa387d926f5.jpeg?generation=1707387677706942&alt=media
https://storage.googleapis.com/download/storage/v1/b/ved_prod__media/o/images%2Fp_20220125_100914_1_d1501ff5-eb4f-4302-a4dd-88ae78f9cb10.jpeg?generation=1707387678126039&alt=media
https://storage.googleapis.com/download/storage/v1/b/ved_prod__media/o/images%2Fp_20220125_100914_8659e601-c32d-48ac-9522-3fe32f9d4d88.jpeg?generation=1707387680827137&alt=media
https://storage.googleapis.com/download/storage/v1/b/ved_prod__media/o/images%2Fp_20220125_100920_3f9bd08f-b9f7-4658-9a9a-261dc8a895c0.jpeg?generation=1707387682386893&alt=media
https://storage.googleapis.com/download/storage/v1/b/ved_prod__media/o/images%2Fp_20220125_101158_6b6c3d3c-210b-4d2b-a90b-adc20f935596.jpeg?generation=1707387685330688&alt=media
https://storage.googleapis.com/download/storage/v1/b/ved_prod__media/o/images%2Fp_20220125_101232_ccdc30b8-5216-435e-8785-f409713b64c4.jpeg?generation=1707387687719609&alt=media","Madhya Pradesh","Datia","Sindh","08-02-2024"
"River Sindh, Khamroli-Datia-MP, 25.01.2022","N/A","25-01-2022 18:30:00","Serial Number,Latitude,Longitude
, 26.112930, 78.697848
","No","N/A","We did not see sand mining taking place, when we were at the location

- We saw concrete pipes across the river (pipa pul) which would have been used to modify river's flow (clear violation) to mine sand

- Near Khamroli village, Datia district

- Khamroli stated in Datia DSR, 2019

See old google earth images


(Observations by Rahul Singh and Aishani Goswami)","https://storage.googleapis.com/download/storage/v1/b/ved_prod__media/o/images%2Fp_20220125_114913_d67c4a03-2194-45e5-a489-495e1ae61e4e.jpeg?generation=1707389236623172&alt=media
https://storage.googleapis.com/download/storage/v1/b/ved_prod__media/o/images%2Fp_20220125_115026_5cb4c7be-5af3-4dd7-8cf4-748e148f9a07.jpeg?generation=1707389238710870&alt=media
https://storage.googleapis.com/download/storage/v1/b/ved_prod__media/o/images%2Fp_20220125_115152_bcb98980-b59b-4f95-989d-64e7a3e4b1bf.jpeg?generation=1707389240912054&alt=media
https://storage.googleapis.com/download/storage/v1/b/ved_prod__media/o/images%2Fp_20220125_115311_1e92f22d-edb5-4cff-ab26-fa10824ac4c3.jpeg?generation=1707389244314902&alt=media
https://storage.googleapis.com/download/storage/v1/b/ved_prod__media/o/images%2Fp_20220125_115518_57c9a881-d6d2-4893-a1c9-148f71a9c0aa.jpeg?generation=1707389246399506&alt=media","Madhya Pradesh","Datia","Sindh","08-02-2024"
"Village Mandawar - Shamli District, UP, Yamuna River - Feb 2024","N/A","28-02-2024 18:30:00","Serial Number,Latitude,Longitude
1,29.455556,77.137222
","Yes","Trucks, Excavators (Poclain / JCB Machines)","Night mining activity was observed at this location by members of our community networks. This is in clear violation of laws that do not allow mining activity to take place after sunset.


This case report has been generated based on sightings of sand mining from the India Sand Watch and Veditum network. Have observations of sand mining in Indian rivers? Email 

sandwatch@veditum.org","https://storage.googleapis.com/download/storage/v1/b/ved_prod__media/o/images%2Fwhatsapp_image_2024_02_28_at_20_31d7090b-7447-4fa4-9b92-bafe8e60c5e2.jpeg?generation=1709147755245057&alt=media","Uttar Pradesh","Shamli","Yamuna","28-02-2024"
"Kangsabati River - Gopinathpur, Paschim Medinipur District, West Bengal - 06.03.24","N/A","01-03-2024 18:30:00","Serial Number,Latitude,Longitude
1,22.434972,87.518083
","Yes","Many tractor trailers - tippers were seen carrying sand across the river.","This mining activity was observed from the bamboo bridge on the Kangsabati river. Right next to it a sand structure is visible, which is clearly blocking the flow of the river. On a preliminary study of the official documents and remote sensing information, it seems like there's clear overreach and illegality in terms of:


1. Volume of sand being extracted

2. Area being mined

3. Machinery being used

4. Blocking of river flow


This case report has been generated based on sightings of sand mining from the India Sand Watch and Veditum network. Have observations of sand mining in Indian rivers? Email 

sandwatch@veditum.org
","https://storage.googleapis.com/download/storage/v1/b/ved_prod__media/o/images%2Fscreenshot_2024_03_06_at_1_ea2e56c8-eb13-4d5c-8ee8-b04d8d20f4b2.jpeg?generation=1709711958124827&alt=media
https://storage.googleapis.com/download/storage/v1/b/ved_prod__media/o/images%2Fscreenshot_2024_03_06_at_1_b7927732-35bb-449c-a2a9-f56b6324dc9c.jpeg?generation=1709711958814831&alt=media","West Bengal","Paschim Medinipur","Kangsabati","06-03-2024"
"Kangsabati","N/A","08-03-2024 18:30:00","Serial Number,Latitude,Longitude
1,22.469,87.085
","Yes","Truck, Excavator","Observed 13 Trucks, 1 excavator. Active mining site. Hard to access site, so observed from a distance. Got chased out. ","https://storage.googleapis.com/download/storage/v1/b/ved_prod__media/o/images%2Fkangsabati_2_9thmarch_2b37463e-178e-4ea1-9292-b250335740d1.jpeg?generation=1710145587260116&alt=media","West Bengal","Paschim Medinipur","Kangsabati","11-03-2024"
"Mining NW of Gopiballavpur Bridge","N/A","08-03-2024 18:30:00","Serial Number,Latitude,Longitude
1,22.227230,86.896543
2,22.220177,86.902867
3,22.234056,86.892064
","Yes","Excavators (JCB), hundreds of trucks, possibly manual labor","These are probably spread out over multiple concessions. Most observations were taken from SH9 bridge (Gopiballavpur). Both sides of the bridge are heavily mined. This site was not mined close to the bridge on this date. This is actually in Jhargram district","https://storage.googleapis.com/download/storage/v1/b/ved_prod__media/o/images%2Fscreenshot_2024_03_11_at_1_770549d7-f578-4429-a5c8-252a5ff894e5.jpeg?generation=1710145632605877&alt=media
https://storage.googleapis.com/download/storage/v1/b/ved_prod__media/o/images%2Fpxl_20240309_054423855_b7810525-9948-4ec5-b9ac-19c29a5c3bdc.jpeg?generation=1710145620914776&alt=media
https://storage.googleapis.com/download/storage/v1/b/ved_prod__media/o/images%2Fpxl_20240309_054423855_5678cd91-e5e8-4897-8fea-9a577c2ebebe.jpeg?generation=1710145591589382&alt=media","West Bengal","Paschim Medinipur","Subarnarekha","11-03-2024"
"Gopiballavpur East of Bridge","N/A","09-03-2024 18:30:00","Serial Number,Latitude,Longitude
1,22.219909,86.910117
2,22.212904,86.905257
","Yes","Trucks, Excavators spotted. At least 6 excavators seen on the north east bank, 2-3 on the south east bank. ","Lots of mining on both North and South banks of the river. Spotted trucks, and multiple excavators on the river bed. On the North East bank (relative to the bridge), large stockpile/ depot with at least 100 trucks. On the South East bank, similar size depot/ stockpile. ","https://storage.googleapis.com/download/storage/v1/b/ved_prod__media/o/images%2Fgbpur_se_bank2_016f06e6-4941-4d67-a1b5-6d7470b8bbbb.jpeg?generation=1710148266219181&alt=media
https://storage.googleapis.com/download/storage/v1/b/ved_prod__media/o/images%2Fgbpur_se_bank1_ff0525dc-5544-415d-9eec-eaf87e631f93.jpeg?generation=1710148230698380&alt=media
https://storage.googleapis.com/download/storage/v1/b/ved_prod__media/o/images%2Fgbpur_ne_bank1_ec958421-0153-43e6-b577-71897ba528b2.jpeg?generation=1710148199111070&alt=media
https://storage.googleapis.com/download/storage/v1/b/ved_prod__media/o/images%2Fnorth_east_bank_gbpur2_84a6ff37-1908-43a1-865f-eb4817e01adf.jpeg?generation=1710147990544442&alt=media
https://storage.googleapis.com/download/storage/v1/b/ved_prod__media/o/images%2Fnorth_east_bank_gbpur_d18d893e-a7c6-4a84-b191-9ffd08b65eb5.jpeg?generation=1710147879110084&alt=media","West Bengal","Paschim Medinipur","Subarnarekha","11-03-2024"
"Mafia built bridge on Subernarekha","N/A","08-03-2024 18:30:00","Serial Number,Latitude,Longitude
1,22.15844199745963,87.055371561596
2,22.158243140582794,87.05699962641876
3,22.16003860825734,87.05236795491734
","Yes","A large boat with a jet suction machine, excavators (JCB), trucks.","Interviews with locals lead us to believe that mining had stopped for about a month prior to the visit (~ Feb 1, 2024). The miners have built a very illegal rickety (mostly land) bridge across the Subernarekha to aid extraction, and charge Rs 100 toll tax to 4+ wheelers. There were signs of multiple older bridges on the ground and in sat. imagery. Locals also told us that the bridges tend to be swept away during the monsoons. The river flow is highly restricted and controlled in this portion of the river. There were a large number of circular or oval holes in the sand filled with water, a clear sign of jet suction. It is actually in Jhargram district","https://storage.googleapis.com/download/storage/v1/b/ved_prod__media/o/images%2Fpxl_20240309_100618856_dd0031a6-6a19-4a60-8048-2d2cb619ef70.jpeg?generation=1710147940168965&alt=media
https://storage.googleapis.com/download/storage/v1/b/ved_prod__media/o/images%2Fpxl_20240309_100038098_225efc1a-1a84-4e31-855c-8925085f9113.jpeg?generation=1710147928273625&alt=media
https://storage.googleapis.com/download/storage/v1/b/ved_prod__media/o/images%2Fpxl_20240309_095309678_d3e5ef71-e0c6-4e12-ac91-9747f734e56f.jpeg?generation=1710147886073572&alt=media
https://storage.googleapis.com/download/storage/v1/b/ved_prod__media/o/images%2Fpxl_20240309_094049066_f27af63b-10b9-42ca-9907-6541db1faf24.jpeg?generation=1710147877952786&alt=media
https://storage.googleapis.com/download/storage/v1/b/ved_prod__media/o/images%2Fpxl_20240309_093914673_e6e6c1ab-785a-4f0f-826e-512cd5cf6764.jpeg?generation=1710147864251088&alt=media
https://storage.googleapis.com/download/storage/v1/b/ved_prod__media/o/images%2Fpxl_20240309_093837453_35c179c5-a4b9-44d3-9394-2db729383af4.jpeg?generation=1710147852881161&alt=media
https://storage.googleapis.com/download/storage/v1/b/ved_prod__media/o/images%2Fpxl_20240309_093613855_089d5b3f-91be-4c3d-a9b3-02589c3a6175.jpeg?generation=1710147842243915&alt=media
https://storage.googleapis.com/download/storage/v1/b/ved_prod__media/o/images%2Fpxl_20240309_093527654_df6c9a52-75f9-4330-a8da-0ede6443efb3.jpeg?generation=1710147834878395&alt=media
https://storage.googleapis.com/download/storage/v1/b/ved_prod__media/o/images%2Fpxl_20240309_093234095_c7c609ed-158b-4cc2-94ff-c372c0c53e09.jpeg?generation=1710147826489723&alt=media
https://storage.googleapis.com/download/storage/v1/b/ved_prod__media/o/images%2Fpxl_20240309_093204087_83c164c8-9655-48a7-b285-36e32d52a2ad.jpeg?generation=1710147817839091&alt=media
https://storage.googleapis.com/download/storage/v1/b/ved_prod__media/o/images%2Fpxl_20240309_093201299_853e83ca-57d3-4f5e-80d6-61e38fd9ff31.jpeg?generation=1710147807393896&alt=media
https://storage.googleapis.com/download/storage/v1/b/ved_prod__media/o/images%2Fpxl_20240309_093154284_19b3622c-22df-407e-9721-44b42d77c773.jpeg?generation=1710147797612657&alt=media
https://storage.googleapis.com/download/storage/v1/b/ved_prod__media/o/images%2Fpxl_20240309_093127270_44ac581b-3abc-4030-b7bd-e078de92adf1.jpeg?generation=1710147539207732&alt=media","West Bengal","Paschim Medinipur","Subarnarekha","11-03-2024"
"Bardhamann Upriver Sites, Damodar River - 9th March 2024","N/A","09-03-2024 18:30:00","Serial Number,Latitude,Longitude
1,23.23804207182051,87.78865952968788
","Yes","JCB, jet suction machines, some attached to boats. We interviewed freelance laborers who own and operate their own motorboats. They dig up sand using large perforated buckets (usually from the opposive bank, where there is no mechanised presence), load up their boats with it and deliver it to the main mining site. It is possible that mine operators are using this tactic to get around concession regulations using this for-hire low impact approach ","Sprawling site just upriver from Bardhamann city. Spoke to 2 sand miners (freelance)

Been working at this site for more than 15 years. Pay is about 1000-2000 per day for working till 3pm. They manually dig sand from flooded areas with perforated buckets; they load those onto small mechanized boats that then take it to the other side and deposit it for the excavators, who then presumably load it onto trucks. We observed about 50 trucks at this large site. We observed quite a few motorized boats with cargo of sand plying the river.

These two miners have been working this site for about 15 years, and consider it a very profitable enterprise.


We observed boats with suction heads attached by pipes to some central vacuum and cleaner that deposits the sand in piles. These are the ones that likely cause the perfectly round or oval depressions we see


Second interviewee (a local not involved with mining) said mining doesn't stop in the monsoon.

District is actually Purba Bardhamann","https://storage.googleapis.com/download/storage/v1/b/ved_prod__media/o/images%2Fscreenshot_2024_03_11_at_1_29bfae08-6504-4836-a626-4dc78a6516e7.jpeg?generation=1710150940304984&alt=media
https://storage.googleapis.com/download/storage/v1/b/ved_prod__media/o/images%2Fpxl_20240310_083316860_8eb96696-ca43-4aef-aa27-f77b3d486171.jpeg?generation=1710150928474185&alt=media
https://storage.googleapis.com/download/storage/v1/b/ved_prod__media/o/images%2Fpxl_20240310_083308992_64af3dbe-ace0-4b75-9d47-15bf719fea95.jpeg?generation=1710150918095705&alt=media
https://storage.googleapis.com/download/storage/v1/b/ved_prod__media/o/images%2Fpxl_20240310_083306321_842cba3c-1db2-4d7e-be61-9356a71263f1.jpeg?generation=1710150911450201&alt=media
https://storage.googleapis.com/download/storage/v1/b/ved_prod__media/o/images%2Fpxl_20240310_083039974_c0130a85-1983-466c-9e9c-c40606d2b409.jpeg?generation=1710150902236385&alt=media
https://storage.googleapis.com/download/storage/v1/b/ved_prod__media/o/images%2Fpxl_20240310_083025438_894d1c1e-ad36-48fd-a498-37c9764658fc.jpeg?generation=1710150871191099&alt=media
https://storage.googleapis.com/download/storage/v1/b/ved_prod__media/o/images%2Fpxl_20240310_082749898_ac34c4e3-8003-455a-82f0-5f468c315d72.jpeg?generation=1710150818532255&alt=media
https://storage.googleapis.com/download/storage/v1/b/ved_prod__media/o/images%2Fpxl_20240310_082747975_a83d5ddf-4c10-4517-a1fd-00c0ad0c1a37.jpeg?generation=1710150808548484&alt=media
https://storage.googleapis.com/download/storage/v1/b/ved_prod__media/o/images%2Fpxl_20240310_082320052_131cea18-499e-4ed7-9724-c53bbd1a3fd6.jpeg?generation=1710150800093302&alt=media
https://storage.googleapis.com/download/storage/v1/b/ved_prod__media/o/images%2Fpxl_20240310_082318439_8df9ec87-8f9e-4d57-91bf-7bc68eb9c18c.jpeg?generation=1710150794252200&alt=media
https://storage.googleapis.com/download/storage/v1/b/ved_prod__media/o/images%2Fpxl_20240310_082311039_1acd9690-a0f7-4bec-997c-b59b8be0a988.jpeg?generation=1710150787466330&alt=media
https://storage.googleapis.com/download/storage/v1/b/ved_prod__media/o/images%2Fpxl_20240310_082306148_150db207-dbba-4954-87be-ccec334e1bcb.jpeg?generation=1710150778764535&alt=media
https://storage.googleapis.com/download/storage/v1/b/ved_prod__media/o/images%2Fpxl_20240310_082303476_6756874a-49d4-4041-b779-452a17483056.jpeg?generation=1710150760204529&alt=media
https://storage.googleapis.com/download/storage/v1/b/ved_prod__media/o/images%2Fpxl_20240310_083318055_a7d204aa-e880-419b-a961-17acb228160e.jpeg?generation=1710150707348332&alt=media","West Bengal","Barddhaman","Damodar","11-03-2024"
"Damodar River, North East Bank Mining Site - 10th March 2024","N/A","10-03-2024 18:30:00","Serial Number,Latitude,Longitude
1,23.208027,87.858181
","Yes","Trucks, JCB","Pictures and location are of a stockpile / depot. Actual mining site is further downstream, was not accessible from our viewpoint. Observed 5 - 10 parked trucks (empty), and 1 JCB + 1 truck with a full load of sand reversing into the stockpile  / depot","https://storage.googleapis.com/download/storage/v1/b/ved_prod__media/o/images%2Fbecharhat_mine_bcee07ab-3016-48cc-9c2d-5ef108aa3794.jpeg?generation=1710151787835692&alt=media
https://storage.googleapis.com/download/storage/v1/b/ved_prod__media/o/images%2Fbecharhat1_ea13ecec-368e-458e-81d8-c48496f179a8.jpeg?generation=1710151008014253&alt=media
https://storage.googleapis.com/download/storage/v1/b/ved_prod__media/o/images%2Fbecharhat_6733df39-2e52-4609-99ad-f9f3de1e18b5.jpeg?generation=1710150902650269&alt=media","West Bengal","Barddhaman","Damodar","11-03-2024"
"Damodar River, Around Ajay Setu - 11th March 2024","N/A","11-03-2024 18:30:00","Serial Number,Latitude,Longitude
1,23.616152505234695,87.5259840615229
2,23.618457534071087,87.52984314280604
3,23.612354479277876,87.51344198227001
4,23.61154000846964,87.53541549592295
","Yes","multiple JCBs, trucks and dump trucks. The site on the downstream side has 2 boats with jet suction, JCBs and a long line of trucks","Heavily mined site on a narrower stretch of the river. Mining was happenning in atleast 4 distinct sections, with larger dump trucks and 10 wheelers on the upstream side, and jet suction boats, JCBs and trucks on the downstream side.


District is actually Paschim Bardhaman","https://storage.googleapis.com/download/storage/v1/b/ved_prod__media/o/images%2Fpxl_20240311_044827344_ada74c55-0687-4a32-a9c8-bad72422b539.jpeg?generation=1710152972282966&alt=media
https://storage.googleapis.com/download/storage/v1/b/ved_prod__media/o/images%2Fpxl_20240311_044826032_2ae775f3-935d-4769-b156-b88e28c02048.jpeg?generation=1710152967459844&alt=media
https://storage.googleapis.com/download/storage/v1/b/ved_prod__media/o/images%2Fpxl_20240311_044813166_c9b28981-6e5d-4116-85dc-3ec36732d7dc.jpeg?generation=1710152962597204&alt=media
https://storage.googleapis.com/download/storage/v1/b/ved_prod__media/o/images%2Fpxl_20240311_044256257_566d382a-87cb-41f1-8433-779af62cb116.jpeg?generation=1710152955019156&alt=media
https://storage.googleapis.com/download/storage/v1/b/ved_prod__media/o/images%2Fpxl_20240311_044210699_cdb6abe3-5e72-4de2-b306-f721fc99fd67.jpeg?generation=1710152949418442&alt=media
https://storage.googleapis.com/download/storage/v1/b/ved_prod__media/o/images%2Fpxl_20240311_044209727_cb8be17b-e860-4298-9f8b-141c72311a53.jpeg?generation=1710152944094676&alt=media
https://storage.googleapis.com/download/storage/v1/b/ved_prod__media/o/images%2Fpxl_20240311_043757081_d92cad66-d5a4-45f7-bc3c-4fed617ad419.jpeg?generation=1710152842094189&alt=media","West Bengal","Barddhaman","Damodar","11-03-2024"
"Mining on the Ajay near Harinathpur, 12th March 2024","N/A","12-03-2024 18:30:00","Serial Number,Latitude,Longitude
1,23.598731,87.570317
","Yes","JCB, Jet suction machine, trucks, boats. ","Large mining site on the South Bank of the Ajay near Harinathpur. 

Observed a jet suction machine + boat being used, along with multiple JCB and trucks. 

Small office + stockpile at site. 

Spoke to one miner at site (manual laborer from Birbhum) -- he cautioned to stay away from jet suction machine since it made the river bank unstable. 

After leaving site, we were stopped by miners, who were worried that we had taken pictures of the jet suction machine + boat, and mentioned that it could cause problems for them. ","https://storage.googleapis.com/download/storage/v1/b/ved_prod__media/o/images%2Fajay5_8fed59b7-24aa-4ccd-a88a-5ac8d6a0be6a.jpeg?generation=1710154523801394&alt=media
https://storage.googleapis.com/download/storage/v1/b/ved_prod__media/o/images%2Fajay4_d3157727-ba5c-4c9b-adad-f32e10639af8.jpeg?generation=1710154438660926&alt=media
https://storage.googleapis.com/download/storage/v1/b/ved_prod__media/o/images%2Fajay3_2dd2f8ab-a832-4aad-ad98-affc1898a66b.jpeg?generation=1710154359955350&alt=media
https://storage.googleapis.com/download/storage/v1/b/ved_prod__media/o/images%2Fajay2_e5535bef-09f2-478d-b082-a745cc8916fa.jpeg?generation=1710154323396198&alt=media
https://storage.googleapis.com/download/storage/v1/b/ved_prod__media/o/images%2Fajay1_b15987cb-c6d4-4f29-8c26-bfafe4766a5e.jpeg?generation=1710153901831974&alt=media","West Bengal","Barddhaman, Birbhum","Ajay","11-02-2025"
"Damodar River, Aban Setu - 10th March 2024","N/A","10-03-2024 18:30:00","Serial Number,Latitude,Longitude
1,23.61702334810349,87.70157999207548
","Yes","Tractors and laborers","Just upriver from Aban setu. About 15 tractors with presumably manual laborers working the site.


District is actually Purba Bardhaman","https://storage.googleapis.com/download/storage/v1/b/ved_prod__media/o/images%2Fpxl_20240310_105150589_573a6a50-08b1-429e-a8f9-3a648a68009b.jpeg?generation=1710154048778016&alt=media","West Bengal","Barddhaman","Damodar","11-03-2024"
"Akalwara, Madhya Pradesh - Narmada River, 10th March 2024","No","10-03-2024 18:30:00","Serial Number,Latitude,Longitude
1,22.09227,75.01138
","No","N/A","I noticed many tractor marks - two kinds of marks mostly - one of a tractor and another was, I think, a machine that is used to extract sand, maybe a small dredger. I was travelling with the Narmada Bachao Aandolan (NBA) activists in their van. They told me that people recognise them, especially the people involved with the Sand Mafia and they immediately call and inform those on the sites to pack and leave or hide their machines and equipment. As soon as we reached the Akalwara sand mining site in Barwani district in Madhya Pradesh, we noticed a tractor scrambling away from the site and people running away with it. 

I could see mounds and heaps of sand next to deep dug pits. It looked artificially dug up and evidently not a result of wind and water erosion near the banks. The tractor marks, the pattern of pits and mounds alternatively and the tractor driving away rapidly were signs that illegal sand mining definitely takes place here ","https://storage.googleapis.com/download/storage/v1/b/ved_prod__media/o/images%2Fimg_3515_429aa601-35a1-4c7b-8a0a-04a0710f268b.jpeg?generation=1710673073448465&alt=media
https://storage.googleapis.com/download/storage/v1/b/ved_prod__media/o/images%2Fimg_3516_ae818c94-45d1-44ef-ac7a-d2222518f4eb.jpeg?generation=1710673074058791&alt=media
https://storage.googleapis.com/download/storage/v1/b/ved_prod__media/o/images%2Fimg_3276_bd84be38-f100-4574-9c7b-6baa2cde637a.jpeg?generation=1710673057842446&alt=media
https://storage.googleapis.com/download/storage/v1/b/ved_prod__media/o/images%2Fimg_3286_1c7085f4-230a-4319-8299-eabd9604c67f.jpeg?generation=1710673059996647&alt=media
https://storage.googleapis.com/download/storage/v1/b/ved_prod__media/o/images%2Fimg_3507_e45baad8-95c5-464a-936c-6211da0b9159.jpeg?generation=1710673060498427&alt=media
https://storage.googleapis.com/download/storage/v1/b/ved_prod__media/o/images%2Fimg_3508_68a74074-d229-46ec-9334-1866d0314906.jpeg?generation=1710673061097565&alt=media
https://storage.googleapis.com/download/storage/v1/b/ved_prod__media/o/images%2Fimg_3509_bd5d61ec-7a88-4fba-93a2-a61464488a8a.jpeg?generation=1710673061672347&alt=media
https://storage.googleapis.com/download/storage/v1/b/ved_prod__media/o/images%2Fimg_3510_a4a4900d-e3ab-428c-8591-89a596b98f7d.jpeg?generation=1710673062265261&alt=media
https://storage.googleapis.com/download/storage/v1/b/ved_prod__media/o/images%2Fimg_3511_3951fc7f-8932-4ff3-b110-2976d4660502.jpeg?generation=1710673062860689&alt=media
https://storage.googleapis.com/download/storage/v1/b/ved_prod__media/o/images%2Fimg_3512_e411a1f7-27c9-461c-851d-ab1279ed5337.jpeg?generation=1710673063472089&alt=media
https://storage.googleapis.com/download/storage/v1/b/ved_prod__media/o/images%2Fimg_3513_9e058fe8-70f0-4718-a431-618dfad58e5f.jpeg?generation=1710673064052885&alt=media
https://storage.googleapis.com/download/storage/v1/b/ved_prod__media/o/images%2Fimg_3514_8d52c02d-e021-4c48-9b20-0e3ff6214f8e.jpeg?generation=1710673064649215&alt=media
https://storage.googleapis.com/download/storage/v1/b/ved_prod__media/o/images%2Fimg_3243_243ddb16-0c16-4eb0-846a-3c0dd3c41457.jpeg?generation=1710673029263146&alt=media
https://storage.googleapis.com/download/storage/v1/b/ved_prod__media/o/images%2Fimg_3244_1ad9c85a-55c2-4d5c-b591-1cc56fc0b667.jpeg?generation=1710673031809552&alt=media
https://storage.googleapis.com/download/storage/v1/b/ved_prod__media/o/images%2Fimg_3273_767b7b96-7abd-4d73-b2e2-a37ea01f66c7.jpeg?generation=1710673033754628&alt=media
https://storage.googleapis.com/download/storage/v1/b/ved_prod__media/o/images%2Fimg_3241_d9fef9fc-828e-4382-8026-c325f17c73a1.jpeg?generation=1710673013979207&alt=media","Madhya Pradesh","Dhar","Narmada","26-03-2024"
"Mandawar Village - Shamli District, Uttar Pradesh, Yamuna River - 22nd March 2024","N/A","22-03-2024 18:30:00","Serial Number,Latitude,Longitude
1,29.453350,77.130040
","Yes","5 excavators. Multiple trucks and tractors trollies.","5 excavators were mining sand directly from within the river. And multiple trucks and tractors trollies were running all over the floodplains carrying this sand away from the river.


Our assessment based on official documents says that:


1. There has not been any auction for the sand here.

2. There is no District Survey Report that forms the basis of any auctions


Locally sourced information says that about 200 trucks are taking sand away from this location per day, each selling at a base price of ₹5000.


At 8 months of operation in a year (or till the time that the sand runs out), that comes out to be ₹10,00,000 per day or ₹3,00,00,000 per month or ₹24,00,00,000 over a period of 8 months. This is lost public revenue.


The map above is showing from a day when there was cloud cover, so I've included a satellite image of the location from 20th December 2023 and 19th March 2024 to show you the location and give you a sense of what's going on. See how the sand bank vanishes.


Imagery source: Sentinel-2 L2A.","https://storage.googleapis.com/download/storage/v1/b/ved_prod__media/o/images%2Fscreenshot_2024_03_28_at_10_8a3a07db-4689-44ac-a75a-f0785e5e77cc.jpeg?generation=1711600734917786&alt=media
https://storage.googleapis.com/download/storage/v1/b/ved_prod__media/o/images%2Fscreenshot_2024_03_28_at_10_0818b0e4-fc46-446b-ba35-19e7e7a42d67.jpeg?generation=1711600612919574&alt=media
https://storage.googleapis.com/download/storage/v1/b/ved_prod__media/o/images%2Fsid00265_893b7c82-41f0-4e47-b7c9-38cd88e218c1.jpeg?generation=1711600486770205&alt=media","Uttar Pradesh","Shamli","Yamuna","28-03-2024"
"Yamuna river, Sector-125/126, NOIDA, Gautam Buddh Nagar, UP- 07.12.2021","N/A","07-12-2021 18:30:00","Serial Number,Latitude,Longitude
,28.53600000 N,77.32794444 E
","Yes","Poclain machines, Excavators, trucks","The site was being mined for sand. I could remember seeing at least two poclain machines extracting the sand from the middle of the river channel which is basically against the guidelines of Uttar Pradesh Minor Minerals (Concession) Rules, 2021. Artificial sand bars had been created to direct the river flow. Scores and scores of trucks laden with sand could be seen every day. There's an entire makeshift settlement for the laborers who are being employed to mine sand. The location is about a kilometer downstream from Okhla Bird Sanctuary. 

The people at the site asked us not to take any pictures and leave the site. We were also questioned about where are you from, are you a journalist, what have you come here for, etc.? ","https://storage.googleapis.com/download/storage/v1/b/ved_prod__media/o/images%2Fdec_2021_559d9d5f-e027-4a07-8b74-9c3bbdf19e80.jpeg?generation=1718795493296582&alt=media
https://storage.googleapis.com/download/storage/v1/b/ved_prod__media/o/images%2Fdec_2021_2_4e323933-c134-45b7-9a9a-2c08accb1a7a.jpeg?generation=1718795485910571&alt=media
https://storage.googleapis.com/download/storage/v1/b/ved_prod__media/o/images%2Fimg_4201_a1a81f01-ad02-4b2d-a12f-2cb69bcb718c.jpeg?generation=1718795414109474&alt=media
https://storage.googleapis.com/download/storage/v1/b/ved_prod__media/o/images%2Fimg_4206_b2d9fc02-985a-4105-be88-b46f0f92ac28.jpeg?generation=1718795399744384&alt=media
https://storage.googleapis.com/download/storage/v1/b/ved_prod__media/o/images%2Fimg_4205_d05dd6f0-eb33-4d07-b0f2-9f61010c0db4.jpeg?generation=1718795384095831&alt=media
https://storage.googleapis.com/download/storage/v1/b/ved_prod__media/o/images%2Fimg_4202_9f4f25c3-a629-4292-a6ec-b1ed2a65aa4f.jpeg?generation=1718795368198310&alt=media
https://storage.googleapis.com/download/storage/v1/b/ved_prod__media/o/images%2Fimg_4203_0da57a6a-a9f1-4844-91ac-329fc85efc36.jpeg?generation=1718795358007204&alt=media","Uttar Pradesh","Gautam Buddha Nagar","Yamuna","20-06-2024"
"Saharsa district, Bihar - Kosi - 5th Feb 2023","N/A","05-02-2023 18:30:00","Serial Number,Latitude,Longitude
1,25.70309099 ,86.54292704
,,
","Yes","JCB","bar skimming","N/A","Bihar","Saharsa","Kosi (Bihar)","16-08-2024"
"Kosi River - Saharsa, Bihar - 15th August 2024","N/A","15-08-2024 18:30:00","Serial Number,Latitude,Longitude
1,25.70309099,86.54292704
","Yes","JCB","bar skimming
","N/A","Bihar","Saharsa","Kosi (Bihar)","28-08-2024"
"Bhagalpur district, Bihar - Kosi River - 09th February 2023","N/A","09-02-2023 18:30:00","Serial Number,Latitude,Longitude
,25.42146198,87.06254804
","Yes","JCB","Bar Skimming, Data from WCT
","N/A","Bihar","Bhagalpur","Kosi (Bihar)","19-08-2024"
"Kosi River - Bhagalpur, Bihar - 09th February 2023","N/A","09-02-2023 18:30:00","Serial Number,Latitude,Longitude
,25.42146198,87.06254804
","Yes","JCB","Bar Skimming, Data from WCT","N/A","Bihar","Bhagalpur","Kosi (Bihar)","27-08-2024"
"Bhagalpur district, Bihar - Kosi River - 9th February 2023","N/A","09-02-2023 18:30:00","Serial Number,Latitude,Longitude
,25.42146198,87.06254804
","Yes","JCB","Bar Skimming, Data from WCT","N/A","Bihar","Bhagalpur","Kosi (Bihar)","19-08-2024"
"Bhagalpur district, Bihar - Kosi River - 9th Feb 2023","N/A","09-02-2023 18:30:00","Serial Number,Latitude,Longitude
,25.42146198,87.06254804
","Yes","JCB","Bar Skimming, Data from WCT
","N/A","Bihar","Bhagalpur","Kosi (Bihar)","16-08-2024"
"Lakhimpur-Kheri district, Uttar Pradesh - Ghaghra River - 20th May 2023","N/A","20-05-2023 18:30:00","Serial Number,Latitude,Longitude
,28.16910197,81.08336904
","Yes","JCB","1 JCB, Data from WCT","N/A","Uttar Pradesh","Kheri","Ghaghra","16-08-2024"
"Lakhimpur-Kheri, Uttar Pradesh - Ghaghra River - 22nd May 2023","N/A","22-05-2023 18:30:00","Serial Number,Latitude,Longitude
,27.35596499,81.38454004
","Yes","JCB","1 JCB, Data from WCT","N/A","Uttar Pradesh","Kheri","Ghaghra","16-08-2024"
"Ghaghra River - Barabanki, Uttar Pradesh - 22nd May 2023","N/A","22-05-2023 18:30:00","Serial Number,Latitude,Longitude
1,27.30165403,81.40338499
","Yes","Dredger","Dredging, Data from WCT
","N/A","Uttar Pradesh","Bara Banki","Ghaghra","28-08-2024"
"Bahraich district, Uttar Pradesh - Ghaghra river -  22nd May 2023","N/A","22-05-2023 18:30:00","Serial Number,Latitude,Longitude
1,27.27556301,81.42106502
2,27.2837,81.42375302
3,27.18936503,81.48582696
","Yes","Dredger","Dredging, Data from WCT
","N/A","Uttar Pradesh","Bahraich","Ghaghra","16-08-2024"
"Sant Kabir Nagar district, Uttar Pradesh - Ghaghra River - 27th May 2023","N/A","27-05-2023 18:30:00","Serial Number,Latitude,Longitude
,26.50445902,82.93898402
","Yes","JCB","1 JCB, Data from WCT","N/A","Uttar Pradesh","Sant Kabir Nagar","Ghaghra","16-08-2024"
"Ambedkar Nagar district, Uttar Pradesh, Ghaghra River - 27th May 2023","N/A","27-05-2023 18:30:00","Serial Number,Latitude,Longitude
,26.50495598,82.93817198
","Yes","JCB","1 JCB Used, Data From WCT","N/A","Uttar Pradesh","Ambedkar Nagar","Ghaghra","19-08-2024"
"Ambedkar Nagar district, Uttar Pradesh - Ghaghra River - 27nd May 2023","N/A","27-05-2023 18:30:00","Serial Number,Latitude,Longitude
,26.50495598,82.93817198
","Yes","JCB","1 JCB, Data from WCT","N/A","Uttar Pradesh","Ambedkar Nagar","Ghaghra","16-08-2024"
"Ambedkar Nagar district, Uttar Pradesh - Ghaghra rive - 28th May 2023","N/A","28-05-2023 18:30:00","Serial Number,Latitude,Longitude
,26.39364699,26.39364699
","Yes","Dredger","Dredging, Data from WCT
","N/A","Uttar Pradesh","Ambedkar Nagar","Ghaghra","28-08-2024"
"Gorakhpur district, Uttar Pradesh - Ghaghra river - 28th May 2023","N/A","28-05-2023 18:30:00","Serial Number,Latitude,Longitude
,26.28382201,83.413791
","Yes","JCB","1 JCB, Data from WCT","N/A","Uttar Pradesh","Gorakhpur","Ghaghra","16-08-2024"
"Deoria district, Uttar Pradesh - Ghaghra river - 29th May 2023","N/A","29-05-2023 18:30:00","Serial Number,Latitude,Longitude
,26.270301,83.706592
","Yes","Dredger","Dredging, Data from WCT
","N/A","Uttar Pradesh","Deoria","Ghaghra","16-08-2024"
"Ghaghra River - Saran district, Bihar - 31st May 2023","N/A","31-05-2023 18:30:00","Serial Number,Latitude,Longitude
,25.80329496,84.61156203
","Yes","JCB","5 JCB used in the Location, Data from WCT","N/A","Bihar","Saran","Ghaghra","28-08-2024"
"Gandak River - Kushinagar district, Uttar Pradesh - 18th November 2017","N/A","18-11-2017 18:30:00","Serial Number,Latitude,Longitude
,26.62630004,84.38403502
","Yes","JCB","Dredging, Sand and Pebble Mining, Data from WCT
","N/A","Uttar Pradesh","Kushinagar","Gandak","28-08-2024"
"Gandak River - Gopalganj, Bihar - 18th November 2017","N/A","18-11-2017 18:30:00","Serial Number,Latitude,Longitude
,26.56499002,84.44784796
","Yes","Dredger","Dredging, Sand and Pebble Mining, Data from WCT
","N/A","Bihar","Gopalganj","Gandak","28-08-2024"
"Gandak River - Muzzafarpur, Bihar - 20th January 2017","N/A","20-01-2017 18:30:00","Serial Number,Latitude,Longitude
,26.2968333,84.8268667
","Yes","JCB","Sand Excavation, 3-4 JCBs and Cranes, Data from WCT
","N/A","Bihar","Muzaffarpur","Gandak","27-08-2024"
"Gandak River - Muzaffarpur, Bihar - 20th November 2017","N/A","20-11-2017 18:30:00","Serial Number,Latitude,Longitude
,26.29051303,84.83086598
","Yes","JCB","Sand Excavation, 3-4 JCBs and Cranes, Data from WCT
","N/A","Bihar","Muzaffarpur","Gandak","28-08-2024"
"Mahananda River - Darjeeling, West Bengal - 16th November 2021","N/A","16-11-2021 18:30:00","Serial Number,Latitude,Longitude
1,26.49731998,88.31488199
","Yes","JCB, Tractors","6 JCB, 12 tractors

Observations by WCT team","N/A","West Bengal","Darjiling / Darjeeling","Mahananda","27-08-2024"
"Mahananda River - Darjeeling district, West Bengal - 16th November 2021 ","N/A","16-11-2021 18:30:00","Serial Number,Latitude,Longitude
,26.49731998,88.31488199
","Yes","JCB, tractors","Sand Mining, 6 JCB, 12 Tractors, Data from WCT
","N/A","West Bengal","Darjiling / Darjeeling","Mahananda","28-08-2024"
"Mahananda River - Darjeeling district, West Bengal - 16th November 2021","N/A","16-11-2021 18:30:00","Serial Number,Latitude,Longitude
,26.49132198,88.30675296
","Yes","JCB, tractors","Sand Mining, 8 Tractors, 2 JCB, Data from WCT
","N/A","West Bengal","Darjiling / Darjeeling","Mahananda","28-08-2024"
"Mahananda River - Uttar Dinajpur, West Bengal - 16th November 2021","N/A","16-11-2021 18:30:00","Serial Number,Latitude,Longitude
,26.48742699,88.30671902
","Yes","Rafts","Sand Mining, Data from WCT
","N/A","West Bengal","Uttar Dinajpur","Mahananda","28-08-2024"
"Mahananda - Uttar Dinajpur district, West Bengal - 16th November 2021 ","N/A","16-11-2021 18:30:00","Serial Number,Latitude,Longitude
,26.48652803,88.30663302
","Yes","Rafts, Tractors, Water Pumps","Sand Mining, Water Pumping, 6 rafts, 4 tractors, Data from WCT
","N/A","West Bengal","Uttar Dinajpur","Mahananda","28-08-2024"
"Mahananda River - Darjeeling, West Bengal - 16th November 2021","N/A","16-11-2021 18:30:00","Serial Number,Latitude,Longitude
,26.49021599,88.29519197
","Yes","Rafts","Sand and Boulder Mining, Gravel Panning, Data from WCT
","N/A","West Bengal","Darjiling / Darjeeling","Mahananda","28-08-2024"
"Mahananda River - Uttar Dinajpur, West Bengal - 16th November 2021","N/A","16-11-2021 18:30:00","Serial Number,Latitude,Longitude
,26.47997104,88.27374796
","Yes","Rafts, Tractors","Sand Mining, 25 Panners, 4 Tractors, Data from WCT
","N/A","West Bengal","Uttar Dinajpur","Mahananda","28-08-2024"
"Mahananda River - Uttar Dinajpur district, West Bengal - 16th November 2021","N/A","16-11-2021 18:30:00","Serial Number,Latitude,Longitude
,26.48078903,88.26961904
","Yes","Rafts,Tractors","Sand Mining, 18 Panners, 5 Tractors, Data from WCT
","N/A","West Bengal","Uttar Dinajpur","Mahananda","28-08-2024"
"Uttar Dinajpur district, West Bengal - Mahananda River, 16th November 2021","N/A","16-11-2021 18:30:00","Serial Number,Latitude,Longitude
,26.48028703,88.26862402
","Yes","Water Pumps","Sand Mining, Water Pumping, Data from WCT
","N/A","West Bengal","Uttar Dinajpur","Mahananda","19-08-2024"
"Darjeeling district, West Bengal - Mahananda River - 16th November 2021","N/A","16-11-2021 18:30:00","Serial Number,Latitude,Longitude
,26.46681799,88.25216196
","Yes","JCB, tractors, dredgers, stone crushers","Huge sand mining area, Local river dredging and stone crushing, 50+ JCBs and tractors, Data from WCT
","N/A","West Bengal","Darjiling / Darjeeling","Mahananda","19-08-2024"
"Darjeeling district, West Bengal - Mahananda River - 16th November 2021","N/A","16-11-2021 18:30:00","Serial Number,Latitude,Longitude
,26.46543397,88.250213
","Yes","Dredgers, Water Pumps, Tractors","2 Dredgers, sand mining, water pumping, Data from WCT
","N/A","West Bengal","Darjiling / Darjeeling","Mahananda","19-08-2024"
"Mahananda River - Darjeeling, West Bengal - 16th November 2021","N/A","16-11-2021 18:30:00","Serial Number,Latitude,Longitude
,26.45419098,88.24226998
","Yes","Rafts","Sand Mining, 3 Rafts, Data from WCT
","N/A","West Bengal","Darjiling / Darjeeling","Mahananda","28-08-2024"
"Mahananda River - Darjeeling district, West Bengal - 16th November 2021","N/A","16-11-2021 18:30:00","Serial Number,Latitude,Longitude
,26.45176501,88.24002799
","Yes","Rafts, Tractors","Sand Mining, 3 Tractors, 2 Rafts, Data from WCT
","N/A","West Bengal","Darjiling / Darjeeling","Mahananda","28-08-2024"
"Mahananda River - Kishanganj district, Bihar - 16th November 2021","N/A","16-11-2021 18:30:00","Serial Number,Latitude,Longitude
,26.447967,88.23284998
","Yes","Rafts","Sand Mining, 4 Rafts, Data from WCT
","N/A","Bihar","Kishanganj","Mahananda","28-08-2024"
"Mahananda River - Kishanganj district, Bihar - 16th November 2021","N/A","16-11-2021 18:30:00","Serial Number,Latitude,Longitude
,26.44097297,88.22670504
","Yes","Rafts, Boats, Tractors","Sand Mining, 4 boats, 3 tractors, 1 raft, Data from WCT
","N/A","Bihar","Kishanganj","Mahananda","28-08-2024"
"Mahananda River - Kishanganj district, Bihar - 16th November 2021 ","N/A","16-11-2021 18:30:00","Serial Number,Latitude,Longitude
,26.43895201,88.22440504
","Yes","Boats","Sand Mining, 1 boat, Data from WCT
","N/A","Bihar","Kishanganj","Mahananda","28-08-2024"
"Mahananda River - Kishanganj district, Bihar - 16th November 2021","N/A","16-11-2021 18:30:00","Serial Number,Latitude,Longitude
,26.43804199,88.22248802
","Yes","Boats","Sand Mining, 3 boats, Data from WCT
","N/A","Bihar","Kishanganj","Mahananda","28-08-2024"
"Kishanganj district, Bihar - Mahananda Rover - 16th November 2021","N/A","16-11-2021 18:30:00","Serial Number,Latitude,Longitude
,26.43763798,88.21507196
","Yes","Boats, Tractors","Sand Mining, 2 boats, 1 tractor, Data from WCT
","N/A","Bihar","Kishanganj","Mahananda","19-08-2024"
"Mahananda River - Kishanganj, Bihar - 16th November 2021","N/A","16-11-2021 18:30:00","Serial Number,Latitude,Longitude
,26.43718603,88.21010099
","Yes","Boats","Sand Mining, 1 boat, Data from WCT
","N/A","Bihar","Kishanganj","Mahananda","27-08-2024"
"Mahananda River - Kishanganj district, Bihar - 17th November 2021","N/A","17-11-2021 18:30:00","Serial Number,Latitude,Longitude
,26.37092097,88.13649899
","Yes","Boats","Sand Mining, Data from WCT
","N/A","Bihar","Kishanganj","Mahananda","28-08-2024"
"Kishanganj, Bihar - Mahananda River - 17th November 2021","N/A","17-11-2021 18:30:00","Serial Number,Latitude,Longitude
,26.36474904,88.12941603
","Yes","Tractors","Sand Mining, 1 Tractor, Data from WCT
","N/A","Bihar","Kishanganj","Mahananda","19-08-2024"
"Mahananda River - Kishanganj, Bihar - 17th November 2021","N/A","17-11-2021 18:30:00","Serial Number,Latitude,Longitude
,26.34102196,88.10750901
","Yes","Rafts","Sand Mining, 2 rafts, Data from WCT
","N/A","Bihar","Kishanganj","Mahananda","27-08-2024"
"Mahananda River - Kishanganj, Bihar - 18th November 2021 ","N/A","18-11-2021 18:30:00","Serial Number,Latitude,Longitude
,26.24727599,88.00648302
","Yes","Dredgers, JCBs, Tractors","Sand Mining - large area, 2 dredgers, 3 JCB, 3 tractors, Data from WCT
","N/A","Bihar","Kishanganj","Mahananda","28-08-2024"
"Mahananda River - Kishanganj, Bihar - 19th November 2021","N/A","19-11-2021 18:30:00","Serial Number,Latitude,Longitude
,26.01919401,87.84528502
","Yes","Rafts","Rafts, Sand Mining, Data from WCT
","N/A","Bihar","Kishanganj","Mahananda","28-08-2024"
"Purnia district, Bihar - Mahananda River - 20th November 2021","N/A","20-11-2021 18:30:00","Serial Number,Latitude,Longitude
,25.86500304,87.80842602
","Yes","JCB, Tractors","Sand Mining, 1 JCB, 1 tractor, Data from WCT
","N/A","Bihar","Purnia","Mahananda","28-08-2024"
"Mahananda River - Katihar, Bihar - 23rd Nov 2021","N/A","23-11-2021 18:30:00","Serial Number,Latitude,Longitude
1,25.4279,87.76584
","Yes","JCBs, Tractors","JCBs and tractors observed at the mining location. ","N/A","Bihar","Katihar","Mahananda","20-08-2024"
"Chambal River - Morena, Madhya Pradesh - 14th March 2024","N/A","14-03-2024 18:30:00","Serial Number,Latitude,Longitude
,26.6115281,77.8639336
","Yes","JCB, tractors","Gharials, buffaloes seen very close to the site

- Long lines of tractors seen coming to the site, multiple JCBs mining sand and filling in the tractor.

- Seen from opposite bank

- 3 to 5 JCBs mining sand, 100 to 150 tractors seen within 30 - 40 mins","https://storage.googleapis.com/download/storage/v1/b/ved_prod__media/o/images%2Fimg_20240314_124140_1aa8fa48-87fc-49fb-936e-d30f938a35ae.jpeg?generation=1724847152212398&alt=media
https://storage.googleapis.com/download/storage/v1/b/ved_prod__media/o/images%2Fimg_20240314_124149_debe8e05-f964-4a30-99c0-7f5e820be6c4.jpeg?generation=1724847154113634&alt=media
https://storage.googleapis.com/download/storage/v1/b/ved_prod__media/o/images%2Fimg_20240314_124219_2d1f09a3-38e8-4559-ae03-dad87ac37a64.jpeg?generation=1724847155812972&alt=media
https://storage.googleapis.com/download/storage/v1/b/ved_prod__media/o/images%2Fimg_20240314_124226_452f64a4-5224-4ed6-bdb7-844c7507058d.jpeg?generation=1724847157515828&alt=media
https://storage.googleapis.com/download/storage/v1/b/ved_prod__media/o/images%2Fimg_20240314_124930_6602042e-b4a8-4814-9122-39a0db31facc.jpeg?generation=1724847159211416&alt=media
https://storage.googleapis.com/download/storage/v1/b/ved_prod__media/o/images%2Fwhatsapp_image_2024_08_28_at_17_f43c7997-27a9-4ad3-b1a0-d9618b439c04.jpeg?generation=1724846954703713&alt=media
https://storage.googleapis.com/download/storage/v1/b/ved_prod__media/o/images%2Fwhatsapp_image_2024_08_28_at_17_6cace369-3be2-4ce8-9ee3-33e841675ef6.jpeg?generation=1724846955198423&alt=media
https://storage.googleapis.com/download/storage/v1/b/ved_prod__media/o/images%2Fwhatsapp_image_2024_08_28_at_17_1bb1a1e3-f63c-4efc-b094-6b75ec31cd93.jpeg?generation=1724846955752374&alt=media
https://storage.googleapis.com/download/storage/v1/b/ved_prod__media/o/images%2Fwhatsapp_image_2024_08_28_at_17_d95d7e29-ebb7-402b-89f4-b14bd20af91b.jpeg?generation=1724846956296631&alt=media
https://storage.googleapis.com/download/storage/v1/b/ved_prod__media/o/images%2Fwhatsapp_image_2024_08_28_at_17_ec428c66-1458-4981-892d-aa976ca8d7b4.jpeg?generation=1724846956792920&alt=media","Madhya Pradesh","Morena","Chambal","28-08-2024"
"Chambal River - Morena, Madhya Pradesh - 13th March 2024","N/A","13-03-2024 18:30:00","Serial Number,Latitude,Longitude
1,26.6922078,78.0010645
","Yes","Tractors, JCBs","Seen from the opposite bank - 9-10 tractors loaded with sand, 1 JCB

Mugger crocodile and some gharial seen on sand bank","https://storage.googleapis.com/download/storage/v1/b/ved_prod__media/o/images%2Fimg_20240313_131405_7dab4f7c-75b0-4cc2-8ffb-a702fc028030.jpeg?generation=1724911617267407&alt=media
https://storage.googleapis.com/download/storage/v1/b/ved_prod__media/o/images%2Fimg_20240313_131808_a616286c-434b-45e3-823c-6ab055970748.jpeg?generation=1724911618858137&alt=media
https://storage.googleapis.com/download/storage/v1/b/ved_prod__media/o/images%2Fimg_20240313_131829_855ecb7e-9001-4d03-9527-cee41a7c4d0b.jpeg?generation=1724911620159196&alt=media
https://storage.googleapis.com/download/storage/v1/b/ved_prod__media/o/images%2Fimg_20240313_131833_d8249cea-cdc8-4b2e-8b77-44db9e298a27.jpeg?generation=1724911621658197&alt=media","Madhya Pradesh","Morena","Chambal","29-08-2024"
"Chambal River - Dholpur, Rajasthan - 15th March 2024","N/A","15-03-2024 18:30:00","Serial Number,Latitude,Longitude
,26.708826,78.091674
","No","N/A","Active mining not taking place, but marks of mining seen indicating very recent mining activity.

- Saw multiple deep pits and some shallow pits, tractor marks

- Saw soft egg shells (possibly of turtles or crocodiles) in same location

- Heard from the locals that mining was taking place until very recently, and stopped now because of change in authorities.","https://storage.googleapis.com/download/storage/v1/b/ved_prod__media/o/images%2Fimg_20240315_181935_e51640fa-c554-4951-a116-c72b2705824f.jpeg?generation=1724847708432802&alt=media
https://storage.googleapis.com/download/storage/v1/b/ved_prod__media/o/images%2Fwhatsapp_image_2024_08_28_at_17_83c5312b-71e7-4854-8fce-6e5b1f0f88b6.jpeg?generation=1724847657484683&alt=media
https://storage.googleapis.com/download/storage/v1/b/ved_prod__media/o/images%2Fwhatsapp_image_2024_08_28_at_17_006e3579-d606-4389-aada-ae380cd59b78.jpeg?generation=1724847575276055&alt=media
https://storage.googleapis.com/download/storage/v1/b/ved_prod__media/o/images%2Fwhatsapp_image_2024_08_28_at_17_2606e9f9-dd20-4e1c-bac9-12d84dc25ae0.jpeg?generation=1724847575894868&alt=media
https://storage.googleapis.com/download/storage/v1/b/ved_prod__media/o/images%2Fwhatsapp_image_2024_08_28_at_17_8a8134a7-17cc-41b1-b6e0-e4d0dd2ca3f8.jpeg?generation=1724847576386483&alt=media","Rajasthan","Dhaulpur","Chambal","28-08-2024"
"Chambal River - Morena, Madhya Pradesh - 15th March 2024","N/A","15-03-2024 18:30:00","Serial Number,Latitude,Longitude
1,26.6922078,78.0010645
","Yes","Tractors, JCBs","Seen from opposite bank, active mining using JCBs and tractors. Multiple crocodiles (muggers and gharial), turtles, and skimmers seen on instream sandbank.","https://storage.googleapis.com/download/storage/v1/b/ved_prod__media/o/images%2Fimg_20240315_170501_f5718321-5289-4b7d-b678-bbaa9c49bd5a.jpeg?generation=1724910201955950&alt=media
https://storage.googleapis.com/download/storage/v1/b/ved_prod__media/o/images%2Fimg_20240315_170532_ff2e385d-1eb4-45a5-a08e-9f7894dacd74.jpeg?generation=1724910202896915&alt=media","Madhya Pradesh","Morena","Chambal","29-08-2024"
"Chambal River - Dholpur, Rajasthan - 14th March 2024","N/A","14-03-2024 18:30:00","Serial Number,Latitude,Longitude
,26.6596200,77.9502040
","Yes","Tractors","Mining happening very close to the 2 bridges

Saw 5 - 6 tractors

Could see gharials, neelguy, crocodiles, many birds on the opposite bank","https://storage.googleapis.com/download/storage/v1/b/ved_prod__media/o/images%2Fwhatsapp_image_2024_08_28_at_17_46ea39e2-00a7-4bfd-b6e0-c4938fe6c565.jpeg?generation=1724848065493412&alt=media
https://storage.googleapis.com/download/storage/v1/b/ved_prod__media/o/images%2Fwhatsapp_image_2024_08_28_at_17_d20ec6eb-8b50-4927-b417-767d902110f6.jpeg?generation=1724848065984043&alt=media
https://storage.googleapis.com/download/storage/v1/b/ved_prod__media/o/images%2Fwhatsapp_image_2024_08_28_at_17_548bc8ba-92ef-48e7-9f90-c3faa7117179.jpeg?generation=1724848066478707&alt=media
https://storage.googleapis.com/download/storage/v1/b/ved_prod__media/o/images%2Fimg_20240314_182302_68671524-ae2e-40da-b6a1-fe19b490e570.jpeg?generation=1724847979066861&alt=media
https://storage.googleapis.com/download/storage/v1/b/ved_prod__media/o/images%2Fimg_20240314_182303_36ed82f3-c294-4934-97fd-b6f43cb83e56.jpeg?generation=1724847980587206&alt=media
https://storage.googleapis.com/download/storage/v1/b/ved_prod__media/o/images%2Fimg_20240314_182727_8fdd7a14-a6cf-47d7-bb70-380108ef6cf7.jpeg?generation=1724847982078076&alt=media","Rajasthan","Dhaulpur","Chambal","28-08-2024"
"Gad River - Sindhudurg, Maharashtra - 10th February 2024","N/A","10-02-2024 18:30:00","Serial Number,Latitude,Longitude
,16.127786,73.462497
","Yes","Boats","First observation. About 10 boats in a stretch. Taluka: Malvan","N/A","Maharashtra","Sindhudurg","Gad","29-08-2024"
"Gad River - Sindhudurg, Maharashtra - 15th March 2024","N/A","15-03-2024 18:30:00","Serial Number,Latitude,Longitude
,16.104036,73.4656
","Yes","Boats, Trucks","Boats (about 7-8 boats in a one km stretch). Trucks loading of sand from the boat, observed after sunset, downriver mining is more active at night, one km upriver/downriver from this point is usually the point on the river from where the boats can be observed. Taluka: Malvan","N/A","Maharashtra","Sindhudurg","Gad","29-08-2024"
"Gad River - Sindhudurg, Maharashtra - 12th April 2024","N/A","12-04-2024 18:30:00","Serial Number,Latitude,Longitude
,16.157017,73.470469
","Yes","Boats, trucks","Boats (not as many, 5 observed from the bridge), trucks (one truck was being loaded). Boats noted in broad daylight, trucks loading of sand from the boat","https://storage.googleapis.com/download/storage/v1/b/ved_prod__media/o/images%2F3gblr2_5463a83c-791d-4455-acb9-8c84db934657.jpeg?generation=1724915615991530&alt=media
https://storage.googleapis.com/download/storage/v1/b/ved_prod__media/o/images%2F3gblr3_eaab7d44-3dc2-43ec-be04-fabb15ed036b.jpeg?generation=1724915616638279&alt=media
https://storage.googleapis.com/download/storage/v1/b/ved_prod__media/o/images%2F3gblr4_2fa59769-f894-45cf-8e75-4f73e4c959af.jpeg?generation=1724915617133257&alt=media
https://storage.googleapis.com/download/storage/v1/b/ved_prod__media/o/images%2F3gblr1_4c49926b-a10d-402f-97c3-aae4c9b28b45.jpeg?generation=1724915605252832&alt=media","Maharashtra","Sindhudurg","Gad","29-08-2024"
"Gad River - Sindhudurg, Maharashtra - 12th April 2024","N/A","12-04-2024 18:30:00","Serial Number,Latitude,Longitude
,16.150592,73.458183
","Yes","Trucks","Trucks (a very busy road, 4-5 trucks every 10 mins). Trucks unloading of sand from the trucks or going towards a loading site, not very sure of the activity, but a huge number of trucks were active here. Goa number plate vehicles. Taluka: Malvan","N/A","Maharashtra","Sindhudurg","Gad","29-08-2024"
"Gad River -  Sindhudurg, Maharashtra - April 2024","N/A","26-04-2024 18:30:00","Serial Number,Latitude,Longitude
,16.008992,73.605536
","Yes","Boats","Boats were docked, didn't observe any active ones. Taluka: Malvan","N/A","Maharashtra","Sindhudurg","Karli","29-08-2024"
"Mahananda River - Kishanganj, Bihar - 16th Nov 2021","N/A","16-11-2021 18:30:00","Serial Number,Latitude,Longitude
,26.44877804,88.23448302
","Yes","Rafts","sand mining, 1 raft, Data from WCT","N/A","Bihar","Kishanganj","Mahananda","13-09-2024"
"Mahananda River - Kishanganj, Bihar - 16th Nov 2021","N/A","16-11-2021 18:30:00","Serial Number,Latitude,Longitude
,26.44677401,88.23098601
","Yes","Rafts","Sand Mining, 1 Raft, Data from WCT","N/A","Bihar","Kishanganj","Mahananda","13-09-2024"
"Mahananda River - Kishanganj, Bihar - 16th Nov 2021","N/A","16-11-2021 18:30:00","Serial Number,Latitude,Longitude
,26.44535503,88.229618
","Yes","Rafts","Sand Mining, 1 Raft, Data from WCT","N/A","Bihar","Kishanganj","Mahananda","13-09-2024"
"Mahananda River - Kishanganj, Bihar - 16th Nov 2021","N/A","16-11-2021 18:30:00","Serial Number,Latitude,Longitude
,26.444644,88.22908902
","Yes","Rafts","Sand Mining, 1 Raft, Data from WCT","N/A","Bihar","Kishanganj","Mahananda","13-09-2024"
"Mahananda River - Kishanganj, Bihar - 16th Nov 2021","N/A","16-11-2021 18:30:00","Serial Number,Latitude,Longitude
,26.44168904,88.22719697
","Yes","Rafts","Sand Mining, 1 Raft, Data from WCT","N/A","Bihar","Kishanganj","Mahananda","13-09-2024"
"Mahananda River - Darjeeling, West Bengal - 16th November 2021","N/A","16-11-2021 18:30:00","Serial Number,Latitude,Longitude
,26.47227997,88.259186
","Yes","JCB, Tractors","Huge Sand Mining area, Data from WCT","N/A","West Bengal","Darjiling / Darjeeling","Mahananda","13-09-2024"
"Mahananda River - Darjeeling, West Bengal - 16th November 2021 ","N/A","16-11-2021 18:30:00","Serial Number,Latitude,Longitude
,26.46991803,88.25588303
","Yes","JCB, Tractors","Huge Sand Mining area, Data from WCT","N/A","West Bengal","Darjiling / Darjeeling","Mahananda","13-09-2024"
"Mahananda River - Darjeeling, West Bengal - 16th November 2021","N/A","16-11-2021 18:30:00","Serial Number,Latitude,Longitude
,26.46885403,88.25479799
","Yes","JCB, Tractors","Huge Sand Mining area, Data from WCT","N/A","West Bengal","Darjiling / Darjeeling","Mahananda","13-09-2024"
"Ghaghra River - Bahraich, Uttar Pradesh - 22nd May 2023","N/A","22-05-2023 18:30:00","Serial Number,Latitude,Longitude
,27.27556301,81.42106502
","Yes","Dredger","Dredging, Data from WCT","N/A","Uttar Pradesh","Bahraich","Ghaghra","13-09-2024"
"Ghaghra River - Bahraich, Uttar Pradesh - 22nd May 2023","N/A","22-05-2023 18:30:00","Serial Number,Latitude,Longitude
,27.2837,81.42375302
","Yes","Dredger","Dredging, Data from WCT","N/A","Uttar Pradesh","Bahraich","Ghaghra","13-09-2024"
"Ghaghra River - Bahraich, Uttar Pradesh - 22nd May 2023","N/A","22-05-2023 18:30:00","Serial Number,Latitude,Longitude
,27.18936503,81.48582696
","Yes","Dredger","Dredging, Data from WCT","N/A","Uttar Pradesh","Bahraich","Ghaghra","09-09-2024"
"Gandak River - Paschim Champaran, Bihar - 12th November 2017","N/A","12-11-2017 18:30:00","Serial Number,Latitude,Longitude
,27.43596003,83.89735096
","Yes","Boats","Sand and Pebble Mining, Data from WCT","N/A","Bihar","Pashchim Champaran","Gandak","13-09-2024"
"Gandak River - Paschim Champaran, Bihar - 12th November 2017","N/A","12-11-2017 18:30:00","Serial Number,Latitude,Longitude
,27.42278301,83.86529898
","Yes","Boats","Sand and Pebble Mining, Data from WCT","N/A","Bihar","Pashchim Champaran","Gandak","09-09-2024"
"Gandak River - Paschim Champaran, Bihar - 14th January 2010","N/A","14-01-2010 18:30:00","Serial Number,Latitude,Longitude
,27.1296833,84.0359667
","Yes","Tractor","Sand Mining and Excavation, Data from WCT","N/A","Bihar","Pashchim Champaran","Gandak","09-09-2024"
"Gandak River - Paschim Champaran, Bihar - 14th January 2010","N/A","14-01-2010 18:30:00","Serial Number,Latitude,Longitude
,27.1164333,84.06825
","Yes","Tractor","Sand Mining and Excavation, Data from WCT","N/A","Bihar","Pashchim Champaran","Gandak","10-09-2024"
"Mahananda River - Katihar, Bihar - 23rd November 2011","N/A","23-11-2021 18:30:00","Serial Number,Latitude,Longitude
,25.43078198,87.76643001
","Yes","JCB, Tractors","Sand Mining, Data from WCT","N/A","Bihar","Katihar","Mahananda","09-09-2024"
"Mahananda River - Bihar, Katihar - 23rd November 2021","N/A","23-11-2021 18:30:00","Serial Number,Latitude,Longitude
,25.42959896,87.76606799
","Yes","JCB, Tractors","Sand Mining, Data from WCT","N/A","Bihar","Katihar","Mahananda","09-09-2024"
"Mahananda River - Katihar, Bihar - 23rd November 2021","N/A","23-11-2021 18:30:00","Serial Number,Latitude,Longitude
,25.428958,87.76604502
","Yes","JCB, Tractors","Sand Mining, Data from WCT","N/A","Bihar","Katihar","Mahananda","09-09-2024"
"Ghaghra River - Saran, Bihar - 31st May 2023","N/A","31-05-2023 18:30:00","Serial Number,Latitude,Longitude
,25.81360697,84.59808804
","Yes","JCB","1 JCB used in this Location, Data from WCT","N/A","Bihar","Saran","Ghaghra","09-09-2024"
"Ghaghra River - Saran, Bihar - 31st May 2023","N/A","31-05-2023 18:30:00","Serial Number,Latitude,Longitude
,25.76894903,84.64371803
","Yes","JCB","1 JCB used in this Location, Data from WCT","N/A","Bihar","Saran","Ghaghra","09-09-2024"
"Ghaghra River - Saran, Bihar - 31st May 2023","N/A","31-05-2023 18:30:00","Serial Number,Latitude,Longitude
,25.76380799,84.65214402
","Yes","JCB","1 JCB used in this Location, Data from WCT","N/A","Bihar","Saran","Ghaghra","09-09-2024"
"Mahananda River - Darjeeling, West Bengal - 16th November 2021","N/A","16-11-2021 18:30:00","Serial Number,Latitude,Longitude
,26.49476401,88.30712898
","Yes","Rafts","Sand Mining, Data from WCT","N/A","West Bengal","Darjiling / Darjeeling","Mahananda","09-09-2024"
"Mahananda River - Darjeeling, West Bengal - 16th November 2021","N/A","16-11-2021 18:30:00","Serial Number,Latitude,Longitude
,26.49205397,88.30668901
","Yes","Rafts","Sand Mining, Data from WCT","N/A","West Bengal","Darjiling / Darjeeling","Mahananda","09-09-2024"
"Ghaghra River - Azamgarh, Uttar Pradesh - 28th May 2023","N/A","28-05-2023 18:30:00","Serial Number,Latitude,Longitude
,26.26009,83.42750003
","Yes","JCB","1 JCB at the Location, Data from WCT","N/A","Uttar Pradesh","Azamgarh","Ghaghra","09-09-2024"
"Ghaghra River - Azamgarh, Uttar Pradesh - 28th May 2023","N/A","28-05-2023 18:30:00","Serial Number,Latitude,Longitude
,26.25990702,83.42935796
","Yes","JCB","1 JCB at the Location, Data from WCT","N/A","Uttar Pradesh","Azamgarh","Ghaghra","09-09-2024"
"Ghaghra - Ballia, Uttar Pradesh - 31st May 2023","N/A","31-05-2023 18:30:00","Serial Number,Latitude,Longitude
,25.87584402,84.43231696
","Yes","JCB","2 JCB at the Location, Data from WCT","N/A","Uttar Pradesh","Ballia","Ghaghra","03-09-2024"
"Ghaghra River - Ballia, Uttar Pradesh - 31st May 2023","N/A","31-05-2023 18:30:00","Serial Number,Latitude,Longitude
,25.877048,84.44393604
","Yes","JCB","2 JCB at the Location, Data from WCT","N/A","Uttar Pradesh","Ballia","Ghaghra","03-09-2024"
"Ghaghra River - Ballia, Uttar Pradesh - 31st May 2023","N/A","31-05-2023 18:30:00","Serial Number,Latitude,Longitude
,25.864062,84.49459702
","Yes","JCB","1 JCB at the Location, Data from WCT","N/A","Uttar Pradesh","Ballia","Ghaghra","03-09-2024"
"Ghaghra River - Ballia, Uttar Pradesh - 31st May 2023","N/A","31-05-2023 18:30:00","Serial Number,Latitude,Longitude
,25.85141203,84.49539598
","Yes","JCB","1\ JCB at the Location, Data from WCT","N/A","Uttar Pradesh","Ballia","Ghaghra","03-09-2024"
"Ghaghra River - Ballia, Uttar Pradesh - 31st May 2023","N/A","31-05-2023 18:30:00","Serial Number,Latitude,Longitude
,25.82478901,84.581514
","Yes","JCB","1 JCB at the Location, Data from WCT","N/A","Uttar Pradesh","Ballia","Ghaghra","03-09-2024"
"Gandak River - Gopalganj, Bihar - 21st Jan 2010","N/A","21-01-2010 18:30:00","Serial Number,Latitude,Longitude
,26.4087333,84.7380833
","Yes","JCB","Sand Mining and Excavation, Data from WCT","N/A","Bihar","Gopalganj","Gandak","03-09-2024"
"Gandak River - Gopalganj, Bihar - 21st Jan 2010","N/A","21-01-2010 18:30:00","Serial Number,Latitude,Longitude
,26.3625667,84.7453333
","Yes","JCB","Sand Mining and Excavation, Data from WCT","N/A","Bihar","Gopalganj","Gandak","03-09-2024"
"Gandak River - Muzaffarpur, Bihar - 22nd Jan 2010","N/A","22-01-2010 18:30:00","Serial Number,Latitude,Longitude
,26.30325,84.8243333
","Yes","JCB","Sand Mining and Excavation, Data from WCT","N/A","Bihar","Muzaffarpur","Gandak","03-09-2024"
"Gandak River - Muzaffarpur, Bihar - 22nd Jan 2021","N/A","22-01-2010 18:30:00","Serial Number,Latitude,Longitude
,26.2968333,84.8268667
","Yes","JCB","Sand Mining and Excavation, Data from WCT","N/A","Bihar","Muzaffarpur","Gandak","03-09-2024"
"Mahananda - Kishanganj, Bihar - 18th Nov 2021","N/A","18-11-2021 18:30:00","Serial Number,Latitude,Longitude
,26.24630604,87.9450
","Yes","JCB, Tractors","Sand Mining large area, Data from WCT","N/A","Bihar","Kishanganj","Mahananda","03-09-2024"
"Mahananda River - Kishanganj, Bihar - 18th Nov 2021","N/A","18-11-2021 18:30:00","Serial Number,Latitude,Longitude
,26.24535997,88.00239902
","Yes","JCB, Tractors","Sand Mining large area, Data from WCT","N/A","Bihar","Kishanganj","Mahananda","03-09-2024"
"Mahananda River - Kishanganj, Bihar - 18th Nov 2021","N/A","18-11-2021 18:30:00","Serial Number,Latitude,Longitude
,26.24476897,88.00136201
","Yes","JCB, Tractors","Sand Mining large area, Data from WCT","N/A","Bihar","Kishanganj","Mahananda","03-09-2024"
"Mahananda River - Kishanganj, Bihar - 18th Nov 2021","N/A","18-11-2021 18:30:00","Serial Number,Latitude,Longitude
,26.24328,88.00054796
","Yes","JCB, Tractors","Sand Mining large area, Data from WCT","N/A","Bihar","Kishanganj","Mahananda","03-09-2024"
"Mahananda River - Darjeeling, West Bengal - 16th Nov 2021 ","N/A","16-11-2021 18:30:00","Serial Number,Latitude,Longitude
,26.46193603,88.246444
","Yes","Rafts","Sand Mining, Data from WCT","N/A","West Bengal","Darjiling / Darjeeling","Mahananda","03-09-2024"
"Mahananda River - Darjeeling, West Bengal - 16th Nov 2021","N/A","16-11-2021 18:30:00","Serial Number,Latitude,Longitude
,26.45834799,88.24381904
","Yes","Rafts","Sand Mining, Data from WCT","N/A","West Bengal","Darjiling / Darjeeling","Mahananda","03-09-2024"
"Mahananda River - Uttar Dinajpur, West Bengal - 16th Nov 2021","N/A","16-11-2021 18:30:00","Serial Number,Latitude,Longitude
,26.47715497,88.26720698
","Yes","Rafts","Sand Mining, Data from WCT","N/A","West Bengal","Uttar Dinajpur","Mahananda","03-09-2024"
"Mahananda River - Darjeeling, West Bengal - 16th Nov 2021","N/A","16-11-2021 18:30:00","Serial Number,Latitude,Longitude
,26.47462598,88.262882
","Yes","Rafts","Sand Mining, Data from WCT","N/A","West Bengal","Darjiling / Darjeeling","Mahananda","03-09-2024"
"Mahananda River - Katihar, Bihar - 23rd Nov 2021","N/A","23-11-2021 18:30:00","Serial Number,Latitude,Longitude
,25.42790498,87.76583799
","Yes","JCB, tractors","Sand Mining, Data from WCT
","N/A","Bihar","Katihar","Mahananda","23-09-2024"
"Mahananda River - Malda, West Bengal - 25th Nov 2021 ","N/A","25-11-2021 18:30:00","Serial Number,Latitude,Longitude
,25.24124402,87.86061502
","Yes","JCB, Tractors","Sand Mining, 1 JCB, Data from WCT
","N/A","West Bengal","Maldah","Mahananda","23-09-2024"
"Kaveri River - Kodagu, Karnataka - 04th April 2013","N/A","04-04-2013 18:30:00","Serial Number,Latitude,Longitude
1,12.31758333,75.867
","No","N/A","Along the main river channel in the Kaveri. Low intensity / manual

Near Siddapur, Kodagu","N/A","Karnataka","Kodagu","Kaveri","26-10-2024"
"Kaveri River - Kodagu, Karnataka - 04th April 2013","N/A","04-04-2013 18:30:00","Serial Number,Latitude,Longitude
1, 12.318800, 75.885117
","No","N/A","near Siddapur town, along the main river
","N/A","Karnataka","Kodagu","Kaveri","26-10-2024"
"Kaveri River - Kodagu, Karnataka - 04th April 2013","N/A","04-04-2013 18:30:00","Serial Number,Latitude,Longitude
,12.31965,75.88653333
","No","N/A","low intensity mining

Near Siddapur","N/A","Karnataka","Kodagu","Kaveri","26-10-2024"
"Kaveri River - Kodagu, Karnataka - 04th April 2013","N/A","04-04-2013 18:30:00","Serial Number,Latitude,Longitude
,12.32088333,75.88786667
","No","N/A","Low intensity, manual mining, near Siddapur","N/A","Karnataka","Kodagu","Kaveri","26-10-2024"
"Kaveri River - Kodagu, Karnataka - 04th April 2013","N/A","04-04-2013 18:30:00","Serial Number,Latitude,Longitude
, 12.341700, 75.885767
","No","N/A","Near Dubare RF, low intensity, manual","N/A","Karnataka","Kodagu","Kaveri","26-10-2024"
"Kaveri River - Kodagu, Karnataka - 04th April 2013","N/A","04-04-2013 18:30:00","Serial Number,Latitude,Longitude
,12.3053,75.86815
","No","N/A","near the Siddapuur bridge on the Kaveri ","N/A","Karnataka","Kodagu","Kaveri","26-10-2024"
"Kaveri River - Kodagu, Karnataka - 06th April 2013","N/A","06-04-2013 18:30:00","Serial Number,Latitude,Longitude
,12.30621667,75.87155
","No","N/A","downstream of Siddapur bridge, manual low intensity

Siddapur, Kodagu, Kaveri","N/A","Karnataka","Kodagu","Kaveri","26-10-2024"
"Kaveri River - Kodagu, Karnataka - 06th April 2013","N/A","06-04-2013 18:30:00","Serial Number,Latitude,Longitude
,12.3328,75.8797
","No","N/A","low intensity mining, manual

Downstream of Siddapur, Kodagu, Kaveri


(report pre-2017 -> map not uploading)","N/A","Karnataka","Kodagu","Kaveri","26-10-2024"
"Kaveri River - Kodagu, Karnataka - 08th April 2024","N/A","08-04-2013 18:30:00","Serial Number,Latitude,Longitude
,12.32205,75.69591667
","No","N/A","upstream of Napoklu, Kodagu, Kaveri


(pre-2017 observations -> blank map)","N/A","Karnataka","Kodagu","Kaveri","26-10-2024"
"Kaveri River - Kodagu District - 08th April 2013","N/A","08-04-2013 18:30:00","Serial Number,Latitude,Longitude
,12.32088333,75.69748333
","No","N/A","Near Napoklu, medium intensity, Kaveri","N/A","Karnataka","Kodagu","Kaveri","26-10-2024"
"Kaveri River - Kodagu, Karnataka - 08th April 2013","N/A","08-04-2013 18:30:00","Serial Number,Latitude,Longitude
,12.31936667,75.69791667
","No","N/A","near Napoklu, low intensity, manual","N/A","Karnataka","Kodagu","Kaveri","26-10-2024"
"Kaveri River, Kodagu, Karnataka, 8th April 2013","N/A","08-04-2013 18:30:00","Serial Number,Latitude,Longitude
,12.31936667,75.69701667
","No","N/A","low intensity, manual","N/A","Karnataka","Kodagu","Kaveri","30-10-2024"
"Kaveri River,  Kodagu, Karnataka - 8th April 2013","N/A","08-04-2013 18:30:00","Serial Number,Latitude,Longitude
,12.3128,75.7032
","No","N/A","near Napoklu, low intensity, manual","N/A","Karnataka","Kodagu","Kaveri","31-10-2024"
"Kaveri River - Kodagu, Karnataka - 08th April 2013","N/A","08-04-2013 18:30:00","Serial Number,Latitude,Longitude
,12.29883333,75.72075
","No","N/A","downstream of Napoklu, low intensity, manual","N/A","Karnataka","Kodagu","Kaveri","26-10-2024"
"Kaveri River - Kodagu, Karnataka - 09th April 2013","N/A","09-04-2013 18:30:00","Serial Number,Latitude,Longitude
,12.2976,75.74593333
","No","N/A","medium intensity mining downstream of Napoklu","N/A","Karnataka","Kodagu","Kaveri","26-10-2024"
"Kaveri River - Kodagu, Karnataka - 9th April 2013","N/A","09-04-2013 18:30:00","Serial Number,Latitude,Longitude
,12.29965,75.7404
","No","N/A","Medium intensity mining","N/A","Karnataka","Kodagu","Kaveri","31-10-2024"
"Kaveri River - Kodagu, Karnataka - 9th April 2013","N/A","09-04-2013 18:30:00","Serial Number,Latitude,Longitude
,12.30003333,75.74178333
","No","N/A","low intensity mining","N/A","Karnataka","Kodagu","Kaveri","31-10-2024"
"River Tawa - Hoshangabad, Madhya Pradesh, 19th Dec 2024","N/A","19-12-2024 18:30:00","Serial Number,Latitude,Longitude
,22.709233813952917,77.83666893492025
","Yes","JCB excavators","Photos taken from the bridge on river Tawa at Anchal kheda","https://storage.googleapis.com/download/storage/v1/b/ved_prod__media/o/images%2Fc985547c_aa50_4127_bc2b_9c31ef62224e_06cc219e-bcab-488a-b6ee-a1a4d0788ec6.jpeg?generation=1735034661162687&alt=media
https://storage.googleapis.com/download/storage/v1/b/ved_prod__media/o/images%2Fe8852e48_e105_4711_8d64_37ce86ef2564_1720e2a3-6bec-4615-8205-424c83f7fa31.jpeg?generation=1735034663478478&alt=media","Madhya Pradesh","Narmadapuram","Tawa","24-12-2024"
"Damodar River - Paschim Barddhaman, West Bengal - 11th July 2023","N/A","11-07-2023 18:30:00","Serial Number,Latitude,Longitude
,23.642106,86.898646
","Yes","खनन के लिए जेसीबी का उपयोग किया जा रहा था। भारी क्षमता के ट्रक रिवर बेड पर रेत को लोड कर रहे थे। - Excavators were being used for mining and large trucks were being loaded on the riverbed.","यह जगह पश्चिम बंगाल में आसनसोल-पुरुलिया रेल लाइन पर बर्णपुर व दामोदर रेलवे स्टेशन के बीच स्थित है। जिस जगह पर माइनिंग हो रही थी, वह रेलवे पुल से अनुमानतः 500 मीटर के दायरे के अंदर है। जबकि रेत खनन की गाइडलाइन के अनुसार, किसी भी प्रकार के पुल या कंस्ट्रक्शन के 500 किमी के दायरे में रेत की माइनिंग नहीं हो सकती है।


This location is situated along the Asansol-Purulia rail line, between Burnpur and Damodar Railway stations. The mining location was less than 500 metres from the railway bridge, even though the mining guidelines do not allow mining activity within 500 meters of bridges.


< This case report has been collected from the India Sand Watch community, verified by the team and then uploaded here> ","N/A","West Bengal","Barddhaman","Damodar","15-01-2025"
"Bhutahi Balan River - Phulparas, Madhubani - 17th Feb 2025","N/A","17-02-2025 18:30:00","Serial Number,Latitude,Longitude
1,26.351984,86.508526
","Yes","Multiple extractors were seen at the location.","Mechanised mining using multiple heavy extractors was noticed on the Bhutahi Balan river. Image showing the extractor in the river bed is attached with this observation.


This case report has been generated based on sightings of sand mining from the India Sand Watch and Veditum network. Have observations of sand mining in Indian rivers? Email 

sandwatch@veditum.org
 ","https://storage.googleapis.com/download/storage/v1/b/ved_prod__media/o/images%2Fwhatsapp_image_2025_02_17_at_17_88c9987b-a181-4573-b85f-6607306bdb9a.jpeg?generation=1739800143937725&alt=media","Bihar","Madhubani","Bhutahi Balan","17-02-2025"
"River Mula - Pune, Maharashtra   | 31-12-24 to 04-03-2024 ","N/A","31-12-2024 18:30:00","Serial Number,Latitude,Longitude
1,18.564444,73.793889
","Yes","I am not sure as mining happens at night. But mostly JCB is used as per people on ground since JCB tire marks were seen, but no solid evidence on that. ","River Mula, Pune Maharashtra. Sand Mining is rampantly ongoing, especially since 31st December 2024 until date (04-03-2025). An O.A. was filed in NGT (WZ) in 2021. The current sand mining is ongoing in contempt of it. Letters have been submitted to District Collector and others as of now.  

Sand Mining is happening on face of Pune ""River Front"" Development. 
","https://storage.googleapis.com/download/storage/v1/b/ved_prod__media/o/images%2Ftc_00624_a93fc086-5392-4024-993a-d0472f8d2ebc.jpeg?generation=1741084284837692&alt=media
https://storage.googleapis.com/download/storage/v1/b/ved_prod__media/o/images%2Ftc_00625_da2090ea-c698-4d09-8aae-96f599675cf0.jpeg?generation=1741084285266689&alt=media
https://storage.googleapis.com/download/storage/v1/b/ved_prod__media/o/images%2Ftc_00626_03b44c01-d82b-4931-8db4-17cf95b9c875.jpeg?generation=1741084285575738&alt=media
https://storage.googleapis.com/download/storage/v1/b/ved_prod__media/o/images%2Ftc_00630_c9c1d19b-4ce3-4dfc-a669-8a4e7d57c60a.jpeg?generation=1741084288859419&alt=media
https://storage.googleapis.com/download/storage/v1/b/ved_prod__media/o/images%2Ftc_00628_133b963a-2ab1-432f-847b-48af1feb0cf5.jpeg?generation=1741084291299537&alt=media","Maharashtra","Pune","Mula","14-03-2025"
"Yamuna River - Dakpatthar, Himachal Pradesh - 17th March 2025","N/A","17-03-2025 18:30:00","Serial Number,Latitude,Longitude
1,30.503505,77.784876
","Yes","Day time collections were being made by people collecting riverbed material into dumpers. But it seemed like night time mining was being done using larger machines.","Day time collections were being made by people collecting riverbed material into dumpers. But it seemed like night time mining was being done using larger machines.


This case report has been generated based on sightings of sand mining from the India Sand Watch and Veditum network. Have observations of sand mining in Indian rivers? Email 

sandwatch@veditum.org","https://storage.googleapis.com/download/storage/v1/b/ved_prod__media/o/images%2Fwhatsapp_image_2025_03_18_at_07_b26899eb-9954-4e46-a050-d4d67266cdbc.jpeg?generation=1742278885215419&alt=media","Himachal Pradesh","Sirmaur","Yamuna","18-03-2025"
"Ken River - Banda, Uttar Pradesh - 21st March 2025","No","21-03-2025 18:30:00","Serial Number,Latitude,Longitude
1,25.490301,80.309159
","Yes","Extractors, Poclain Machines, etc ","Large number of machines were seen digging right into the riverbed at this location very close to the Bundelkhand Expressway bridge. 


This case report has been generated based on sightings of sand mining from the India Sand Watch and Veditum network. Here is the link to the tweet by Journalist Ashish Dixit which has date, time and location stamped images as well.


. Have observations of sand mining in Indian rivers? Email 

sandwatch@veditum.org","https://storage.googleapis.com/download/storage/v1/b/ved_prod__media/o/images%2Fgqlmi9qw4aaez_0_adc2d1e6-6811-4daf-9274-1ebd09cdb711.jpeg?generation=1747128279527936&alt=media","Uttar Pradesh","Banda","Ken","13-05-2025"
"River Ken - Sandi, Banda, Uttar Pradesh - 15th May 2025","No","15-05-2025 18:30:00","Serial Number,Latitude,Longitude
,25.703884,80.315708
","Yes","Large mechanised excavators are being used at this location.","Large machines were seen digging right into the riverbed of River Ken at this location near Village Bandi.


This case report has been generated based on sightings of sand mining from the India Sand Watch and Veditum network. Here is the link to the tweet by Journalist Ashish Dixit which has date, time and location stamped images as well: 
https://x.com/AshishsagarD/status/1923754651947499898
 


And while the satellite image above has been taken on a cloudy day, another satellite image from the location (from 1 day before the image was taken) is attached below.


Have observations of sand mining in Indian rivers? Email 

sandwatch@veditum.org","https://storage.googleapis.com/download/storage/v1/b/ved_prod__media/o/images%2Fscreenshot_2025_05_21_at_1_2dedd354-ad5a-4008-97c2-d3717fe1b999.jpeg?generation=1747812836026718&alt=media
https://storage.googleapis.com/download/storage/v1/b/ved_prod__media/o/images%2Fscreenshot_2025_05_21_at_1_b18c98ab-18d9-4586-be78-73e25cba0d0d.jpeg?generation=1747812764231762&alt=media","Uttar Pradesh","Banda","Ken","21-05-2025"
"River Lakshmantheertha, Kodagu, Karnataka - 4th May, 2024","No","04-05-2024 18:30:00","Serial Number,Latitude,Longitude
1,12.095812,76.022740
","Yes","Tractor, Excavator","Mining was being undertaken at night, between 9 pm to 11 pm. Only few tractors were being used. the scale was small.","N/A","Karnataka","Kodagu","Kaveri","03-07-2025"
"River Tamas - Rewa, Madhya Pradesh - 2nd June 2025","No","02-06-2025 18:30:00","Serial Number,Latitude,Longitude
1,24.94908, 81.506613
","Yes","Punduppi Machine with Long Pipe (Submersible motor attached to a long pipe)","In Tamas river Near the Jhalwa Block Jawa Distt. Rewa ","https://storage.googleapis.com/download/storage/v1/b/ved_prod__media/o/images%2Fwhatsapp_image_2025_06_27_at_14_206ad106-0077-4935-85fe-6e2871a3eaf3.jpeg?generation=1751022338901409&alt=media
https://storage.googleapis.com/download/storage/v1/b/ved_prod__media/o/images%2Fwhatsapp_image_2025_06_27_at_14_678f3610-a3bb-49e5-a383-108a0ae1122a.jpeg?generation=1751022339262719&alt=media
https://storage.googleapis.com/download/storage/v1/b/ved_prod__media/o/images%2Fwhatsapp_image_2025_06_27_at_14_0442c29b-4a8b-4243-94d3-eff0dc144c4d.jpeg?generation=1751022339571550&alt=media
https://storage.googleapis.com/download/storage/v1/b/ved_prod__media/o/images%2Fwhatsapp_image_2025_06_27_at_14_07aeac11-9f0f-4888-8bf3-d7a956a5d431.jpeg?generation=1751022339934568&alt=media
https://storage.googleapis.com/download/storage/v1/b/ved_prod__media/o/images%2Fwhatsapp_image_2025_06_27_at_14_865420a7-fc35-4088-a846-822ce5328490.jpeg?generation=1751022340262382&alt=media","Madhya Pradesh","Rewa","Tamas (Tamsa)","31-07-2025"
"River Chambal - Morena, 1st June 2025","No","01-06-2025 18:30:00","Serial Number,Latitude,Longitude
1,26.658876,77.908561
","Yes","Backhoes and Tractor Trollies ","Inside the Chambal Wildlife Sanctuary and close to 2 bridges.","N/A","Madhya Pradesh","Morena","Chambal","23-08-2025"
"Narmada River - Narmadapuram District, Madhya Pradesh - 01/01/2025","No","01-01-2025 18:30:00","Serial Number,Latitude,Longitude
,22.606,77.375
","Yes","Not sure","Many temporary settlements were established on the River bank","https://storage.googleapis.com/download/storage/v1/b/ved_prod__media/o/images%2Fimg20250101115503_9dd5f63e-3131-40e1-bf69-35146256a3cb.jpeg?generation=1755951856830340&alt=media","Madhya Pradesh","Narmadapuram","Narmada","27-09-2025"
"Amba Jadeed, Sehore - Narmada River - 9th April 2024","No","09-04-2024 18:30:00","Serial Number,Latitude,Longitude
1,22.561081,77.320219
","Yes","Big Excavators, Trucks, Tractors, Etc.","Due to easy access to the main road a huge mining operation was being carried out with hundreds of boats, excavators, trucks and tractors. For about 1 to 2 kms I walked on that patch I could only see the mining going on. ","https://storage.googleapis.com/download/storage/v1/b/ved_prod__media/o/images%2Fpxl_20240409_055413934_1_9cb3db94-59e8-40f2-9be8-90590651073b.jpeg?generation=1757414120281238&alt=media
https://storage.googleapis.com/download/storage/v1/b/ved_prod__media/o/images%2Fpxl_20240409_055814872_8a91dad0-4dcf-42d8-815a-d31b3da2b986.jpeg?generation=1757414123217266&alt=media
https://storage.googleapis.com/download/storage/v1/b/ved_prod__media/o/images%2Fpxl_20240409_055418996_f291c2c7-932b-477d-acbe-d11072f26b4f.jpeg?generation=1757414125922956&alt=media
https://storage.googleapis.com/download/storage/v1/b/ved_prod__media/o/images%2Fpxl_20240409_055423400_3557fafe-5dfd-440c-8fee-efaaaf3a7262.jpeg?generation=1757414128618166&alt=media
https://storage.googleapis.com/download/storage/v1/b/ved_prod__media/o/images%2Fpxl_20240409_055426968_ca453a66-f09e-425d-8c9d-40f7d026354d.jpeg?generation=1757414131236644&alt=media
https://storage.googleapis.com/download/storage/v1/b/ved_prod__media/o/images%2Fpxl_20240409_054844781_d7b2129f-db5a-4abc-a65b-776fb55f05c2.jpeg?generation=1757413820064928&alt=media
https://storage.googleapis.com/download/storage/v1/b/ved_prod__media/o/images%2Fpxl_20240409_054852420_80839384-28c5-4fd8-b0a1-a03f883aae62.jpeg?generation=1757413822634221&alt=media
https://storage.googleapis.com/download/storage/v1/b/ved_prod__media/o/images%2Fpxl_20240409_055054368_1807872b-25cd-40aa-bb79-57cf5644923f.jpeg?generation=1757413825011733&alt=media
https://storage.googleapis.com/download/storage/v1/b/ved_prod__media/o/images%2Fpxl_20240409_055413934_7da430e8-9407-4b2c-87ae-b4e3536ecdbd.jpeg?generation=1757413827501554&alt=media
https://storage.googleapis.com/download/storage/v1/b/ved_prod__media/o/images%2Fpxl_20240409_054839444_f0ff793b-9fe3-4a54-ae90-73182813c6ac.jpeg?generation=1757413766297885&alt=media
https://storage.googleapis.com/download/storage/v1/b/ved_prod__media/o/images%2Fpxl_20240409_054722729_b8953ce8-03be-4c6d-a58c-150158c0e288.jpeg?generation=1757413749055572&alt=media
https://storage.googleapis.com/download/storage/v1/b/ved_prod__media/o/images%2Fpxl_20240409_054226926_a2130a7d-1af0-4a54-ac13-c41b9898055e.jpeg?generation=1757413739362100&alt=media
https://storage.googleapis.com/download/storage/v1/b/ved_prod__media/o/images%2Fpxl_20240409_054223539_f8b921d2-5b43-4709-8e83-ee17a7e4ef8f.jpeg?generation=1757413703159108&alt=media
https://storage.googleapis.com/download/storage/v1/b/ved_prod__media/o/images%2Fpxl_20240409_054219088_20bda7ee-008a-4d63-9ee5-16c420f9e430.jpeg?generation=1757413693560893&alt=media
https://storage.googleapis.com/download/storage/v1/b/ved_prod__media/o/images%2Fpxl_20240409_054216146_7ad44f9b-52a3-4372-9fa1-f855f82e0605.jpeg?generation=1757413677850064&alt=media
https://storage.googleapis.com/download/storage/v1/b/ved_prod__media/o/images%2Fpxl_20240409_054216146_pano_2f2baeb1-c0a6-49fe-87e9-04c97359c640.jpeg?generation=1757413661748411&alt=media
https://storage.googleapis.com/download/storage/v1/b/ved_prod__media/o/images%2Fpxl_20240409_053832081_5a867fb3-0ef5-4f75-85d5-c32ceb187e2f.jpeg?generation=1757412129057224&alt=media
https://storage.googleapis.com/download/storage/v1/b/ved_prod__media/o/images%2Fpxl_20240409_053829527_b4a135b7-e6c5-4996-898c-d19b55eb60ef.jpeg?generation=1757412116934455&alt=media
https://storage.googleapis.com/download/storage/v1/b/ved_prod__media/o/images%2Fpxl_20240409_052430000_33fa3d78-1a26-4f09-9c03-32c21360d76c.jpeg?generation=1757412105490410&alt=media
https://storage.googleapis.com/download/storage/v1/b/ved_prod__media/o/images%2Fpxl_20240409_052426734_b5348909-52cc-435e-884f-1384458a49b6.jpeg?generation=1757412084082571&alt=media","Madhya Pradesh","Sehore","Narmada","06-11-2025"
"Sisodra, Narmada District - Narmada River - 18th Feb 2024","No","18-02-2024 18:30:00","Serial Number,Latitude,Longitude
2,21.907764,73.346706
","Yes","Excavators, Trucks, Tractors, Boats","Sisodra","https://storage.googleapis.com/download/storage/v1/b/ved_prod__media/o/images%2F20240218_115322_d36c4d65-7c14-4587-9cf8-e5cf93647c9a.jpeg?generation=1757415805568445&alt=media
https://storage.googleapis.com/download/storage/v1/b/ved_prod__media/o/images%2F20240218_115328_01642f08-b19b-4ce1-8ea9-5b47f01e8598.jpeg?generation=1757415806500022&alt=media
https://storage.googleapis.com/download/storage/v1/b/ved_prod__media/o/images%2F20240218_115334_c7925716-a257-49df-9b97-93bd50f1fad3.jpeg?generation=1757415807603818&alt=media
https://storage.googleapis.com/download/storage/v1/b/ved_prod__media/o/images%2F20240218_115345_e56163c4-6efd-419c-9180-a257bb4afb61.jpeg?generation=1757415808585815&alt=media
https://storage.googleapis.com/download/storage/v1/b/ved_prod__media/o/images%2F20240218_115350_2cbfb49c-6dfe-4565-81a4-c17608f32d92.jpeg?generation=1757415809511128&alt=media","Gujarat","Narmada","Narmada","27-09-2025"
"Chhipaner, Harda District -  Narmada River - 2nd Jan 2024 ","No","02-01-2024 18:30:00","Serial Number,Latitude,Longitude
1,22.576946,77.167978
","Yes","Tractors","Small mining operation in chhipaner","https://storage.googleapis.com/download/storage/v1/b/ved_prod__media/o/images%2Fpxl_20240102_024604981_4902baf8-906b-49ec-8fb9-440003fce292.jpeg?generation=1757416300070936&alt=media
https://storage.googleapis.com/download/storage/v1/b/ved_prod__media/o/images%2Fpxl_20240102_024616392_181834b2-732d-44cf-83c9-9064400e2b8f.jpeg?generation=1757416301752382&alt=media","Madhya Pradesh","Harda","Narmada","27-09-2025"
"Khireti, Narsimhapur District - Narmada River - 18th Dec 2023","No","18-12-2023 18:30:00","Serial Number,Latitude,Longitude
4,23.015669,78.554122
","Yes","Industrial Excavator and Boats ","Some private company mining operation, in small area but at large scale.","https://storage.googleapis.com/download/storage/v1/b/ved_prod__media/o/images%2Fscr_20250909_mrwk_25f5f10d-53a5-48ae-95c0-cf27871f0978.jpeg?generation=1757417570247252&alt=media
https://storage.googleapis.com/download/storage/v1/b/ved_prod__media/o/images%2Fpxl_20231218_083237173_4ff28010-47a0-4e42-9993-ba3ecef662ba.jpeg?generation=1757417555277350&alt=media
https://storage.googleapis.com/download/storage/v1/b/ved_prod__media/o/images%2Fpxl_20231218_083239506_2be80d4f-a501-4464-a78c-4c2f8c9fa355.jpeg?generation=1757417557779900&alt=media","Madhya Pradesh","Narsimhapur","Narmada","27-09-2025"
"Sagda Jhapani, Jabalpur District - Narmada River - 11th Dec 2023","No","11-12-2023 18:30:00","Serial Number,Latitude,Longitude
1,23.006909,79.924278
","Yes","Tractors","small mining operation local mafias","https://storage.googleapis.com/download/storage/v1/b/ved_prod__media/o/images%2Fpxl_20231211_052751099_80b75eac-3bb1-4ffc-a18c-7d4dccad2033.jpeg?generation=1757418114384437&alt=media
https://storage.googleapis.com/download/storage/v1/b/ved_prod__media/o/images%2Fpxl_20231211_052752464_aedea6f9-9b1e-46a2-a824-8be2f8c5f256.jpeg?generation=1757418116674751&alt=media
https://storage.googleapis.com/download/storage/v1/b/ved_prod__media/o/images%2Fpxl_20231211_052842111_f2beb317-6400-4b64-8ca1-459870cdaab4.jpeg?generation=1757418118260950&alt=media
https://storage.googleapis.com/download/storage/v1/b/ved_prod__media/o/images%2Fpxl_20231211_052903380_17bd9cb6-62b3-482e-8c96-760b6c1a9ace.jpeg?generation=1757418119756728&alt=media","Madhya Pradesh","Jabalpur","Narmada","27-09-2025"
"Banda District, UP - Ken River - 8th June 2023","No","08-06-2023 18:30:00","Serial Number,Latitude,Longitude
1,25.4532467,80.3083007
","No","N/A","मल्हा,मांझी और मछुआरा समुदाय जो पहले नाव चलाने और मछली पकड़ने का काम करते थे। अब वे भी माइनिंग गतिविधियों का हिस्सा बन रहे हैं क्यों कि बहुत ज्यादा खनन से  नदी में पानी और मछलीयां दोनों  खत्म हो गए जिससे ये समुदाय बेरोजगार हो गए हैं।


Translation: Fishing and boating communities have now started participating in sand mining activities as the excessive sand mining activity in this region has resulted in massive reduction of water and fish in the river. This has led to unemployment for these communities, and hence a move towards activities such as sand mining.


This case report has been generated based on sightings of sand mining from the India Sand Watch and Veditum network. Have observations of sand mining in Indian rivers? Upload them directly to India Sand Watch or email the details to us at - 
sandwatch@veditum.org","https://storage.googleapis.com/download/storage/v1/b/ved_prod__media/o/images%2F1000379186_c16494d6_677b_4340_8017_eda16380160c_ab8735b8-a102-430c-9cfe-a7413b59b08d.jpeg?generation=1758952822190135&alt=media","Uttar Pradesh","Banda","Ken","27-09-2025"
"Sunhera Bridge, Panna District, MP - Ken River - 14th June 2024","No","14-06-2025 18:30:00","Serial Number,Latitude,Longitude
1,25.0073521,80.2360685
","Yes","JCB, Trucks ","पन्ना के अजयगढ़ में ब्रिज के बिलकुल नीचे दर्जनों जेसीबी द्वारा खनन


Translation: Sand mining with extractors happening just under the Beera Sunhera Bridge in Panna District


This case report has been generated based on sightings of sand mining from the India Sand Watch and Veditum network. Have observations of sand mining in Indian rivers? Upload your observations directly on India Sand Watch or send the details to us via email on 
sandwatch@veditum.org","https://storage.googleapis.com/download/storage/v1/b/ved_prod__media/o/images%2F1000320897_53cab922_64ce_412f_8f07_a54cacd9c8a9_f0401479-344b-46f4-9aba-7f253bacdc55.jpeg?generation=1758953020874069&alt=media
https://storage.googleapis.com/download/storage/v1/b/ved_prod__media/o/images%2F1000320895_afa36972_7649_4fb6_af05_c934f0d4a0c7_67abc487-c926-461d-bb79-a21142297dec.jpeg?generation=1758953014575344&alt=media","Madhya Pradesh","Panna","Ken","27-09-2025"
"Rupnarayan River - Paschim Medinipur, West Bengal - November 14, 2024","No","14-11-2024 18:30:00","Serial Number,Latitude,Longitude
1,22.6485900208354,87.7988750115036
","No","boats  manual scooping","2 boats


This mining observation report has been generated based on sightings of sand mining by our partner organisation Wildlife Conservation Trust during their field work. 


Have observations of sand mining in Indian rivers? Upload your observations directly on India Sand Watch or send the details to us via email on 

sandwatch@veditum.org","N/A","West Bengal","Paschim Medinipur","Rupnarayan","29-10-2025"
"Rupnarayan River - Paschim Medinipur, West Bengal - November 14, 2024","No","14-11-2024 18:30:00","Serial Number,Latitude,Longitude
1,22.6395890302956,87.8013630118221
","No","boats  manual scooping","1 boat


This mining observation report has been generated based on sightings of sand mining by our partner organisation Wildlife Conservation Trust during their field work. 


Have observations of sand mining in Indian rivers? Upload your observations directly on India Sand Watch or send the details to us via email on 
sandwatch@veditum.org","N/A","West Bengal","Paschim Medinipur","Rupnarayan","29-10-2025"
"Gandak River - Paschim Champaran, Bihar - November 25, 2024","No","25-11-2024 18:30:00","Serial Number,Latitude,Longitude
1,27.4106829799711,83.8614429719746
","No","boats  manual scooping","Stone and gravel collection


This mining observation report has been generated based on sightings of sand mining by our partner organisation Wildlife Conservation Trust during their field work. 


Have observations of sand mining in Indian rivers? Upload your observations directly on India Sand Watch or send the details to us via email on 

sandwatch@veditum.org
 ","N/A","Bihar","Pashchim Champaran","Gandak","29-10-2025"
"Gandak River - Paschim Champaran, Bihar - November 25, 2024","No","25-11-2024 18:30:00","Serial Number,Latitude,Longitude
1,27.43881,83.906
","No","manual without boats","Stone and gravel collection


This mining observation report has been generated based on sightings of sand mining by our partner organisation Wildlife Conservation Trust during their field work. 


Have observations of sand mining in Indian rivers? Upload your observations directly on India Sand Watch or send the details to us via email on 

sandwatch@veditum.org
 ","N/A","Bihar","Pashchim Champaran","Gandak","29-10-2025"
"Ganga River - Ballia, Uttar Pradesh - February 11, 2025","No","11-02-2025 18:30:00","Serial Number,Latitude,Longitude
1,25.596401,83.9942089999999
","Yes","2 cutter suction dredgers (CSD)","NA


This mining observation report has been generated based on sightings of sand mining by our partner organisation Wildlife Conservation Trust during their field work. 


Have observations of sand mining in Indian rivers? Upload your observations directly on India Sand Watch or send the details to us via email on 

sandwatch@veditum.org
 ","N/A","Uttar Pradesh","Ballia","Ganga","29-10-2025"
"Ganga River - Ballia, Uttar Pradesh - February 11, 2025","No","11-02-2025 18:30:00","Serial Number,Latitude,Longitude
1,25.6003019999999,84.0008499999999
","Yes","6 sand-mining boats with extractors","NA


This mining observation report has been generated based on sightings of sand mining by our partner organisation Wildlife Conservation Trust during their field work. 


Have observations of sand mining in Indian rivers? Upload your observations directly on India Sand Watch or send the details to us via email on 

sandwatch@veditum.org
 ","N/A","Uttar Pradesh","Ballia","Ganga","29-10-2025"
"Ganga River - Ballia, Uttar Pradesh - February 12, 2025","No","12-02-2025 18:30:00","Serial Number,Latitude,Longitude
1,25.72098,84.1843889999999
","Yes","1 sand-mining boats with extractors","NA


This mining observation report has been generated based on sightings of sand mining by our partner organisation Wildlife Conservation Trust during their field work. 


Have observations of sand mining in Indian rivers? Upload your observations directly on India Sand Watch or send the details to us via email on 

sandwatch@veditum.org
 ","N/A","Uttar Pradesh","Ballia","Ganga","29-10-2025"
"Ganga River - Saran, Bihar - February 12, 2025","No","12-02-2025 18:30:00","Serial Number,Latitude,Longitude
1,25.7388159999999,84.6705199999999
","Yes","1 cutter suction dredgers (CSD), 3 sand-mining boats with extractors","3 sand-mining boats


This mining observation report has been generated based on sightings of sand mining by our partner organisation Wildlife Conservation Trust during their field work. 


Have observations of sand mining in Indian rivers? Upload your observations directly on India Sand Watch or send the details to us via email on 

sandwatch@veditum.org","N/A","Bihar","Saran","Ganga","29-10-2025"
"Ganga River - Saran, Bihar - February 12, 2025","No","12-02-2025 18:30:00","Serial Number,Latitude,Longitude
1,25.7322479999999,84.697263
","Yes","8 sand-mining boats with extractors","NA


This mining observation report has been generated based on sightings of sand mining by our partner organisation Wildlife Conservation Trust during their field work. 


Have observations of sand mining in Indian rivers? Upload your observations directly on India Sand Watch or send the details to us via email on 

sandwatch@veditum.org
 ","N/A","Bihar","Saran","Ganga","29-10-2025"
"Ganga River - Saran, Bihar - February 12, 2025","No","12-02-2025 18:30:00","Serial Number,Latitude,Longitude
1,25.7239119999999,84.802277
","Yes","4 sand-mining boats with extractors","NA


This mining observation report has been generated based on sightings of sand mining by our partner organisation Wildlife Conservation Trust during their field work. 


Have observations of sand mining in Indian rivers? Upload your observations directly on India Sand Watch or send the details to us via email on 

sandwatch@veditum.org","N/A","Bihar","Saran","Ganga","29-10-2025"
"Ganga River - Saran, Bihar - February 12, 2025","No","12-02-2025 18:30:00","Serial Number,Latitude,Longitude
1,25.7256399999999,84.813207
","Yes","1 sand-mining boats with extractors bridge construction","bridge construction


This mining observation report has been generated based on sightings of sand mining by our partner organisation Wildlife Conservation Trust during their field work. 


Have observations of sand mining in Indian rivers? Upload your observations directly on India Sand Watch or send the details to us via email on 

sandwatch@veditum.org
 ","N/A","Bihar","Saran","Ganga","29-10-2025"
"Ganga River - Saran, Bihar - February 12, 2025","No","12-02-2025 18:30:00","Serial Number,Latitude,Longitude
1,25.726931,84.827539
","Yes","140 sand-mining boats with extractors","NA


This mining observation report has been generated based on sightings of sand mining by our partner organisation Wildlife Conservation Trust during their field work. 


Have observations of sand mining in Indian rivers? Upload your observations directly on India Sand Watch or send the details to us via email on 

sandwatch@veditum.org","N/A","Bihar","Saran","Ganga","29-10-2025"
"Ganga River - Saran, Bihar - February 13, 2025","No","13-02-2025 18:30:00","Serial Number,Latitude,Longitude
1,25.7281289999999,84.83243
","Yes","138 sand-mining boats with extractors","NA


This mining observation report has been generated based on sightings of sand mining by our partner organisation Wildlife Conservation Trust during their field work. 


Have observations of sand mining in Indian rivers? Upload your observations directly on India Sand Watch or send the details to us via email on 

sandwatch@veditum.org
 ","N/A","Bihar","Saran","Ganga","29-10-2025"
"Ganga River - Saran, Bihar - February 13, 2025","No","13-02-2025 18:30:00","Serial Number,Latitude,Longitude
1,25.725356,84.841262
","Yes","15 sand-mining boats with extractors","NA


This mining observation report has been generated based on sightings of sand mining by our partner organisation Wildlife Conservation Trust during their field work. 


Have observations of sand mining in Indian rivers? Upload your observations directly on India Sand Watch or send the details to us via email on 

sandwatch@veditum.org
 ","N/A","Bihar","Saran","Ganga","29-10-2025"
"Ganga River - Saran, Bihar - February 13, 2025","No","13-02-2025 18:30:00","Serial Number,Latitude,Longitude
1,25.72472,84.8434189999999
","Yes","6 sand-mining boats with extractors","NA


This mining observation report has been generated based on sightings of sand mining by our partner organisation Wildlife Conservation Trust during their field work. 


Have observations of sand mining in Indian rivers? Upload your observations directly on India Sand Watch or send the details to us via email on 

sandwatch@veditum.org
 ","N/A","Bihar","Saran","Ganga","29-10-2025"
"Ganga River - Saran, Bihar - February 13, 2025","No","13-02-2025 18:30:00","Serial Number,Latitude,Longitude
1,25.7241649999999,84.846096
","Yes","85 sand-mining boats with extractors","NA


This mining observation report has been generated based on sightings of sand mining by our partner organisation Wildlife Conservation Trust during their field work. 


Have observations of sand mining in Indian rivers? Upload your observations directly on India Sand Watch or send the details to us via email on 

sandwatch@veditum.org
 ","N/A","Bihar","Saran","Ganga","29-10-2025"
"Ganga River - Saran, Bihar - February 13, 2025","No","13-02-2025 18:30:00","Serial Number,Latitude,Longitude
1,25.723759,84.8490079999999
","Yes","15 sand-mining boats with extractors","NA


This mining observation report has been generated based on sightings of sand mining by our partner organisation Wildlife Conservation Trust during their field work. 


Have observations of sand mining in Indian rivers? Upload your observations directly on India Sand Watch or send the details to us via email on 

sandwatch@veditum.org
 ","N/A","Bihar","Saran","Ganga","29-10-2025"
"Ganga River - Saran, Bihar - February 13, 2025","No","13-02-2025 18:30:00","Serial Number,Latitude,Longitude
1,25.72237,84.854112
","Yes","7 sand-mining boats with extractors","NA


This mining observation report has been generated based on sightings of sand mining by our partner organisation Wildlife Conservation Trust during their field work. 


Have observations of sand mining in Indian rivers? Upload your observations directly on India Sand Watch or send the details to us via email on 

sandwatch@veditum.org
 ","N/A","Bihar","Saran","Ganga","29-10-2025"
"Ganga River - Saran, Bihar - February 13, 2025","No","13-02-2025 18:30:00","Serial Number,Latitude,Longitude
1,25.721508,84.856296
","Yes","13 sand-mining boats with extractors","NA


This mining observation report has been generated based on sightings of sand mining by our partner organisation Wildlife Conservation Trust during their field work. 


Have observations of sand mining in Indian rivers? Upload your observations directly on India Sand Watch or send the details to us via email on 

sandwatch@veditum.org
 ","N/A","Bihar","Saran","Ganga","29-10-2025"
"Ganga River - Saran, Bihar - February 13, 2025","No","13-02-2025 18:30:00","Serial Number,Latitude,Longitude
1,25.7197579999999,84.858699
","Yes","15 sand-mining boats with extractors","NA


This mining observation report has been generated based on sightings of sand mining by our partner organisation Wildlife Conservation Trust during their field work. 


Have observations of sand mining in Indian rivers? Upload your observations directly on India Sand Watch or send the details to us via email on 

sandwatch@veditum.org
 ","N/A","Bihar","Saran","Ganga","29-10-2025"
"Ganga River - Saran, Bihar - February 13, 2025","Yes","N/A","Serial Number,Latitude,Longitude
1,25.716186,84.862847
","Yes","5 sand-mining boats with extractors","NA","N/A","Bihar","Saran","Ganga","29-10-2025"
"Ganga River - Saran, Bihar - February 13, 2025","No","13-02-2025 18:30:00","Serial Number,Latitude,Longitude
1,25.71199,84.865165
","Yes","8 sand-mining boats with extractors","NA


This mining observation report has been generated based on sightings of sand mining by our partner organisation Wildlife Conservation Trust during their field work. 


Have observations of sand mining in Indian rivers? Upload your observations directly on India Sand Watch or send the details to us via email on  
sandwatch@veditum.org
  ","N/A","Bihar","Saran","Ganga","29-10-2025"
"Ganga River - Patna, Bihar - February 13, 2025","No","13-02-2025 18:30:00","Serial Number,Latitude,Longitude
1,25.709502,84.8661859999999
","Yes","20 sand-mining boats with extractors","NA


This mining observation report has been generated based on sightings of sand mining by our partner organisation Wildlife Conservation Trust during their field work. 


Have observations of sand mining in Indian rivers? Upload your observations directly on India Sand Watch or send the details to us via email on 

sandwatch@veditum.org
 ","N/A","Bihar","Patna","Ganga","29-10-2025"
"Ganga River - Patna, Bihar - February 13, 2025","Yes","N/A","Serial Number,Latitude,Longitude
1,25.700741,84.8704989999999
","Yes","3 sand-mining boats with extractors","NA","N/A","Bihar","Patna","Ganga","29-10-2025"
"Ganga River - Patna, Bihar - February 13, 2025","No","13-02-2025 18:30:00","Serial Number,Latitude,Longitude
1,25.698328,84.873416
","Yes","17 sand-mining boats with extractors","NA


This mining observation report has been generated based on sightings of sand mining by our partner organisation Wildlife Conservation Trust during their field work. 


Have observations of sand mining in Indian rivers? Upload your observations directly on India Sand Watch or send the details to us via email on 

sandwatch@veditum.org
 ","N/A","Bihar","Patna","Ganga","29-10-2025"
"Ganga River - Patna, Bihar - February 13, 2025","Yes","13-02-2025 18:30:00","Serial Number,Latitude,Longitude
1,25.694606,84.875562
","Yes","7 sand-mining boats with extractors","NA


This mining observation report has been generated based on sightings of sand mining by our partner organisation Wildlife Conservation Trust during their field work. 


Have observations of sand mining in Indian rivers? Upload your observations directly on India Sand Watch or send the details to us via email on  
sandwatch@veditum.org
  ","N/A","Bihar","Patna","Ganga","29-10-2025"
"Ganga River - Patna, Bihar - February 13, 2025","No","13-02-2025 18:30:00","Serial Number,Latitude,Longitude
1,25.6723579999999,84.896293
","Yes","1 sand-mining boats with extractors","NA


This mining observation report has been generated based on sightings of sand mining by our partner organisation Wildlife Conservation Trust during their field work. 


Have observations of sand mining in Indian rivers? Upload your observations directly on India Sand Watch or send the details to us via email on 

sandwatch@veditum.org
 ","N/A","Bihar","Patna","Ganga","29-10-2025"
"Ganga River - Patna, Bihar - February 13, 2025","No","13-02-2025 18:30:00","Serial Number,Latitude,Longitude
1,25.662593,84.917929
","Yes","3 sand-mining boats with extractors","NA


This mining observation report has been generated based on sightings of sand mining by our partner organisation Wildlife Conservation Trust during their field work. 


Have observations of sand mining in Indian rivers? Upload your observations directly on India Sand Watch or send the details to us via email on 

sandwatch@veditum.org","N/A","Bihar","Patna","Ganga","29-10-2025"
"Ganga River - Patna, Bihar - February 13, 2025","No","13-02-2025 18:30:00","Serial Number,Latitude,Longitude
1,25.6596119999999,84.9363599999999
","Yes","2 sand-mining boats with extractors","NA


This mining observation report has been generated based on sightings of sand mining by our partner organisation Wildlife Conservation Trust during their field work. 


Have observations of sand mining in Indian rivers? Upload your observations directly on India Sand Watch or send the details to us via email on 

sandwatch@veditum.org
 ","N/A","Bihar","Patna","Ganga","29-10-2025"
"Ganga River - Patna, Bihar - February 13, 2025","No","13-02-2025 18:30:00","Serial Number,Latitude,Longitude
1,25.660128,84.9405749999999
","Yes","4 sand-mining boats with extractors","NA


This mining observation report has been generated based on sightings of sand mining by our partner organisation Wildlife Conservation Trust during their field work. 


Have observations of sand mining in Indian rivers? Upload your observations directly on India Sand Watch or send the details to us via email on 

sandwatch@veditum.org","N/A","Bihar","Patna","Ganga","29-10-2025"
"Ganga River - Patna, Bihar - February 13, 2025","No","13-02-2025 18:30:00","Serial Number,Latitude,Longitude
1,25.6622869999999,84.957175
","Yes","1 sand-mining boats with extractors","NA


This mining observation report has been generated based on sightings of sand mining by our partner organisation Wildlife Conservation Trust during their field work. 


Have observations of sand mining in Indian rivers? Upload your observations directly on India Sand Watch or send the details to us via email on 

sandwatch@veditum.org
 ","N/A","Bihar","Patna","Ganga","29-10-2025"
"Ganga River - Patna, Bihar - February 13, 2025","No","13-02-2025 18:30:00","Serial Number,Latitude,Longitude
1,25.6633339999999,84.960875
","Yes","7 sand-mining boats with extractors","NA


This mining observation report has been generated based on sightings of sand mining by our partner organisation Wildlife Conservation Trust during their field work. 


Have observations of sand mining in Indian rivers? Upload your observations directly on India Sand Watch or send the details to us via email on 

sandwatch@veditum.org","N/A","Bihar","Patna","Ganga","29-10-2025"
"Ganga River - Patna, Bihar - February 13, 2025","No","13-02-2025 18:30:00","Serial Number,Latitude,Longitude
1,25.6655459999999,84.9683009999999
","Yes","4 sand-mining boats with extractors","NA


This mining observation report has been generated based on sightings of sand mining by our partner organisation Wildlife Conservation Trust during their field work. 


Have observations of sand mining in Indian rivers? Upload your observations directly on India Sand Watch or send the details to us via email on 

sandwatch@veditum.org
 ","N/A","Bihar","Patna","Ganga","29-10-2025"
"Ganga River - Patna, Bihar - February 13, 2025","No","13-02-2025 18:30:00","Serial Number,Latitude,Longitude
1,25.6657809999999,84.972339
","Yes","5 sand-mining boats with extractors","NA


This mining observation report has been generated based on sightings of sand mining by our partner organisation Wildlife Conservation Trust during their field work. 


Have observations of sand mining in Indian rivers? Upload your observations directly on India Sand Watch or send the details to us via email on 

sandwatch@veditum.org","N/A","Bihar","Patna","Ganga","29-10-2025"
"Ganga River - Patna, Bihar - February 13, 2025","No","13-02-2025 18:30:00","Serial Number,Latitude,Longitude
1,25.673344,85.0202749999999
","Yes","4 sand-mining boats with extractors","NA


This mining observation report has been generated based on sightings of sand mining by our partner organisation Wildlife Conservation Trust during their field work. 


Have observations of sand mining in Indian rivers? Upload your observations directly on India Sand Watch or send the details to us via email on 

sandwatch@veditum.org
 ","N/A","Bihar","Patna","Ganga","29-10-2025"
"Ganga River - Patna, Bihar - February 13, 2025","No","13-02-2025 18:30:00","Serial Number,Latitude,Longitude
1,25.6730039999999,85.0323929999999
","Yes","2 sand-mining boats with extractors, 1 cutter suction dredgers (CSD)","1 dredger


This mining observation report has been generated based on sightings of sand mining by our partner organisation Wildlife Conservation Trust during their field work. 


Have observations of sand mining in Indian rivers? Upload your observations directly on India Sand Watch or send the details to us via email on 

sandwatch@veditum.org","N/A","Bihar","Patna","Ganga","29-10-2025"
"Ganga River - Patna, Bihar - February 13, 2025","No","13-02-2025 18:30:00","Serial Number,Latitude,Longitude
1,25.666913,85.041133
","Yes","7 sand-mining boats with extractors","NA


This mining observation report has been generated based on sightings of sand mining by our partner organisation Wildlife Conservation Trust during their field work. 


Have observations of sand mining in Indian rivers? Upload your observations directly on India Sand Watch or send the details to us via email on 

sandwatch@veditum.org
 ","N/A","Bihar","Patna","Ganga","29-10-2025"
"Ganga River - Patna, Bihar - February 13, 2025","No","13-02-2025 18:30:00","Serial Number,Latitude,Longitude
1,25.666174,85.0420569999999
","Yes","1 sand-mining boats with extractors","NA


This mining observation report has been generated based on sightings of sand mining by our partner organisation Wildlife Conservation Trust during their field work. 


Have observations of sand mining in Indian rivers? Upload your observations directly on India Sand Watch or send the details to us via email on 

sandwatch@veditum.org","N/A","Bihar","Patna","Ganga","29-10-2025"
"Ganga River - Patna, Bihar - February 13, 2025","No","13-02-2025 18:30:00","Serial Number,Latitude,Longitude
1,25.6643979999999,85.0441749999999
","Yes","9 sand-mining boats with extractors","NA


This mining observation report has been generated based on sightings of sand mining by our partner organisation Wildlife Conservation Trust during their field work. 


Have observations of sand mining in Indian rivers? Upload your observations directly on India Sand Watch or send the details to us via email on 

sandwatch@veditum.org
 ","N/A","Bihar","Patna","Ganga","29-10-2025"
"Ganga River - Patna, Bihar - February 13, 2025","No","13-02-2025 18:30:00","Serial Number,Latitude,Longitude
1,25.658709,85.0502019999999
","Yes","45 sand-mining boats with extractors","NA


This mining observation report has been generated based on sightings of sand mining by our partner organisation Wildlife Conservation Trust during their field work. 


Have observations of sand mining in Indian rivers? Upload your observations directly on India Sand Watch or send the details to us via email on 

sandwatch@veditum.org","N/A","Bihar","Patna","Ganga","29-10-2025"
"Ganga River - Patna, Bihar - February 13, 2025","No","13-02-2025 18:30:00","Serial Number,Latitude,Longitude
1,25.6558939999999,85.0559109999999
","Yes","8 sand-mining boats with extractors","NA


This mining observation report has been generated based on sightings of sand mining by our partner organisation Wildlife Conservation Trust during their field work. 


Have observations of sand mining in Indian rivers? Upload your observations directly on India Sand Watch or send the details to us via email on 

sandwatch@veditum.org
 ","N/A","Bihar","Patna","Ganga","29-10-2025"
"Ganga River - Patna, Bihar - February 13, 2025","No","13-02-2025 18:30:00","Serial Number,Latitude,Longitude
1,25.6539999999999,85.0625189999999
","Yes","8 sand-mining boats with extractors","NA


This mining observation report has been generated based on sightings of sand mining by our partner organisation Wildlife Conservation Trust during their field work. 


Have observations of sand mining in Indian rivers? Upload your observations directly on India Sand Watch or send the details to us via email on 

sandwatch@veditum.org","N/A","Bihar","Patna","Ganga","29-10-2025"
"Ganga River - Patna, Bihar - February 13, 2025","No","13-02-2025 18:30:00","Serial Number,Latitude,Longitude
1,25.653776,85.080955
","Yes","14 sand-mining boats with extractors","NA


This mining observation report has been generated based on sightings of sand mining by our partner organisation Wildlife Conservation Trust during their field work. 


Have observations of sand mining in Indian rivers? Upload your observations directly on India Sand Watch or send the details to us via email on 

sandwatch@veditum.org
 ","N/A","Bihar","Patna","Ganga","29-10-2025"
"Ganga River - Patna, Bihar - February 13, 2025","Yes","N/A","Serial Number,Latitude,Longitude
1,25.6538129999999,85.0810939999999
","Yes","1 sand-mining boats with extractors","NA","N/A","Bihar","Patna","Ganga","29-10-2025"
"Ganga River - Patna, Bihar - February 13, 2025","No","13-02-2025 18:30:00","Serial Number,Latitude,Longitude
1,25.653835,85.081181
","Yes","1 sand-mining boats with extractors","NA


This mining observation report has been generated based on sightings of sand mining by our partner organisation Wildlife Conservation Trust during their field work. 


Have observations of sand mining in Indian rivers? Upload your observations directly on India Sand Watch or send the details to us via email on 

sandwatch@veditum.org","N/A","Bihar","Patna","Ganga","29-10-2025"
"Ganga River - Patna, Bihar - February 13, 2025","No","13-02-2025 18:30:00","Serial Number,Latitude,Longitude
1,25.658809,85.1071029999999
","Yes","2 sand-mining boats with extractors, 1 cutter suction dredgers (CSD)","1 dredger


This mining observation report has been generated based on sightings of sand mining by our partner organisation Wildlife Conservation Trust during their field work. 


Have observations of sand mining in Indian rivers? Upload your observations directly on India Sand Watch or send the details to us via email on 

sandwatch@veditum.org
 ","N/A","Bihar","Patna","Ganga","29-10-2025"
"Ganga River - Patna, Bihar - February 13, 2025","No","13-02-2025 18:30:00","Serial Number,Latitude,Longitude
1,25.6245249999999,85.171293
","Yes","1 sand-mining boats with extractors","NA


This mining observation report has been generated based on sightings of sand mining by our partner organisation Wildlife Conservation Trust during their field work. 


Have observations of sand mining in Indian rivers? Upload your observations directly on India Sand Watch or send the details to us via email on 

sandwatch@veditum.org","N/A","Bihar","Patna","Ganga","29-10-2025"
"Ganga River - Patna, Bihar - February 13, 2025","No","13-02-2025 18:30:00","Serial Number,Latitude,Longitude
1,25.6159339999999,85.2040719999999
","Yes","3 sand-mining boats with extractors","NA


This mining observation report has been generated based on sightings of sand mining by our partner organisation Wildlife Conservation Trust during their field work. 


Have observations of sand mining in Indian rivers? Upload your observations directly on India Sand Watch or send the details to us via email on 

sandwatch@veditum.org","N/A","Bihar","Patna","Ganga","29-10-2025"
"Ganga River - Patna, Bihar - February 14, 2025","Yes","N/A","Serial Number,Latitude,Longitude
1,25.6104629999999,85.215151
","Yes","1 sand-mining boats with extractors","NA","N/A","Bihar","Patna","Ganga","29-10-2025"
"Ganga River - Patna, Bihar - February 14, 2025","No","14-02-2025 18:30:00","Serial Number,Latitude,Longitude
1,25.550184,85.2816179999999
","Yes","2 sand-mining boats with extractors","NA


This mining observation report has been generated based on sightings of sand mining by our partner organisation Wildlife Conservation Trust during their field work. 


Have observations of sand mining in Indian rivers? Upload your observations directly on India Sand Watch or send the details to us via email on 

sandwatch@veditum.org","N/A","Bihar","Patna","Ganga","29-10-2025"
"Ganga River - Patna, Bihar - February 14, 2025","Yes","N/A","Serial Number,Latitude,Longitude
1,25.5094899999999,85.3264
","Yes","3 sand-mining boats with extractors","NA","N/A","Bihar","Patna","Ganga","29-10-2025"
"Ganga River - Patna, Bihar - February 14, 2025","No","14-02-2025 18:30:00","Serial Number,Latitude,Longitude
1,25.5089959999999,85.3287519999999
","Yes","1 cutter suction dredger (CSD)","NA


This mining observation report has been generated based on sightings of sand mining by our partner organisation Wildlife Conservation Trust during their field work. 


Have observations of sand mining in Indian rivers? Upload your observations directly on India Sand Watch or send the details to us via email on 

sandwatch@veditum.org
 ","N/A","Bihar","Patna","Ganga","29-10-2025"
"Gandak River - Paschim Champaran, Bihar - November 25, 2024","No","25-11-2024 18:30:00","Serial Number,Latitude,Longitude
1,27.4346869904547,83.8886929582804
","No","boats  manual scooping","Stone and gravel collection, 2 boats


This mining observation report has been generated based on sightings of sand mining by our partner organisation Wildlife Conservation Trust during their field work. 


Have observations of sand mining in Indian rivers? Upload your observations directly on India Sand Watch or send the details to us via email on 

sandwatch@veditum.org","N/A","Bihar","Pashchim Champaran","Gandak","29-10-2025"
"Gandak River - Saran, Bihar - December 2, 2024","No","02-12-2024 18:30:00","Serial Number,Latitude,Longitude
1,26.1458500195294,84.8977860063314
","No","boats  sand skimming","sand skimming


This mining observation report has been generated based on sightings of sand mining by our partner organisation Wildlife Conservation Trust during their field work. 


Have observations of sand mining in Indian rivers? Upload your observations directly on India Sand Watch or send the details to us via email on 

sandwatch@veditum.org","N/A","Bihar","Saran","Gandak","29-10-2025"
"Ganga River - Ghazipur, Uttar Pradesh - February 11, 2025","No","11-02-2025 18:30:00","Serial Number,Latitude,Longitude
1,25.519921,83.8759529999999
","Yes","2 sand-mining boats with extractors, 1 tractor","tractor 1


This mining observation report has been generated based on sightings of sand mining by our partner organisation Wildlife Conservation Trust during their field work. 


Have observations of sand mining in Indian rivers? Upload your observations directly on India Sand Watch or send the details to us via email on 

sandwatch@veditum.org","N/A","Uttar Pradesh","Ghazipur","Ganga","29-10-2025"
"Ganga River - Ballia, Uttar Pradesh - February 12, 2025","No","12-02-2025 18:30:00","Serial Number,Latitude,Longitude
1,25.6965509999999,84.4285959999999
","Yes","2 sand-mining boats with extractors","NA


This mining observation report has been generated based on sightings of sand mining by our partner organisation Wildlife Conservation Trust during their field work. 


Have observations of sand mining in Indian rivers? Upload your observations directly on India Sand Watch or send the details to us via email on 

sandwatch@veditum.org","N/A","Uttar Pradesh","Ballia","Ganga","29-10-2025"
"Ganga River - Ballia, Uttar Pradesh - February 12, 2025","No","12-02-2025 18:30:00","Serial Number,Latitude,Longitude
1,25.69807,84.486742
","Yes","25 sand-mining boats with extractors","bridge construction


This mining observation report has been generated based on sightings of sand mining by our partner organisation Wildlife Conservation Trust during their field work. 


Have observations of sand mining in Indian rivers? Upload your observations directly on India Sand Watch or send the details to us via email on 

sandwatch@veditum.org","N/A","Uttar Pradesh","Ballia","Ganga","29-10-2025"
"Ganga River - Bhojpur, Bihar - February 12, 2025","No","12-02-2025 18:30:00","Serial Number,Latitude,Longitude
1,25.660128,84.5218399999999
","Yes","1 cutter suction dredgers (CSD), 1 truck","1 truck + dredging


This mining observation report has been generated based on sightings of sand mining by our partner organisation Wildlife Conservation Trust during their field work. 


Have observations of sand mining in Indian rivers? Upload your observations directly on India Sand Watch or send the details to us via email on 
sandwatch@veditum.org","N/A","Bihar","Bhojpur","Ganga","29-10-2025"
"Ganga River - Bhojpur, Bihar - February 12, 2025","No","12-02-2025 18:30:00","Serial Number,Latitude,Longitude
1,25.6907969,84.586505
","Yes","2 sand-mining boats with extractors, 1 cutter suction dredgers (CSD)","1 dredger


This mining observation report has been generated based on sightings of sand mining by our partner organisation Wildlife Conservation Trust during their field work. 


Have observations of sand mining in Indian rivers? Upload your observations directly on India Sand Watch or send the details to us via email on 

sandwatch@veditum.org","N/A","Bihar","Bhojpur","Ganga","29-10-2025"
"Ganga River - Saran, Bihar - February 12, 2025","No","12-02-2025 18:30:00","Serial Number,Latitude,Longitude
1,25.7401909999999,84.7274879999999
","No","1 raft for sand collection (manual scooping)","NA


This mining observation report has been generated based on sightings of sand mining by our partner organisation Wildlife Conservation Trust during their field work. 


Have observations of sand mining in Indian rivers? Upload your observations directly on India Sand Watch or send the details to us via email on 

sandwatch@veditum.org","N/A","Bihar","Saran","Ganga","29-10-2025"
"Ganga River - Saran, Bihar - February 12, 2025","No","12-02-2025 18:30:00","Serial Number,Latitude,Longitude
1,25.7218389999999,84.792866
","Yes","40 sand-mining boats with extractors","NA


This mining observation report has been generated based on sightings of sand mining by our partner organisation Wildlife Conservation Trust during their field work. 


Have observations of sand mining in Indian rivers? Upload your observations directly on India Sand Watch or send the details to us via email on 

sandwatch@veditum.org
 ","N/A","Bihar","Saran","Ganga","29-10-2025"
"Ganga River - Saran, Bihar - February 12, 2025","No","12-02-2025 18:30:00","Serial Number,Latitude,Longitude
1,25.725694,84.813702
","Yes","13 sand-mining boats with extractors","NA


This mining observation report has been generated based on sightings of sand mining by our partner organisation Wildlife Conservation Trust during their field work. 


Have observations of sand mining in Indian rivers? Upload your observations directly on India Sand Watch or send the details to us via email on 

sandwatch@veditum.org","N/A","Bihar","Saran","Ganga","29-10-2025"
"Ganga River - Saran, Bihar - February 13, 2025","No","13-02-2025 18:30:00","Serial Number,Latitude,Longitude
1,25.726393,84.8381219999999
","Yes","250 sand-mining boats with extractors","NA


This mining observation report has been generated based on sightings of sand mining by our partner organisation Wildlife Conservation Trust during their field work. 


Have observations of sand mining in Indian rivers? Upload your observations directly on India Sand Watch or send the details to us via email on 

sandwatch@veditum.org
 ","N/A","Bihar","Saran","Ganga","29-10-2025"
"Ganga River - Patna, Bihar - February 13, 2025","Yes","N/A","Serial Number,Latitude,Longitude
1,25.707927,84.8664839999999
","Yes","4 sand-mining boats with extractors","NA","N/A","Bihar","Patna","Ganga","29-10-2025"
"Ganga River - Patna, Bihar - February 13, 2025","Yes","N/A","Serial Number,Latitude,Longitude
1,25.7029589999999,84.8682859999999
","Yes","12 sand-mining boats with extractors","NA","N/A","Bihar","Patna","Ganga","29-10-2025"
"Ganga River - Patna, Bihar - February 13, 2025","Yes","13-02-2025 18:30:00","Serial Number,Latitude,Longitude
1,25.691447,84.876033
","Yes","25 sand-mining boats with extractors","NA","N/A","Bihar","Patna","Ganga","29-10-2025"
"Ganga River - Patna, Bihar - February 13, 2025","No","13-02-2025 18:30:00","Serial Number,Latitude,Longitude
1,25.685997,84.879704
","Yes","61 sand-mining boats with extractors","NA


This mining observation report has been generated based on sightings of sand mining by our partner organisation Wildlife Conservation Trust during their field work. 


Have observations of sand mining in Indian rivers? Upload your observations directly on India Sand Watch or send the details to us via email on 

sandwatch@veditum.org","N/A","Bihar","Patna","Ganga","29-10-2025"
"Ganga River - Patna, Bihar - February 13, 2025","Yes","13-02-2025 18:30:00","Serial Number,Latitude,Longitude
1,25.68457,84.8808789999999
","Yes","4 sand-mining boats with extractors","NA","N/A","Bihar","Patna","Ganga","29-10-2025"
"Ganga River - Patna, Bihar - February 13, 2025","No","13-02-2025 18:30:00","Serial Number,Latitude,Longitude
1,25.679818,84.886015
","Yes","1 sand-mining boats with extractors","NA


This mining observation report has been generated based on sightings of sand mining by our partner organisation Wildlife Conservation Trust during their field work. 


Have observations of sand mining in Indian rivers? Upload your observations directly on India Sand Watch or send the details to us via email on 

sandwatch@veditum.org","N/A","Bihar","Patna","Ganga","29-10-2025"
"Ganga River - Patna, Bihar - February 13, 2025","Yes","N/A","Serial Number,Latitude,Longitude
1,25.6762569999999,84.89069
","Yes","10 sand-mining boats with extractors","NA","N/A","Bihar","Patna","Ganga","29-10-2025"
"Ganga River - Patna, Bihar - February 13, 2025","Yes","N/A","Serial Number,Latitude,Longitude
1,25.674775,84.8926249999999
","Yes","12 sand-mining boats with extractors","NA","N/A","Bihar","Patna","Ganga","29-10-2025"
"Ganga River - Patna, Bihar - February 13, 2025","No","13-02-2025 18:30:00","Serial Number,Latitude,Longitude
1,25.667653,84.905629
","Yes","1 sand-mining boats with extractors","NA


This mining observation report has been generated based on sightings of sand mining by our partner organisation Wildlife Conservation Trust during their field work. 


Have observations of sand mining in Indian rivers? Upload your observations directly on India Sand Watch or send the details to us via email on 

sandwatch@veditum.org","N/A","Bihar","Patna","Ganga","29-10-2025"
"Ganga River - Patna, Bihar - February 13, 2025","No","13-02-2025 18:30:00","Serial Number,Latitude,Longitude
1,25.665634,84.909665
","Yes","2 sand-mining boats with extractors","NA


This mining observation report has been generated based on sightings of sand mining by our partner organisation Wildlife Conservation Trust during their field work. 


Have observations of sand mining in Indian rivers? Upload your observations directly on India Sand Watch or send the details to us via email on 

sandwatch@veditum.org","N/A","Bihar","Patna","Ganga","29-10-2025"
"Ganga River - Patna, Bihar - February 13, 2025","No","13-02-2025 18:30:00","Serial Number,Latitude,Longitude
1,25.6606689999999,84.9270439999999
","Yes","1 sand-mining boats with extractors","NA


This mining observation report has been generated based on sightings of sand mining by our partner organisation Wildlife Conservation Trust during their field work. 


Have observations of sand mining in Indian rivers? Upload your observations directly on India Sand Watch or send the details to us via email on 

sandwatch@veditum.org","N/A","Bihar","Patna","Ganga","29-10-2025"
"Ganga River - Patna, Bihar - February 13, 2025","No","13-02-2025 18:30:00","Serial Number,Latitude,Longitude
1,25.6602239999999,84.932079
","Yes","8 sand-mining boats with extractors","NA


This mining observation report has been generated based on sightings of sand mining by our partner organisation Wildlife Conservation Trust during their field work. 


Have observations of sand mining in Indian rivers? Upload your observations directly on India Sand Watch or send the details to us via email on 

sandwatch@veditum.org","N/A","Bihar","Patna","Ganga","29-10-2025"
"Ganga River - Patna, Bihar - February 13, 2025","No","13-02-2025 18:30:00","Serial Number,Latitude,Longitude
1,25.6603029999999,84.9443579999999
","Yes","2 sand-mining boats with extractors","NA


This mining observation report has been generated based on sightings of sand mining by our partner organisation Wildlife Conservation Trust during their field work. 


Have observations of sand mining in Indian rivers? Upload your observations directly on India Sand Watch or send the details to us via email on 

sandwatch@veditum.org","N/A","Bihar","Patna","Ganga","29-10-2025"
"Ganga River - Patna, Bihar - February 13, 2025","No","13-02-2025 18:30:00","Serial Number,Latitude,Longitude
1,25.6603619999999,84.9496599999999
","Yes","2 sand-mining boats with extractors","NA


This mining observation report has been generated based on sightings of sand mining by our partner organisation Wildlife Conservation Trust during their field work. 


Have observations of sand mining in Indian rivers? Upload your observations directly on India Sand Watch or send the details to us via email on 

sandwatch@veditum.org","N/A","Bihar","Patna","Ganga","29-10-2025"
"Ganga River - Patna, Bihar - February 13, 2025","No","13-02-2025 18:30:00","Serial Number,Latitude,Longitude
1,25.661992,84.9558099999999
","Yes","1 sand-mining boats with extractors","NA


This mining observation report has been generated based on sightings of sand mining by our partner organisation Wildlife Conservation Trust during their field work. 


Have observations of sand mining in Indian rivers? Upload your observations directly on India Sand Watch or send the details to us via email on 

sandwatch@veditum.org","N/A","Bihar","Patna","Ganga","29-10-2025"
"Ganga River - Patna, Bihar - February 13, 2025","No","13-02-2025 18:30:00","Serial Number,Latitude,Longitude
1,25.6651699999999,84.9668879999999
","Yes","11 sand-mining boats with extractors","NA


This mining observation report has been generated based on sightings of sand mining by our partner organisation Wildlife Conservation Trust during their field work. 


Have observations of sand mining in Indian rivers? Upload your observations directly on India Sand Watch or send the details to us via email on 

sandwatch@veditum.org","N/A","Bihar","Patna","Ganga","29-10-2025"
"Ganga River - Patna, Bihar - February 13, 2025","No","13-02-2025 18:30:00","Serial Number,Latitude,Longitude
1,25.666294,84.976207
","Yes","6 sand-mining boats with extractors","NA


This mining observation report has been generated based on sightings of sand mining by our partner organisation Wildlife Conservation Trust during their field work. 


Have observations of sand mining in Indian rivers? Upload your observations directly on India Sand Watch or send the details to us via email on 

sandwatch@veditum.org","N/A","Bihar","Patna","Ganga","29-10-2025"
"Ganga River - Patna, Bihar - February 13, 2025","Yes","N/A","Serial Number,Latitude,Longitude
1,25.667539,84.9913269999999
","Yes","9 sand-mining boats with extractors","NA","N/A","Bihar","Patna","Ganga","29-10-2025"
"Ganga River - Patna, Bihar - February 13, 2025","No","13-02-2025 18:30:00","Serial Number,Latitude,Longitude
1,25.6706959999999,85.035988
","Yes","3 sand-mining boats with extractors","NA


This mining observation report has been generated based on sightings of sand mining by our partner organisation Wildlife Conservation Trust during their field work. 


Have observations of sand mining in Indian rivers? Upload your observations directly on India Sand Watch or send the details to us via email on 

sandwatch@veditum.org","N/A","Bihar","Patna","Ganga","29-10-2025"
"Ganga River - Patna, Bihar - February 13, 2025","Yes","N/A","Serial Number,Latitude,Longitude
1,25.6614499999999,85.047824
","Yes","13 sand-mining boats with extractors","NA","N/A","Bihar","Patna","Ganga","29-10-2025"
"Ganga River - Patna, Bihar - February 13, 2025","Yes","N/A","Serial Number,Latitude,Longitude
1,25.65539,85.0575299999999
","Yes","32 sand-mining boats with extractors","NA","N/A","Bihar","Patna","Ganga","29-10-2025"
"Ganga River - Patna, Bihar - February 13, 2025","Yes","N/A","Serial Number,Latitude,Longitude
1,25.652483,85.0677799999999
","Yes","3 sand-mining boats with extractors","NA","N/A","Bihar","Patna","Ganga","29-10-2025"
"Ganga River - Patna, Bihar - February 13, 2025","Yes","N/A","Serial Number,Latitude,Longitude
1,25.6546799999999,85.084083
","Yes","1 sand-mining boats with extractors","NA","N/A","Bihar","Patna","Ganga","29-10-2025"
"Ganga River - Patna, Bihar - February 13, 2025","Yes","N/A","Serial Number,Latitude,Longitude
1,25.655718,85.0873169999999
","Yes","7 sand-mining boats with extractors","NA","N/A","Bihar","Patna","Ganga","29-10-2025"
"Ganga River - Patna, Bihar - February 13, 2025","Yes","N/A","Serial Number,Latitude,Longitude
1,25.6557679999999,85.087602
","Yes","1 sand-mining boats with extractors","NA","N/A","Bihar","Patna","Ganga","29-10-2025"
"Ganga River - Patna, Bihar - February 13, 2025","No","13-02-2025 18:30:00","Serial Number,Latitude,Longitude
1,25.656583,85.0913099999999
","Yes","8 sand-mining boats with extractors, 1 cutter suction dredgers (CSD)","1 dredger


This mining observation report has been generated based on sightings of sand mining by our partner organisation Wildlife Conservation Trust during their field work. 


Have observations of sand mining in Indian rivers? Upload your observations directly on India Sand Watch or send the details to us via email on 

sandwatch@veditum.org","N/A","Bihar","Patna","Ganga","29-10-2025"
"Ganga River - Saran, Bihar - February 13, 2025","Yes","N/A","Serial Number,Latitude,Longitude
1,25.637042,85.1507799999999
","Yes","3 sand-mining boats with extractors","NA","N/A","Bihar","Saran","Ganga","29-10-2025"
"Ganga River - Patna, Bihar - February 13, 2025","Yes","N/A","Serial Number,Latitude,Longitude
1,25.618026,85.199538
","Yes","3 sand-mining boats with extractors, 1 cutter suction dredgers (CSD)","1 dredger","N/A","Bihar","Patna","Ganga","29-10-2025"
"Ganga River - Patna, Bihar - February 14, 2025","No","14-02-2025 18:30:00","Serial Number,Latitude,Longitude
1,25.6148549999999,85.205431
","Yes","5 sand-mining boats with extractors","NA


This mining observation report has been generated based on sightings of sand mining by our partner organisation Wildlife Conservation Trust during their field work. 


Have observations of sand mining in Indian rivers? Upload your observations directly on India Sand Watch or send the details to us via email on 

sandwatch@veditum.org","N/A","Bihar","Patna","Ganga","29-10-2025"
"Ganga River - Patna, Bihar - February 14, 2025","Yes","N/A","Serial Number,Latitude,Longitude
1,25.6132939999999,85.21056
","Yes","2 sand-mining boats with extractors","NA","N/A","Bihar","Patna","Ganga","29-10-2025"
"Ganga River - Patna, Bihar - February 14, 2025","No","14-02-2025 18:30:00","Serial Number,Latitude,Longitude
1,25.599205,85.239029
","Yes","1 sand-mining boats with extractors","NA


This mining observation report has been generated based on sightings of sand mining by our partner organisation Wildlife Conservation Trust during their field work. 


Have observations of sand mining in Indian rivers? Upload your observations directly on India Sand Watch or send the details to us via email on 

sandwatch@veditum.org","N/A","Bihar","Patna","Ganga","29-10-2025"
"Ganga River - Patna, Bihar - February 14, 2025","No","14-02-2025 18:30:00","Serial Number,Latitude,Longitude
1,25.595641,85.244999
","Yes","1 sand-mining boats with extractors","NA


This mining observation report has been generated based on sightings of sand mining by our partner organisation Wildlife Conservation Trust during their field work. 


Have observations of sand mining in Indian rivers? Upload your observations directly on India Sand Watch or send the details to us via email on 

sandwatch@veditum.org","N/A","Bihar","Patna","Ganga","29-10-2025"
"Ganga River - Patna, Bihar - February 14, 2025","Yes","14-02-2025 18:30:00","Serial Number,Latitude,Longitude
1,25.5879289999999,85.256596
","Yes","3 sand-mining boats with extractors","NA


This mining observation report has been generated based on sightings of sand mining by our partner organisation Wildlife Conservation Trust during their field work. 


Have observations of sand mining in Indian rivers? Upload your observations directly on India Sand Watch or send the details to us via email on 

sandwatch@veditum.org","N/A","Bihar","Patna","Ganga","29-10-2025"
"Ganga River - Vaishali, Bihar - February 14, 2025","No","14-02-2025 18:30:00","Serial Number,Latitude,Longitude
1,25.564159,85.2813239999999
","Yes","6 sand-mining boats with extractors","NA


This mining observation report has been generated based on sightings of sand mining by our partner organisation Wildlife Conservation Trust during their field work. 


Have observations of sand mining in Indian rivers? Upload your observations directly on India Sand Watch or send the details to us via email on 

sandwatch@veditum.org","N/A","Bihar","Vaishali","Ganga","29-10-2025"
"Ganga River - Vaishali, Bihar - February 14, 2025","No","14-02-2025 18:30:00","Serial Number,Latitude,Longitude
1,25.559833,85.281874
","Yes","2 sand-mining boats with extractors","NA


This mining observation report has been generated based on sightings of sand mining by our partner organisation Wildlife Conservation Trust during their field work. 


Have observations of sand mining in Indian rivers? Upload your observations directly on India Sand Watch or send the details to us via email on 

sandwatch@veditum.org","N/A","Bihar","Vaishali","Ganga","29-10-2025"
"Ganga River - Patna, Bihar - February 14, 2025","No","14-02-2025 18:30:00","Serial Number,Latitude,Longitude
1,25.549678,85.2816289999999
","Yes","8 sand-mining boats with extractors","NA


This mining observation report has been generated based on sightings of sand mining by our partner organisation Wildlife Conservation Trust during their field work. 


Have observations of sand mining in Indian rivers? Upload your observations directly on India Sand Watch or send the details to us via email on 

sandwatch@veditum.org","N/A","Bihar","Patna","Ganga","29-10-2025"
"Ganga River - Patna, Bihar - February 14, 2025","No","14-02-2025 18:30:00","Serial Number,Latitude,Longitude
1,25.526976,85.292753
","Yes","1 sand-mining boats with extractors","NA


This mining observation report has been generated based on sightings of sand mining by our partner organisation Wildlife Conservation Trust during their field work. 


Have observations of sand mining in Indian rivers? Upload your observations directly on India Sand Watch or send the details to us via email on 

sandwatch@veditum.org","N/A","Bihar","Patna","Ganga","29-10-2025"
"Ganga River - Patna, Bihar - February 14, 2025","Yes","N/A","Serial Number,Latitude,Longitude
1,25.519285,85.2994549999999
","Yes","1 sand-mining boats with extractors","NA","N/A","Bihar","Patna","Ganga","29-10-2025"
"Ganga River - Patna, Bihar - February 14, 2025","No","14-02-2025 18:30:00","Serial Number,Latitude,Longitude
1,25.5101629999999,85.3183209999999
","Yes","1 sand-mining boats with extractors","NA


This mining observation report has been generated based on sightings of sand mining by our partner organisation Wildlife Conservation Trust during their field work. 


Have observations of sand mining in Indian rivers? Upload your observations directly on India Sand Watch or send the details to us via email on 

sandwatch@veditum.org","N/A","Bihar","Patna","Ganga","29-10-2025"
"Ganga River - Patna, Bihar - February 14, 2025","Yes","N/A","Serial Number,Latitude,Longitude
1,25.50974,85.33301
","Yes","1 sand-mining boats with extractors","NA","N/A","Bihar","Patna","Ganga","29-10-2025"
"Ganga River - Patna, Bihar - February 14, 2025","Yes","N/A","Serial Number,Latitude,Longitude
1,25.515312,85.410059
","Yes","1 sand-mining boats with extractors","NA","N/A","Bihar","Patna","Ganga","29-10-2025"
"Ganga River - Patna, Bihar - February 15, 2025","No","15-02-2025 18:30:00","Serial Number,Latitude,Longitude
1,25.488208,85.4511949999999
","Yes","11 sand-mining boats with extractors","NA


This mining observation report has been generated based on sightings of sand mining by our partner organisation Wildlife Conservation Trust during their field work. 


Have observations of sand mining in Indian rivers? Upload your observations directly on India Sand Watch or send the details to us via email on 

sandwatch@veditum.org","N/A","Bihar","Patna","Ganga","29-10-2025"
"Ganga River - Patna, Bihar - February 15, 2025","Yes","N/A","Serial Number,Latitude,Longitude
1,25.4819059999999,85.4962569999999
","Yes","2 JCB sand extraction","NA","N/A","Bihar","Patna","Ganga","29-10-2025"
"Ganga River - Samastipur, Bihar - February 15, 2025","Yes","N/A","Serial Number,Latitude,Longitude
1,25.4993939999999,85.5820719999999
","Yes","1 sand-mining boats with extractors","NA","N/A","Bihar","Samastipur","Ganga","29-10-2025"
"Ganga River - Patna, Bihar - February 15, 2025","Yes","N/A","Serial Number,Latitude,Longitude
1,25.491427,85.7104199999999
","Yes","1 sand-mining boat with extractors","NA","N/A","Bihar","Patna","Ganga","29-10-2025"
"Ganga River - Patna, Bihar - February 15, 2025","Yes","N/A","Serial Number,Latitude,Longitude
1,25.5121949999999,85.729308
","Yes","1 sand-mining boat with extractors","NA","N/A","Bihar","Patna","Ganga","29-10-2025"
"Ganga River - Patna, Bihar - February 15, 2025","No","15-02-2025 18:30:00","Serial Number,Latitude,Longitude
1,25.5309719999999,85.790941
","Yes","1 sand-mining boat with extractors","NA


This mining observation report has been generated based on sightings of sand mining by our partner organisation Wildlife Conservation Trust during their field work. 


Have observations of sand mining in Indian rivers? Upload your observations directly on India Sand Watch or send the details to us via email on 

sandwatch@veditum.org","N/A","Bihar","Patna","Ganga","29-10-2025"
"Ganga River - Patna, Bihar - February 15, 2025","No","15-02-2025 18:30:00","Serial Number,Latitude,Longitude
1,25.3746739999999,85.995631
","Yes","4 sand-mining boats with extractors","NA


This mining observation report has been generated based on sightings of sand mining by our partner organisation Wildlife Conservation Trust during their field work. 


Have observations of sand mining in Indian rivers? Upload your observations directly on India Sand Watch or send the details to us via email on 

sandwatch@veditum.org
 ","N/A","Bihar","Patna","Ganga","29-10-2025"
"Ganga River - Munger, Bihar - February 16, 2025","Yes","N/A","Serial Number,Latitude,Longitude
1,25.3696699999999,86.463277
","Yes","1 sand-mining boats with extractors","NA","N/A","Bihar","Munger","Ganga","29-10-2025"
"Ganga River - Bhagalpur, Bihar - February 18, 2025","Yes","N/A","Serial Number,Latitude,Longitude
1,25.3104599999999,86.992168
","Yes","1 cutter suction dredger (CSD)","1 dredger","N/A","Bihar","Bhagalpur","Ganga","29-10-2025"
"Ganga River - Bhagalpur, Bihar - February 18, 2025","No","18-02-2025 18:30:00","Serial Number,Latitude,Longitude
1,25.30142,87.02491
","Yes","2 sand-mining boats with extractors, bridge construction","bridge construction


This mining observation report has been generated based on sightings of sand mining by our partner organisation Wildlife Conservation Trust during their field work.


Have observations of sand mining in Indian rivers? Upload your observations directly on India Sand Watch or send the details to us via email on 

sandwatch@veditum.org","N/A","Bihar","Bhagalpur","Ganga","29-10-2025"
"Ganga River - Bhagalpur, Bihar - February 18, 2025","No","18-02-2025 18:30:00","Serial Number,Latitude,Longitude
1,25.26076,87.04979
","Yes","1 cutter suction dredger (CSD)","1 dredger


This mining observation report has been generated based on sightings of sand mining by our partner organisation Wildlife Conservation Trust during their field work. 


Have observations of sand mining in Indian rivers? Upload your observations directly on India Sand Watch or send the details to us via email on 

sandwatch@veditum.org","N/A","Bihar","Bhagalpur","Ganga","29-10-2025"
"Ganga River - Bhagalpur, Bihar - February 18, 2025","No","18-02-2025 18:30:00","Serial Number,Latitude,Longitude
1,25.261258,87.2239799999999
","Yes","4 sand-mining boats with extractors","NA


This mining observation report has been generated based on sightings of sand mining by our partner organisation Wildlife Conservation Trust during their field work. 


Have observations of sand mining in Indian rivers? Upload your observations directly on India Sand Watch or send the details to us via email on 

sandwatch@veditum.org","N/A","Bihar","Bhagalpur","Ganga","29-10-2025"
"Ganga River - Bhagalpur, Bihar - February 19, 2025","No","19-02-2025 18:30:00","Serial Number,Latitude,Longitude
1,25.3374339999999,87.2566779999999
","Yes","1 sand-mining boats with extractors","NA


This mining observation report has been generated based on sightings of sand mining by our partner organisation Wildlife Conservation Trust during their field work. 


Have observations of sand mining in Indian rivers? Upload your observations directly on India Sand Watch or send the details to us via email on 

sandwatch@veditum.org","N/A","Bihar","Bhagalpur","Ganga","29-10-2025"
"Ganga River - Bhagalpur, Bihar - February 19, 2025","No","19-02-2025 18:30:00","Serial Number,Latitude,Longitude
1,25.372184,87.337609
","Yes","3 sand-mining boats with extractors","NA


This mining observation report has been generated based on sightings of sand mining by our partner organisation Wildlife Conservation Trust during their field work. 


Have observations of sand mining in Indian rivers? Upload your observations directly on India Sand Watch or send the details to us via email on 

sandwatch@veditum.org","N/A","Bihar","Bhagalpur","Ganga","29-10-2025"
"Ganga River - Katihar, Bihar - February 19, 2025","No","19-02-2025 18:30:00","Serial Number,Latitude,Longitude
1,25.410408,87.372579
","Yes","1 sand-mining boats with extractors","NA


This mining observation report has been generated based on sightings of sand mining by our partner organisation Wildlife Conservation Trust during their field work. 


Have observations of sand mining in Indian rivers? Upload your observations directly on India Sand Watch or send the details to us via email on 

sandwatch@veditum.org","N/A","Bihar","Katihar","Ganga","29-10-2025"
"Ganga River - Katihar, Bihar - February 19, 2025","No","19-02-2025 18:30:00","Serial Number,Latitude,Longitude
1,25.394092,87.558856
","Yes","2 sand-mining boats with extractors","NA


This mining observation report has been generated based on sightings of sand mining by our partner organisation Wildlife Conservation Trust during their field work. 


Have observations of sand mining in Indian rivers? Upload your observations directly on India Sand Watch or send the details to us via email on 

sandwatch@veditum.org","N/A","Bihar","Katihar","Ganga","29-10-2025"
"Ganga River - Malda, West Bengal - February 21, 2025","Yes","N/A","Serial Number,Latitude,Longitude
1,25.035401,87.8978919999999
","Yes","3 sand-mining boats with extractors","NA","N/A","West Bengal","Malda","Ganga","29-10-2025"
"Ganga River - Patna, Bihar - February 14, 2025","No","14-02-2025 18:30:00","Serial Number,Latitude,Longitude
1,25.509025,85.4261929999999
","Yes","6 sand-mining boats with extractors","NA


This mining observation report has been generated based on sightings of sand mining by our partner organisation Wildlife Conservation Trust during their field work. 


Have observations of sand mining in Indian rivers? Upload your observations directly on India Sand Watch or send the details to us via email on 

sandwatch@veditum.org
 ","N/A","Bihar","Patna","Ganga","29-10-2025"
"Ganga River - Patna, Bihar - February 14, 2025","Yes","N/A","Serial Number,Latitude,Longitude
1,25.5029949999999,85.438573
","Yes","4 sand-mining boats with extractors","NA","N/A","Bihar","Patna","Ganga","29-10-2025"
"Ganga River - Patna, Bihar - February 14, 2025","Yes","N/A","Serial Number,Latitude,Longitude
1,25.498013,85.442622
","Yes","4 sand-mining boats with extractors","NA","N/A","Bihar","Patna","Ganga","29-10-2025"
"Ganga River - Patna, Bihar - February 15, 2025","Yes","N/A","Serial Number,Latitude,Longitude
1,25.484507,85.4722079999999
","Yes","9 sand-mining boats with extractors","NA","N/A","Bihar","Patna","Ganga","29-10-2025"
"Ganga River - Samastipur, Bihar - February 15, 2025","No","15-02-2025 18:30:00","Serial Number,Latitude,Longitude
1,25.508312,85.5460419999999
","Yes","4 sand-mining boats with extractors","NA


This mining observation report has been generated based on sightings of sand mining by our partner organisation Wildlife Conservation Trust during their field work. 


Have observations of sand mining in Indian rivers? Upload your observations directly on India Sand Watch or send the details to us via email on 

sandwatch@veditum.org","N/A","Bihar","Samastipur","Ganga","29-10-2025"
"Ganga River - Samastipur, Bihar - February 15, 2025","Yes","N/A","Serial Number,Latitude,Longitude
1,25.5082109999999,85.5469709999999
","Yes","2 sand-mining boats with extractors","NA","N/A","Bihar","Samastipur","Ganga","29-10-2025"
"Ganga River - Samastipur, Bihar - February 15, 2025","Yes","N/A","Serial Number,Latitude,Longitude
1,25.503164,85.585023
","Yes","2 sand-mining boats with extractors","NA","N/A","Bihar","Samastipur","Ganga","29-10-2025"
"Ganga River - Samastipur, Bihar - February 15, 2025","Yes","N/A","Serial Number,Latitude,Longitude
1,25.507086,85.595448
","Yes","1 sand-mining boats with extractors","NA","N/A","Bihar","Samastipur","Ganga","29-10-2025"
"Ganga River - Patna, Bihar - February 15, 2025","Yes","N/A","Serial Number,Latitude,Longitude
1,25.4857259999999,85.6284729999999
","Yes","1 sand-mining boats with extractors, 1 cutter suction dredger (CSD)","1 dredger","N/A","Bihar","Patna","Ganga","29-10-2025"
"Ganga River - Patna, Bihar - February 15, 2025","Yes","N/A","Serial Number,Latitude,Longitude
1,25.4773099999999,85.6590219999999
","Yes","1 sand-mining boat with extractors","NA","N/A","Bihar","Patna","Ganga","29-10-2025"
"Ganga River - Begusarai, Bihar - February 15, 2025","No","15-02-2025 18:30:00","Serial Number,Latitude,Longitude
1,25.4951809999999,85.9035769999999
","Yes","3 cutter suction dredgers (CSD)","NA


This mining observation report has been generated based on sightings of sand mining by our partner organisation Wildlife Conservation Trust during their field work. 


Have observations of sand mining in Indian rivers? Upload your observations directly on India Sand Watch or send the details to us via email on  
sandwatch@veditum.org
 ","N/A","Bihar","Begusarai","Ganga","29-10-2025"
"Ganga River - Begusarai, Bihar - February 15, 2025","Yes","N/A","Serial Number,Latitude,Longitude
1,25.483481,85.926551
","Yes","1 sand-mining boats with extractors, 1 tractor","tractor 1","N/A","Bihar","Begusarai","Ganga","29-10-2025"
"Ganga River - Begusarai, Bihar - February 15, 2025","No","15-02-2025 18:30:00","Serial Number,Latitude,Longitude
1,25.4260979999999,85.930436
","Yes","1 cutter suction dredger (CSD)","NA


This mining observation report has been generated based on sightings of sand mining by our partner organisation Wildlife Conservation Trust during their field work. 


Have observations of sand mining in Indian rivers? Upload your observations directly on India Sand Watch or send the details to us via email on  
sandwatch@veditum.org
  ","N/A","Bihar","Begusarai","Ganga","29-10-2025"
"Ganga River - Patna, Bihar - February 15, 2025","No","15-02-2025 18:30:00","Serial Number,Latitude,Longitude
1,25.3875819999999,85.97906
","Yes","2 sand-mining boats with extractors, 2 cutter suction dredgers (CSD)","2 dredgers


This mining observation report has been generated based on sightings of sand mining by our partner organisation Wildlife Conservation Trust during their field work. 


Have observations of sand mining in Indian rivers? Upload your observations directly on India Sand Watch or send the details to us via email on 

sandwatch@veditum.org
 ","N/A","Bihar","Patna","Ganga","29-10-2025"
"Ganga River - Patna, Bihar - February 15, 2025","No","15-02-2025 18:30:00","Serial Number,Latitude,Longitude
1,25.373483,85.9972649999999
","Yes","2 sand-mining boats with extractors","NA


This mining observation report has been generated based on sightings of sand mining by our partner organisation Wildlife Conservation Trust during their field work. 


Have observations of sand mining in Indian rivers? Upload your observations directly on India Sand Watch or send the details to us via email on 

sandwatch@veditum.org","N/A","Bihar","Patna","Ganga","29-10-2025"
"Ganga River - Patna, Bihar - February 16, 2025","No","16-02-2025 18:30:00","Serial Number,Latitude,Longitude
1,25.370194,86.007637
","Yes","2 sand-mining boats with extractors","NA


This mining observation report has been generated based on sightings of sand mining by our partner organisation Wildlife Conservation Trust during their field work. 


Have observations of sand mining in Indian rivers? Upload your observations directly on India Sand Watch or send the details to us via email on 

sandwatch@veditum.org","N/A","Bihar","Patna","Ganga","29-10-2025"
"Ganga River - Lakhisarai, Bihar - February 16, 2025","No","16-02-2025 18:30:00","Serial Number,Latitude,Longitude
1,25.304109,86.104121
","Yes","2 sand-mining boats with extractors, 2 cutter suction dredgers (CSD)","2 dredgers


This mining observation report has been generated based on sightings of sand mining by our partner organisation Wildlife Conservation Trust during their field work. 


Have observations of sand mining in Indian rivers? Upload your observations directly on India Sand Watch or send the details to us via email on  
sandwatch@veditum.org
 ","N/A","Bihar","Lakhisarai","Ganga","29-10-2025"
"Ganga River - Begusarai, Bihar - February 16, 2025","No","16-02-2025 18:30:00","Serial Number,Latitude,Longitude
1,25.3422799999999,86.1768
","Yes","1 sand-mining boats with extractors","NA


This mining observation report has been generated based on sightings of sand mining by our partner organisation Wildlife Conservation Trust during their field work. 


Have observations of sand mining in Indian rivers? Upload your observations directly on India Sand Watch or send the details to us via email on 

sandwatch@veditum.org
 ","N/A","Bihar","Begusarai","Ganga","29-10-2025"
"Ganga River - Munger, Bihar - February 17, 2025","No","17-02-2025 18:30:00","Serial Number,Latitude,Longitude
1,25.251505,86.724725
","Yes","2 JCB sand extraction,bridge construction","bridge construction


This mining observation report has been generated based on sightings of sand mining by our partner organisation Wildlife Conservation Trust during their field work. 


Have observations of sand mining in Indian rivers? Upload your observations directly on India Sand Watch or send the details to us via email on 

sandwatch@veditum.org
 ","N/A","Bihar","Munger","Ganga","29-10-2025"
"Ganga River - Bhagalpur, Bihar - February 18, 2025","Yes","N/A","Serial Number,Latitude,Longitude
1,25.259405,86.7426679999999
","Yes","1 sand-mining boat with extractors, pile driving for bridge construction","pile driving for bridge construction","N/A","Bihar","Bhagalpur","Ganga","29-10-2025"
"Ganga River - Bhagalpur, Bihar - February 18, 2025","Yes","N/A","Serial Number,Latitude,Longitude
1,25.334754,86.8459249999999
","Yes","1 sand-mining boat with extractors","NA","N/A","Bihar","Bhagalpur","Ganga","29-10-2025"
"Ganga River - Bhagalpur, Bihar - February 18, 2025","Yes","N/A","Serial Number,Latitude,Longitude
1,25.33558,86.855788
","Yes","1 cutter suction dredger (CSD)","1 dredger","N/A","Bihar","Bhagalpur","Ganga","29-10-2025"
"Ganga River - Bhagalpur, Bihar - February 18, 2025","Yes","N/A","Serial Number,Latitude,Longitude
1,25.2994009999999,87.027332
","Yes","1 sand-mining boats with extractors","NA","N/A","Bihar","Bhagalpur","Ganga","29-10-2025"
"Ganga River - Bhagalpur, Bihar - February 18, 2025","Yes","N/A","Serial Number,Latitude,Longitude
1,25.282111,87.142093
","Yes","1 cutter suction dredger (CSD)","1 dredger","N/A","Bihar","Bhagalpur","Ganga","29-10-2025"
"Ganga River - Bhagalpur, Bihar - February 18, 2025","Yes","N/A","Serial Number,Latitude,Longitude
1,25.2928899999999,87.190826
","Yes","2 sand-mining boats with extractors","NA","N/A","Bihar","Bhagalpur","Ganga","29-10-2025"
"Ganga River - Bhagalpur, Bihar - February 19, 2025","Yes","N/A","Serial Number,Latitude,Longitude
1,25.323796,87.2594509999999
","Yes","10 sand-mining boats with extractors","NA","N/A","Bihar","Bhagalpur","Ganga","29-10-2025"
"Ganga River - Sahibganj, Jharkhand - February 20, 2025","Yes","N/A","Serial Number,Latitude,Longitude
1,25.309277,87.6246059999999
","Yes","1 cutter suction dredger (CSD)","1 dredger","N/A","Jharkhand","Sahebganj","Ganga","29-10-2025"
"Ganga River - Sahibganj, Jharkhand - February 20, 2025","Yes","N/A","Serial Number,Latitude,Longitude
1,25.300781,87.6293239999999
","Yes","1 sand-mining boats with extractors","NA","N/A","Jharkhand","Sahebganj","Ganga","29-10-2025"
"Ganga River - Katihar, Bihar - February 20, 2025","Yes","N/A","Serial Number,Latitude,Longitude
1,25.264873,87.793767
","Yes","3 sand-mining boats with extractors and manual scooping","manual scooping","N/A","Bihar","Katihar","Ganga","29-10-2025"
"Tamas River - Rewa, Madhya Pradesh - 25 Oct 2025","No","25-10-2025 18:30:00","Serial Number,Latitude,Longitude
1,24.956509,81.48905
","No","N/A","Tamus River In Jawa Rewa ","https://storage.googleapis.com/download/storage/v1/b/ved_prod__media/o/images%2Fimg_20251025_wa0010_4ecaec7b-6d1f-4d64-bede-72dc2417730d.jpeg?generation=1762604927277621&alt=media","Madhya Pradesh","Rewa","Tamas (Tamsa)","13-11-2025"
"Ken River - Banda, Uttar Pradesh, 15th November 2025","No","15-11-2025 18:30:00","Serial Number,Latitude,Longitude
,25.746567,80.453335
","Yes","Poclain machine","Poclain machine mining for murram in the middle of Ken river (active river channel).


This case report has been generated based on sightings of sand mining from the India Sand Watch and Veditum network. This report also has an image taken by Journalist Ashish Dixit which has date, time and location stamped images as well.


Have observations of sand mining in Indian rivers? Email at 
sandwatch@veditum.org","https://storage.googleapis.com/download/storage/v1/b/ved_prod__media/o/images%2Fwhatsapp_image_2025_11_22_at_9_472c8565-7f37-4f34-8ee7-4b8263bbae09.jpeg?generation=1763980261897579&alt=media","Uttar Pradesh","Banda","Ken","24-11-2025"
"Tapi river - Surat, Gujarat - 13th December 2025","Yes","13-12-2025 18:30:00","Serial Number,Latitude,Longitude
,21.273833,73.504573
","Yes","JCB and boats","Right next to KKB Rio Colina resort, Tapi River, Surat","https://storage.googleapis.com/download/storage/v1/b/ved_prod__media/o/images%2Fimg_2780_4b2a057c_3e6a_456d_ba48_a6ee07fc92ba_af0b55a5-14de-42ce-a64b-ebc224080a70.jpeg?generation=1765795147180786&alt=media
https://storage.googleapis.com/download/storage/v1/b/ved_prod__media/o/images%2Fimg_2779_d9bafb11_ddb8_48eb_a51c_64ed3fd19041_6e2a3deb-52eb-4671-9689-db0ef5729303.jpeg?generation=1765795148250659&alt=media
https://storage.googleapis.com/download/storage/v1/b/ved_prod__media/o/images%2Fimg_2778_24b65acd_4b99_454d_a4b6_59744883a7ff_92cfb2fe-4087-4565-8fb9-b9a5ddf010c5.jpeg?generation=1765795151171326&alt=media
https://storage.googleapis.com/download/storage/v1/b/ved_prod__media/o/images%2Fimg_2792_e1c41255_b53e_4eb4_bcbc_b66381c0b264_f8947efa-3772-4bb6-a731-91ff238d3e20.jpeg?generation=1765795153229660&alt=media","Gujarat","Surat","Tapi","15-12-2025"
"Mahananda river - Kishanganj, Bihar - 16th November 2021","No","16-11-2021 18:30:00","Serial Number,Latitude,Longitude
,26.36474904,88.12941603
","Yes","2 Poclain machines, 5 tractors","Bundhs were made to block river flow, river seemed stagnant at some stretches","https://storage.googleapis.com/download/storage/v1/b/ved_prod__media/o/images%2Fimg_20240313_131829_855ecb7e_9001_4d03_9527_cee41a7c4d0b_3ccb1bb2-5323-44ed-b90a-04fbb892bc78.jpeg?generation=1769084819062650&alt=media","Bihar","Kishanganj","Mahananda","22-01-2026"
"Ken river - Banda, Uttar Pradesh - 21st Feb 2026","No","21-02-2026 18:30:00","Serial Number,Latitude,Longitude
1,25.708995,80.318276
","Yes","पोकलैंड ","अर्थ मूविंग प्रतिबंधित मशीनों से अवैध खनन ","https://storage.googleapis.com/download/storage/v1/b/ved_prod__media/o/images%2Fimg_20260221_wa0006_f51ff46b-aa2d-4bc2-920e-609c7ae68fb1.jpeg?generation=1771675470211693&alt=media","Uttar Pradesh","Banda","Ken","21-02-2026"
"Chambal River - Morena, Madhya Pradesh - 25/02/2026","No","25-02-2026 18:30:00","Serial Number,Latitude,Longitude
,26.6548790,77.9027566
","Yes","9 Tractors, 1 backhoe","Active mining right near the bridge pillar. Backhoe digging sand, also men with shovels. Loading sand into tractors which are taking the sand up some kaccha rastas. Deep cuts in the bank, lines with piles of sand. Loud tractor sounds, horns and music. Two years ago, there were only signs of mining, but had seen many gharial and muggers on the same bank. Entire area to the side of the mine (adjoining a second mining site, also shows a lot of scraping and scarring). Three muggers at the edge.","https://storage.googleapis.com/download/storage/v1/b/ved_prod__media/o/images%2F1000183717_d19fff39-b088-4a02-9ef4-e5d8fffbb41e.jpeg?generation=1772017069327447&alt=media
https://storage.googleapis.com/download/storage/v1/b/ved_prod__media/o/images%2F1000183716_cee35a7d-54eb-43a8-8d72-cf6e9fd96184.jpeg?generation=1772017070651841&alt=media
https://storage.googleapis.com/download/storage/v1/b/ved_prod__media/o/images%2F1000183715_4669abe8-9a78-4f8e-b8e4-e97d813da07f.jpeg?generation=1772017071942885&alt=media
https://storage.googleapis.com/download/storage/v1/b/ved_prod__media/o/images%2F1000183704_7cd2cb26-93d8-42a2-a85c-2e569206acb6.jpeg?generation=1772017073205172&alt=media
https://storage.googleapis.com/download/storage/v1/b/ved_prod__media/o/images%2F1000183720_56cc30fb-298b-4aa2-87e9-e5032fcec4a9.jpeg?generation=1772017074120619&alt=media","Madhya Pradesh","Morena","Chambal","25-02-2026"
"River Chambal - Morena, Madhya Pradesh - 25.02.2026","No","25-02-2026 18:30:00","Serial Number,Latitude,Longitude
,26.657610,77.907013
","Yes","Poclains, tractors, trucks","Just under the highway bridge, very close to the bridge. Lots of machines, heavy scale of mining.

Atleast 8-10 tractors collecting sand at one time and many others continuously taking turns.","https://storage.googleapis.com/download/storage/v1/b/ved_prod__media/o/images%2Fimg_20260225_162231_16a44d61-a134-467e-814d-5903841bbf47.jpeg?generation=1772016770261870&alt=media
https://storage.googleapis.com/download/storage/v1/b/ved_prod__media/o/images%2Fimg_20260225_161314_8d574bae-73a6-4b52-95a4-b2496656cb62.jpeg?generation=1772016492702504&alt=media","Madhya Pradesh","Morena","Chambal","25-02-2026"
"River Chambal - Morena, Madhya Pradesh - 25.02.2026","No","25-02-2026 18:30:00","Serial Number,Latitude,Longitude
,26.6590311,77.9096710
","Yes","Poclains, tractors, dumpers","Atleast 100 or more machines mining and transporting sand. Edges of the sand bank have vanished. Mining is close to the highway bridge. Lots of sand piled farther from the bank (where officials ""mixed"" mud to ruin the mining. But this is unsuccessful effort, since the mining is going on at full scale.)","https://storage.googleapis.com/download/storage/v1/b/ved_prod__media/o/images%2Fimg_20260225_163121_31b06ab9-c119-47b8-801e-6d6f953a0241.jpeg?generation=1772017416189580&alt=media
https://storage.googleapis.com/download/storage/v1/b/ved_prod__media/o/images%2Fimg_20260225_162622_ab601835-3824-45b8-a900-3c8e258a3ac7.jpeg?generation=1772017112963141&alt=media
https://storage.googleapis.com/download/storage/v1/b/ved_prod__media/o/images%2Fimg_20260225_161318_a8f01850-489e-48e8-a6db-e2971395fafb.jpeg?generation=1772017044117560&alt=media","Madhya Pradesh","Morena","Chambal","25-02-2026"
"Chambal River - Morena, Madhya Pradesh - 25/02/2026","No","25-02-2026 18:30:00","Serial Number,Latitude,Longitude
,26.6537623,77.9001481
","Yes","Tractors, poclains","Active mining close to the bridge pillar. Poclains digging up sand from pits filled with water. Large heaps of sand, sand being piled into tractors and transported up via kaccha rasta. Loud music, machinery sounds. Some waterbirds and two crocodiles basking at the edge. Two years ago this site was an intact bank with some cauliflower mining scars, with multiple muggers, turtles, gharial, and waterbirds - including skimmers. Little further down had spotted a fox ","https://storage.googleapis.com/download/storage/v1/b/ved_prod__media/o/images%2F1000183739_f5f28bc4-5972-4f67-ad91-6330b6b19ab6.jpeg?generation=1772018192119970&alt=media
https://storage.googleapis.com/download/storage/v1/b/ved_prod__media/o/images%2F1000183740_66a422bd-e70f-4fac-9702-766276f84828.jpeg?generation=1772018193438811&alt=media
https://storage.googleapis.com/download/storage/v1/b/ved_prod__media/o/images%2F1000183738_a59960ca-777f-47f1-ab4c-97bcb3357960.jpeg?generation=1772018194311895&alt=media
https://storage.googleapis.com/download/storage/v1/b/ved_prod__media/o/images%2F1000183735_16d5fdb1-be2b-4335-b4af-d9d368578aa1.jpeg?generation=1772018195111115&alt=media
https://storage.googleapis.com/download/storage/v1/b/ved_prod__media/o/images%2F1000183734_1d74b84a-7854-448d-971d-b5d169b2de2b.jpeg?generation=1772018195914427&alt=media
https://storage.googleapis.com/download/storage/v1/b/ved_prod__media/o/images%2F1000183733_338b7d4c-ea6c-4ea0-9afc-eab61898e952.jpeg?generation=1772018196711210&alt=media
https://storage.googleapis.com/download/storage/v1/b/ved_prod__media/o/images%2F1000183732_e6c8e843-ee20-4fdd-a37f-e0dc23504008.jpeg?generation=1772018197505700&alt=media
https://storage.googleapis.com/download/storage/v1/b/ved_prod__media/o/images%2F1000183731_6cd97c80-d2d0-41b6-9d76-3325f36fcdb3.jpeg?generation=1772018198360681&alt=media
https://storage.googleapis.com/download/storage/v1/b/ved_prod__media/o/images%2F1000183730_0aee4198-b1c7-4b9d-b640-cc1a08dc7305.jpeg?generation=1772018199149408&alt=media
https://storage.googleapis.com/download/storage/v1/b/ved_prod__media/o/images%2F1000183720_d5b40284-4bb3-4d44-b931-32eb77a98d5b.jpeg?generation=1772018199944556&alt=media","Madhya Pradesh","Morena","Chambal","25-02-2026"
"River Karo - Khunti, Jharkhand - 22/08/2024","No","22-08-2024 18:30:00","Serial Number,Latitude,Longitude
,23.07275,85.018972
","No","N/A","bakaspure village,karra block ,karo bank

This location was within a forest area. This is not a demarcated location for sand mining. This means it is illegal mining. There was sand deposits also in this location.","https://storage.googleapis.com/download/storage/v1/b/ved_prod__media/o/images%2Fimg_20240822_180555_9a939070-8655-4219-8031-f548358ef25b.jpeg?generation=1772271795406612&alt=media","Jharkhand","Khunti","Karo","01-03-2026"
"Ken River - Chhatarpur, Madhya Pradesh - 23/02/2026","No","23-02-2026 18:30:00","Serial Number,Latitude,Longitude
,25.008817,80.237685
","Yes","Trucks, Poclains, tractors","80+ trucks carrying sand, sand being extracted actively using poclains. Bundh created to enable instream mining, giving access to center of stream and affecting river flow. Close to the Ken river bridge.","https://storage.googleapis.com/download/storage/v1/b/ved_prod__media/o/images%2F1000182031_15764fdc-0780-4049-9d53-3f1355420def.jpeg?generation=1772349958235968&alt=media
https://storage.googleapis.com/download/storage/v1/b/ved_prod__media/o/images%2F1000182030_16fa4446-9d2b-4bfd-acbc-c0e73962f721.jpeg?generation=1772349959865548&alt=media","Madhya Pradesh","Chhatarpur","Ken","01-03-2026"
"Ken river - Banda, Uttara Pradesh - 25th Feb 2026","No","25-02-2026 18:30:00","Serial Number,Latitude,Longitude
,25.707502,80.3215
","Yes","2 poclain madhines","2 poclain machines being used to do instream sand (moram) mining in the active mainstream of the river, by the mine operators at Sandi. This is in Sandi village, Pailani tehsil, Banda district, Uttar Pradesh, on the Ken river


This mining observation report has been generated based on sightings of sand mining from the India Sand Watch and Veditum network, by Journalist Ashish Dixit which has date, time and location stamped images as well.


Have observations of sand mining in Indian rivers? Email 
sandwatch@veditum.org","https://storage.googleapis.com/download/storage/v1/b/ved_prod__media/o/images%2Fscreenshot_2026_03_11_122313_62ea2697-e051-4148-99a2-daa780a08959.jpeg?generation=1773212052849913&alt=media
https://storage.googleapis.com/download/storage/v1/b/ved_prod__media/o/images%2Fashish_77dd2caa-f048-4aa3-9bd8-1bab4ff51975.jpeg?generation=1773212043072785&alt=media","Uttar Pradesh","Banda","Ken","11-03-2026"
"Ken river - Banda, Uttar Pradesh - 01st March 2026","No","01-03-2026 18:30:00","Serial Number,Latitude,Longitude
,25.707808,80.3217
","Yes","Poclain machine (1)","Poclain machine being used to do instream mining from an active channel, in the Ken River at Sandi village in Pailani tehsil, Banda district.


This mining observation report has been generated based on sightings of sand mining from a community member from the India Sand Watch and Veditum network, which has date, time and location stamped images as well.


Have observations of sand mining in Indian rivers? Email 
sandwatch@veditum.org","https://storage.googleapis.com/download/storage/v1/b/ved_prod__media/o/images%2Fscreenshot_2026_03_11_123831_0f247415-9236-4929-932e-c0a9d176d82c.jpeg?generation=1773212929740814&alt=media
https://storage.googleapis.com/download/storage/v1/b/ved_prod__media/o/images%2Fscreenshot_2026_03_11_123755_b58c4865-55f9-4f7e-a23a-b3596e465029.jpeg?generation=1773212900879532&alt=media","Uttar Pradesh","Banda","Ken","11-03-2026"
"Ken River - Banda, Uttar Pradesh - 8th March 2026","No","08-03-2026 18:30:00","Serial Number,Latitude,Longitude
,25.7044917,80.31648502
","Yes","3 or more poclains, multiple tractors","Instream mining in active channel of the Ken river through a poclain. Multiple trucks seen lined up to collect sand. A very deep pit being mined through one or more poclains inside the pit. Access routes seen made inside the river for poclain and tractors to enter.


This mining observation report has been generated based on sightings of sand mining from a community member from the India Sand Watch and Veditum network, which has date, time and location stamped images as well.


Have observations of sand mining in Indian rivers? Email 
sandwatch@veditum.org","https://storage.googleapis.com/download/storage/v1/b/ved_prod__media/o/images%2Fushaji_0803_25_40611723-0032-40ec-8013-da84662b8dd2.jpeg?generation=1773223172834440&alt=media
https://storage.googleapis.com/download/storage/v1/b/ved_prod__media/o/images%2Fushaji_0803_24_c47358d5-c108-42ac-ae8c-911115b2a608.jpeg?generation=1773223173190243&alt=media
https://storage.googleapis.com/download/storage/v1/b/ved_prod__media/o/images%2Fushaji_0803_19_cc692c22-39e3-4851-b5d7-559a5d802848.jpeg?generation=1773223173513760&alt=media
https://storage.googleapis.com/download/storage/v1/b/ved_prod__media/o/images%2Fushaji_0803_17_8743bb45-f7f2-48db-b5d7-24de53bbf3c5.jpeg?generation=1773223173852126&alt=media
https://storage.googleapis.com/download/storage/v1/b/ved_prod__media/o/images%2Fushaji_0803_15_835ab3c7-1361-45fb-a6ef-3755cda7508f.jpeg?generation=1773223174180827&alt=media
https://storage.googleapis.com/download/storage/v1/b/ved_prod__media/o/images%2Fushaji_0803_11_fb0fa659-22f4-447d-9002-4147c74a22e3.jpeg?generation=1773223174519438&alt=media
https://storage.googleapis.com/download/storage/v1/b/ved_prod__media/o/images%2Fushaji_0803_9_0fbbb598-b17e-4473-ba47-1d9833f7a318.jpeg?generation=1773223174832771&alt=media
https://storage.googleapis.com/download/storage/v1/b/ved_prod__media/o/images%2Fushaji_0803_7_96d91753-5412-4833-8b93-be489f4a8b0f.jpeg?generation=1773223175154440&alt=media
https://storage.googleapis.com/download/storage/v1/b/ved_prod__media/o/images%2Fushaji_0803_3281f5f0-93f3-4b93-acae-cbda6ef61c42.jpeg?generation=1773223175443112&alt=media","Uttar Pradesh","Banda","Ken","11-03-2026"
"Chambal River - Morena, Madhya Pradesh - 27th Feb 2025","Yes","27-02-2025 18:30:00","Serial Number,Latitude,Longitude
,26.656182,77.903432
","Yes","Poclain","चंबल  नदी पर राजघाट मुरैना पर पॉक्लेन मशीन,हाई वा, ट्रैक्टर से खनन आगरा मुंबई हाइवे के ब्रिज़ और चम्बल घड़ियाल अभयारण्य के पास


यह खनन सुचना रिपोर्ट इंडिया सैंड वॉच और वेदितम नेटवर्क के एक सामुदायिक सदस्य द्वारा देखे गए रेत खनन के दृश्यों के आधार पर तैयार की गई है।


क्या आपने भारतीय नदियों में रेत खनन के कोई दृश्य देखे हैं? 
sandwatch@veditum.org
 पर ईमेल करें।


Mining with Poclain machine, Tractor at Rajghat Morena on Chambal River, near the bridge of Agra Mumbai Highway and Chambal Gharial sanctuary.


This mining observation report has been generated based on sightings of sand mining from a community member from the India Sand Watch and Veditum network.


Have observations of sand mining in Indian rivers? Email 
sandwatch@veditum.org","https://storage.googleapis.com/download/storage/v1/b/ved_prod__media/o/images%2Fanonymous_27022026_ccac046c-e764-4950-b3c0-f616e771fdb9.jpeg?generation=1773224205636344&alt=media","Madhya Pradesh","Morena","Chambal","11-03-2026"
"Sindh River - Bhind, Madhya Pradesh - 21st Feb 2026","Yes","21-02-2026 18:30:00","Serial Number,Latitude,Longitude
,26.277124,78.826390
","Yes","Trucks and loaders to extract sand illegally.","This is the regular activity in the Sindh River of my area.


This mining observation report has been generated based on sightings of sand mining from a community member from the India Sand Watch and Veditum network.


Have observations of sand mining in Indian rivers? Email 
sandwatch@veditum.org","N/A","Madhya Pradesh","Bhind","Sindh","11-03-2026"
"Chambal River - Morena, Madhya Pradesh - 24th Jan 2026","Yes","24-01-2026 18:30:00","Serial Number,Latitude,Longitude
,26.65417,77.9
","Yes","Trucks and tractors","It is a protected area for reptiles like crocodiles and turtles for which sand is crucial. But because of unchecked mining over years there is hardly any untouched sandbanks left in this entire stretch of Chambal


This mining observation report has been generated based on sightings of sand mining from a community member from the India Sand Watch and Veditum network.


Have observations of sand mining in Indian rivers? Email 
sandwatch@veditum.org","https://storage.googleapis.com/download/storage/v1/b/ved_prod__media/o/images%2Fchambal_anonymous_24012026_445560a9-be1b-441a-83ee-4bca28595a5b.jpeg?generation=1773225700936886&alt=media","Madhya Pradesh","Morena","Chambal","11-03-2026"
"Bagain River - Banda, Uttar Pradesh - 18th March 2026","Yes","18-03-2026 18:30:00","Serial Number,Latitude,Longitude
,25.264711667,80.67855166
","Yes","8 poclain machines (or more)","The lease boundary given by government on the Bagain river, does not take into account which stretches of the river has sand deposits or does not have. The lease boundary has been given without taking into consideration the presence of sand deposits. The lease boundary also includes areas where there are no sand deposits and river is flowing actively. The administration is involved in this kind of illegal allocation.


Instream mechanised sand mining (using poclain machines) is happening in active channel, which is illegal. This is impacting the environment and biodiversity. Minors are also making routes in the river for accessing / transporting.


This mining observation report has been generated based on sightings of sand mining from a community member from the India Sand Watch and Veditum network, which has date, time and location stamped images as well.


Have observations of sand mining in Indian rivers? Email 
sandwatch@veditum.org","https://storage.googleapis.com/download/storage/v1/b/ved_prod__media/o/images%2Fscreenshot_2026_03_18_160716_eab0ee3c-ea57-4246-a432-c77e1f3abc80.jpeg?generation=1773830902711936&alt=media
https://storage.googleapis.com/download/storage/v1/b/ved_prod__media/o/images%2Fscreenshot_2026_03_18_160833_fd136f45-fa65-41f1-85ba-948da8739916.jpeg?generation=1773830903886355&alt=media
https://storage.googleapis.com/download/storage/v1/b/ved_prod__media/o/images%2Fscreenshot_2026_03_18_161245_68687116-ad0e-406b-b2f2-62e4bb4ce6c3.jpeg?generation=1773830904286633&alt=media
https://storage.googleapis.com/download/storage/v1/b/ved_prod__media/o/images%2Fbagain_18032026_5_986016d5-60d3-4c24-90dc-af07c380161f.jpeg?generation=1773830665623818&alt=media
https://storage.googleapis.com/download/storage/v1/b/ved_prod__media/o/images%2Fbagain_18032026_4_fc25bb11-b7f5-4b2d-b970-d88f79d1c89e.jpeg?generation=1773830666083951&alt=media
https://storage.googleapis.com/download/storage/v1/b/ved_prod__media/o/images%2Fbagain_18032026_3_24b8441e-5081-45c6-b963-158158d098be.jpeg?generation=1773830666455349&alt=media
https://storage.googleapis.com/download/storage/v1/b/ved_prod__media/o/images%2Fbagain_032026_2_5210f74c-cce7-4c98-8c5d-24d783641b73.jpeg?generation=1773830666796028&alt=media","Uttar Pradesh","Banda","Bagen","18-03-2026"
"Ken River - Banda, Uttar Pradesh - 13th March 2026","No","13-03-2026 18:30:00","Serial Number,Latitude,Longitude
,25.70807,80.327505
","Yes","Poclain machine","यूपी बुंदेलखंड के बांदा मे ग्राम सांडी तहसील पैलानी मे खंड 60 में खदान संबधित कोई अभी नहीं सूचना बोर्ड नहीं लगाया गया है। बिना रॉयल्टी (कहीं और से एमएम 11 लेकर ) यह अवैध खनन केन नदी मे किया जा रहा है। इसमें बीजेपी के पूर्व विधायक का खेल है। 


In Banda, Bundelkhand, Uttar Pradesh, in the village of Sandi, Tehsil Pailani, no information board has yet been installed regarding the mining in Block 60. This illegal mining is being carried out in the Ken River without royalty (by obtaining MM11 from elsewhere). A former BJP MLA is involved in this.


This case report has been generated based on sightings of sand mining from the India Sand Watch and Veditum network. Here is the link to the tweet by Journalist Ashish Dixit which has date, time and location stamped images as well: 
https://x.com/AshishsagarD/status/2033793265431154697


Have observations of sand mining in Indian rivers? Email at 
sandwatch@veditum.org","https://storage.googleapis.com/download/storage/v1/b/ved_prod__media/o/images%2Fscreenshot_2026_03_19_105742_33609425-e0d4-4f2e-a5c6-1e49b1631861.jpeg?generation=1773898101055568&alt=media
https://storage.googleapis.com/download/storage/v1/b/ved_prod__media/o/images%2Fscreenshot_2026_03_19_105803_4988cd3e-5759-42bb-b07e-2a836876c18a.jpeg?generation=1773898101595995&alt=media","Uttar Pradesh","Banda","Ken","19-03-2026"
"Ken River - Banda, Uttar Pradesh - 13th March 2026","Yes","13-03-2026 18:30:00","Serial Number,Latitude,Longitude
,25.70985005,80.32916826
","Yes","Polclain machine","Machines used to do instream mining. Very deep pits created by excavating sand.


This mining observation report has been generated based on sightings of sand mining from a community member from the India Sand Watch and Veditum network, which has date, time and location stamped images as well.


Have observations of sand mining in Indian rivers? Email 
sandwatch@veditum.org","https://storage.googleapis.com/download/storage/v1/b/ved_prod__media/o/images%2Fsandi_ken_13032026_18_e270ad1b-7731-45b2-8f39-cf7b4655d7bd.jpeg?generation=1773913450674861&alt=media
https://storage.googleapis.com/download/storage/v1/b/ved_prod__media/o/images%2Fsandi_ken_13032026_17_2cc59ab1-8fb2-4326-9c73-00ade36213d2.jpeg?generation=1773913451055549&alt=media
https://storage.googleapis.com/download/storage/v1/b/ved_prod__media/o/images%2Fsandi_ken_13032026_16_21340b90-6b9b-42d1-8fb8-c480c0647892.jpeg?generation=1773913451446196&alt=media
https://storage.googleapis.com/download/storage/v1/b/ved_prod__media/o/images%2Fsandi_ken_13032026_12_e88096a5-068a-4107-a6a9-2bdfc5da4339.jpeg?generation=1773913451852396&alt=media
https://storage.googleapis.com/download/storage/v1/b/ved_prod__media/o/images%2Fsandi_ken_13032026_9_e05921be-0363-45ef-a9a6-beccde8f2b5b.jpeg?generation=1773913452176409&alt=media
https://storage.googleapis.com/download/storage/v1/b/ved_prod__media/o/images%2Fsandi_ken_13032026_6_b1f4fbec-b313-4e12-bb9e-5cc702e84df8.jpeg?generation=1773913452595290&alt=media
https://storage.googleapis.com/download/storage/v1/b/ved_prod__media/o/images%2Fsandi_ken_13032026_5_279b0e40-0d3d-4830-8cd1-1c1e3d78f786.jpeg?generation=1773913452929307&alt=media
https://storage.googleapis.com/download/storage/v1/b/ved_prod__media/o/images%2Fsandi_ken_13032026_4_d5e103e7-366a-4979-9c07-fe40f962d1e8.jpeg?generation=1773913453263864&alt=media
https://storage.googleapis.com/download/storage/v1/b/ved_prod__media/o/images%2Fsandi_ken_13032026_3_04a4e97c-2d91-4077-932b-93fecd5156d4.jpeg?generation=1773913453610522&alt=media
https://storage.googleapis.com/download/storage/v1/b/ved_prod__media/o/images%2Fsandi_ken_13032026_cd3b08c2-08ef-4ea8-9d2f-7344cfbdad5e.jpeg?generation=1773913453948756&alt=media","Uttar Pradesh","Banda","Ken","19-03-2026"
"Bagain River - Banda, Uttar Pradesh - 23rd March 2026","Yes","23-03-2026 18:30:00","Serial Number,Latitude,Longitude
,25.264598332,80.6812667
","Yes","Atleast 6 poclain machines","Instream mining with machinery, heaps of extracted sand piled up in the middle of the river which is affecting river flow. These are violations of rules laid down in the Sustainable Sand Mining Management Guidelines, 2016.

Egrets are seen in the river and river bank.


This mining observation report has been generated based on sightings of sand mining from a community member from the India Sand Watch and Veditum network, which has date, time and location stamped images as well.


Have observations of sand mining in Indian rivers? Email 
sandwatch@veditum.org","https://storage.googleapis.com/download/storage/v1/b/ved_prod__media/o/images%2Fwhatsapp_image_2026_03_23_at_1_25178506-f614-45ba-8a3c-e10154513492.jpeg?generation=1774331363030285&alt=media
https://storage.googleapis.com/download/storage/v1/b/ved_prod__media/o/images%2Fwhatsapp_image_2026_03_23_at_1_66700c0a-1d55-4fe2-a8cb-411111bbd08f.jpeg?generation=1774331363451145&alt=media
https://storage.googleapis.com/download/storage/v1/b/ved_prod__media/o/images%2Fwhatsapp_image_2026_03_23_at_1_19220b35-f6e6-43f2-ab14-e7e72eaae6de.jpeg?generation=1774331363790659&alt=media","Uttar Pradesh","Banda","Bagen","24-03-2026"
"Ken River - Chhatarpur, Madhya Pradesh - 23/02/2026","No","23-02-2026 18:30:00","Serial Number,Latitude,Longitude
,25.275772,80.351924
","Yes","Poclains, submerines, trucks","Instream mining, temporary roads created in the rivers for trucks and excavators to access the river - all of this is illegal.

Scale of mining is huge, saw 80-100 truck on the way.

Submerines (pandubi) are used to extract sand from riverbed. JCB excavators are used for instream mining.","https://storage.googleapis.com/download/storage/v1/b/ved_prod__media/o/images%2Fwhatsapp_image_2026_04_10_at_1_5a3c7dba-caae-451e-9f1c-f4ac60a298ac.jpeg?generation=1775808540188725&alt=media
https://storage.googleapis.com/download/storage/v1/b/ved_prod__media/o/images%2Fwhatsapp_image_2026_04_10_at_1_5064996a-4e37-4956-a368-60779517a78c.jpeg?generation=1775808540633420&alt=media
https://storage.googleapis.com/download/storage/v1/b/ved_prod__media/o/images%2Fwhatsapp_image_2026_04_10_at_1_824fb79f-bc3a-4534-9b3e-c8d49ed4bb3b.jpeg?generation=1775808541031075&alt=media
https://storage.googleapis.com/download/storage/v1/b/ved_prod__media/o/images%2Fwhatsapp_image_2026_04_10_at_1_508b643d-3f02-457d-96d6-4e516fbb4872.jpeg?generation=1775808541391404&alt=media
https://storage.googleapis.com/download/storage/v1/b/ved_prod__media/o/images%2Fwhatsapp_image_2026_04_10_at_1_a964e62e-020c-43dd-bd2f-f327ba3418f5.jpeg?generation=1775808541812763&alt=media
https://storage.googleapis.com/download/storage/v1/b/ved_prod__media/o/images%2Fwhatsapp_image_2026_04_10_at_1_c4a57fd0-18f3-4a46-b6c3-704b7637a4e7.jpeg?generation=1775808542286733&alt=media
https://storage.googleapis.com/download/storage/v1/b/ved_prod__media/o/images%2Fwhatsapp_image_2026_04_10_at_1_eafdf58f-119e-4417-811d-5e970eff2a1e.jpeg?generation=1775808542636411&alt=media
https://storage.googleapis.com/download/storage/v1/b/ved_prod__media/o/images%2Fwhatsapp_image_2026_04_10_at_1_23db259f-a8b5-47a1-8d03-3d67857067ce.jpeg?generation=1775808542988765&alt=media","Madhya Pradesh","Chhatarpur","Ken","10-04-2026"
"Ken River - Banda, Uttar Pradesh - 26th March 2026","Yes","26-03-2026 18:30:00","Serial Number,Latitude,Longitude
,25.70822545,80.3266188
","Yes","Poclains","Poclain mining sand from the within the river. Sand heaps can be seen on the bank


This mining observation report has been generated based on sightings of sand mining from a community member from the India Sand Watch and Veditum network, which has date, time and location stamped images as well.


Have observations of sand mining in Indian rivers? Email 
sandwatch@veditum.org","https://storage.googleapis.com/download/storage/v1/b/ved_prod__media/o/images%2Fscreenshot_2026_04_10_172057_cbfd2e13-6da1-4b33-98aa-003f212ec977.jpeg?generation=1775822026654321&alt=media
https://storage.googleapis.com/download/storage/v1/b/ved_prod__media/o/images%2Fscreenshot_2026_04_10_172210_048c34ee-21ac-4709-8d54-989803032e0e.jpeg?generation=1775822027208418&alt=media","Uttar Pradesh","Banda","Ken","10-04-2026"