"" ,"License ->Content in this spreadsheet is licensed under a Creative Commons Attribution-NonCommercial-ShareAlike 4.0 International license. Details of the license can be seen here: https://creativecommons.org/licenses/by-nc-sa/4.0","Citation->Recommended citation: India Sand Watch, Veditum India Foundation. Accessed via http://sandwatch.envmonitoring.in on 4/12/2026",
"Title","States","District","PDF","Number of streams identified for mining","Rivers / Streams","Total number of Identified/ proposed mining locations","Identified sand potential (cubic metres)","Identified sand potential (tonnes)","Additional notes","main.quarrySpecific.1.Sub district name","main.quarrySpecific.1.Rivers","main.quarrySpecific.1.Polygon points","main.quarrySpecific.1.Notes","main.quarrySpecific.2.Sub district name","main.quarrySpecific.2.Rivers","main.quarrySpecific.2.Polygon points","main.quarrySpecific.2.Notes","Sub district / Tehsil","Date of Issue","Website / Office From Which The Document Was Obtained","Issuing / Inviting Agency","Monitoring Agency","Published Date","main.quarrySpecific.1.Name of the quarry","main.quarrySpecific.1.Area in Ha","main.quarrySpecific.1.Minable reserve","main.quarrySpecific.1.Reserve price","main.quarrySpecific.2.Name of the quarry","main.quarrySpecific.2.Area in Ha","main.quarrySpecific.2.Minable reserve","main.quarrySpecific.2.Reserve price","main.quarrySpecific.3.Name of the quarry","main.quarrySpecific.3.Area in Ha","main.quarrySpecific.3.Minable reserve","main.quarrySpecific.3.Reserve price","main.quarrySpecific.3.Sub district name","main.quarrySpecific.3.Rivers","main.quarrySpecific.3.Polygon points","main.quarrySpecific.3.Notes","main.quarrySpecific.4.Name of the quarry","main.quarrySpecific.4.Area in Ha","main.quarrySpecific.4.Minable reserve","main.quarrySpecific.4.Reserve price","main.quarrySpecific.4.Sub district name","main.quarrySpecific.4.Rivers","main.quarrySpecific.4.Polygon points","main.quarrySpecific.4.Notes","main.quarrySpecific.5.Name of the quarry","main.quarrySpecific.5.Area in Ha","main.quarrySpecific.5.Minable reserve","main.quarrySpecific.5.Reserve price","main.quarrySpecific.5.Sub district name","main.quarrySpecific.5.Rivers","main.quarrySpecific.5.Polygon points","main.quarrySpecific.5.Notes","main.quarrySpecific.6.Name of the quarry","main.quarrySpecific.6.Area in Ha","main.quarrySpecific.6.Minable reserve","main.quarrySpecific.6.Reserve price","main.quarrySpecific.6.Sub district name","main.quarrySpecific.6.Rivers","main.quarrySpecific.6.Polygon points","main.quarrySpecific.6.Notes","main.quarrySpecific.7.Name of the quarry","main.quarrySpecific.7.Area in Ha","main.quarrySpecific.7.Minable reserve","main.quarrySpecific.7.Reserve price","main.quarrySpecific.7.Sub district name","main.quarrySpecific.7.Rivers","main.quarrySpecific.7.Polygon points","main.quarrySpecific.7.Notes","main.quarrySpecific.8.Name of the quarry","main.quarrySpecific.8.Area in Ha","main.quarrySpecific.8.Minable reserve","main.quarrySpecific.8.Reserve price","main.quarrySpecific.8.Sub district name","main.quarrySpecific.8.Rivers","main.quarrySpecific.8.Polygon points","main.quarrySpecific.8.Notes","main.quarrySpecific.9.Name of the quarry","main.quarrySpecific.9.Area in Ha","main.quarrySpecific.9.Minable reserve","main.quarrySpecific.9.Reserve price","main.quarrySpecific.9.Sub district name","main.quarrySpecific.9.Rivers","main.quarrySpecific.9.Polygon points","main.quarrySpecific.9.Notes","main.quarrySpecific.10.Name of the quarry","main.quarrySpecific.10.Area in Ha","main.quarrySpecific.10.Minable reserve","main.quarrySpecific.10.Reserve price","main.quarrySpecific.10.Sub district name","main.quarrySpecific.10.Rivers","main.quarrySpecific.10.Polygon points","main.quarrySpecific.10.Notes","main.quarrySpecific.11.Name of the quarry","main.quarrySpecific.11.Area in Ha","main.quarrySpecific.11.Minable reserve","main.quarrySpecific.11.Reserve price","main.quarrySpecific.11.Sub district name","main.quarrySpecific.11.Rivers","main.quarrySpecific.11.Polygon points","main.quarrySpecific.11.Notes","main.quarrySpecific.12.Name of the quarry","main.quarrySpecific.12.Area in Ha","main.quarrySpecific.12.Minable reserve","main.quarrySpecific.12.Reserve price","main.quarrySpecific.12.Sub district name","main.quarrySpecific.12.Rivers","main.quarrySpecific.12.Polygon points","main.quarrySpecific.12.Notes","main.quarrySpecific.13.Name of the quarry","main.quarrySpecific.13.Area in Ha","main.quarrySpecific.13.Minable reserve","main.quarrySpecific.13.Reserve price","main.quarrySpecific.13.Sub district name","main.quarrySpecific.13.Rivers","main.quarrySpecific.13.Polygon points","main.quarrySpecific.13.Notes","main.quarrySpecific.14.Name of the quarry","main.quarrySpecific.14.Area in Ha","main.quarrySpecific.14.Minable reserve","main.quarrySpecific.14.Reserve price","main.quarrySpecific.14.Sub district name","main.quarrySpecific.14.Rivers","main.quarrySpecific.14.Polygon points","main.quarrySpecific.14.Notes","main.quarrySpecific.15.Name of the quarry","main.quarrySpecific.15.Area in Ha","main.quarrySpecific.15.Minable reserve","main.quarrySpecific.15.Reserve price","main.quarrySpecific.15.Sub district name","main.quarrySpecific.15.Rivers","main.quarrySpecific.15.Polygon points","main.quarrySpecific.15.Notes","main.quarrySpecific.16.Name of the quarry","main.quarrySpecific.16.Area in Ha","main.quarrySpecific.16.Minable reserve","main.quarrySpecific.16.Reserve price","main.quarrySpecific.16.Sub district name","main.quarrySpecific.16.Rivers","main.quarrySpecific.16.Polygon points","main.quarrySpecific.16.Notes","main.quarrySpecific.17.Name of the quarry","main.quarrySpecific.17.Area in Ha","main.quarrySpecific.17.Minable reserve","main.quarrySpecific.17.Reserve price","main.quarrySpecific.17.Sub district name","main.quarrySpecific.17.Rivers","main.quarrySpecific.17.Polygon points","main.quarrySpecific.17.Notes","main.quarrySpecific.18.Sub district name","main.quarrySpecific.18.Rivers","main.quarrySpecific.18.Polygon points","main.quarrySpecific.18.Notes","main.quarrySpecific.19.Sub district name","main.quarrySpecific.19.Rivers","main.quarrySpecific.19.Polygon points","main.quarrySpecific.19.Notes","main.quarrySpecific.20.Sub district name","main.quarrySpecific.20.Rivers","main.quarrySpecific.20.Polygon points","main.quarrySpecific.20.Notes","main.quarrySpecific.21.Sub district name","main.quarrySpecific.21.Rivers","main.quarrySpecific.21.Polygon points","main.quarrySpecific.21.Notes","main.quarrySpecific.22.Sub district name","main.quarrySpecific.22.Rivers","main.quarrySpecific.22.Polygon points","main.quarrySpecific.22.Notes","main.quarrySpecific.23.Sub district name","main.quarrySpecific.23.Rivers","main.quarrySpecific.23.Polygon points","main.quarrySpecific.23.Notes","main.quarrySpecific.24.Sub district name","main.quarrySpecific.24.Rivers","main.quarrySpecific.24.Polygon points","main.quarrySpecific.24.Notes","main.quarrySpecific.25.Sub district name","main.quarrySpecific.25.Rivers","main.quarrySpecific.25.Polygon points","main.quarrySpecific.25.Notes","main.quarrySpecific.26.Sub district name","main.quarrySpecific.26.Rivers","main.quarrySpecific.26.Polygon points","main.quarrySpecific.26.Notes","main.quarrySpecific.27.Sub district name","main.quarrySpecific.27.Rivers","main.quarrySpecific.27.Polygon points","main.quarrySpecific.27.Notes","main.quarrySpecific.28.Sub district name","main.quarrySpecific.28.Rivers","main.quarrySpecific.28.Polygon points","main.quarrySpecific.28.Notes","main.quarrySpecific.29.Sub district name","main.quarrySpecific.29.Rivers","main.quarrySpecific.29.Polygon points","main.quarrySpecific.29.Notes","main.quarrySpecific.30.Sub district name","main.quarrySpecific.30.Rivers","main.quarrySpecific.30.Polygon points","main.quarrySpecific.30.Notes","main.quarrySpecific.31.Sub district name","main.quarrySpecific.31.Rivers","main.quarrySpecific.31.Polygon points","main.quarrySpecific.31.Notes","main.quarrySpecific.32.Sub district name","main.quarrySpecific.32.Rivers","main.quarrySpecific.32.Polygon points","main.quarrySpecific.32.Notes","main.quarrySpecific.33.Sub district name","main.quarrySpecific.33.Rivers","main.quarrySpecific.33.Polygon points","main.quarrySpecific.33.Notes","main.quarrySpecific.34.Sub district name","main.quarrySpecific.34.Rivers","main.quarrySpecific.34.Polygon points","main.quarrySpecific.34.Notes","main.quarrySpecific.35.Sub district name","main.quarrySpecific.35.Rivers","main.quarrySpecific.35.Polygon points","main.quarrySpecific.35.Notes","main.quarrySpecific.36.Sub district name","main.quarrySpecific.36.Rivers","main.quarrySpecific.36.Polygon points","main.quarrySpecific.36.Notes","main.quarrySpecific.37.Sub district name","main.quarrySpecific.37.Rivers","main.quarrySpecific.37.Polygon points","main.quarrySpecific.37.Notes","main.quarrySpecific.38.Sub district name","main.quarrySpecific.38.Rivers","main.quarrySpecific.38.Polygon points","main.quarrySpecific.38.Notes","main.quarrySpecific.39.Sub district name","main.quarrySpecific.39.Rivers","main.quarrySpecific.39.Polygon points","main.quarrySpecific.39.Notes","main.quarrySpecific.40.Sub district name","main.quarrySpecific.40.Rivers","main.quarrySpecific.40.Polygon points","main.quarrySpecific.40.Notes","main.quarrySpecific.41.Sub district name","main.quarrySpecific.41.Rivers","main.quarrySpecific.41.Polygon points","main.quarrySpecific.41.Notes","main.quarrySpecific.42.Sub district name","main.quarrySpecific.42.Rivers","main.quarrySpecific.42.Polygon points","main.quarrySpecific.42.Notes","main.quarrySpecific.43.Sub district name","main.quarrySpecific.43.Rivers","main.quarrySpecific.43.Polygon points","main.quarrySpecific.43.Notes","main.quarrySpecific.44.Sub district name","main.quarrySpecific.44.Rivers","main.quarrySpecific.44.Polygon points","main.quarrySpecific.44.Notes","main.quarrySpecific.45.Sub district name","main.quarrySpecific.45.Rivers","main.quarrySpecific.45.Polygon points","main.quarrySpecific.45.Notes","main.quarrySpecific.46.Sub district name","main.quarrySpecific.46.Rivers","main.quarrySpecific.46.Polygon points","main.quarrySpecific.46.Notes","main.quarrySpecific.47.Sub district name","main.quarrySpecific.47.Rivers","main.quarrySpecific.47.Polygon points","main.quarrySpecific.47.Notes"
"Paschim Medinipur","West Bengal","Paschim Medinipur","https://storage.googleapis.com/download/storage/v1/b/ved_prod__media/o/pdfs%2F5f96b7d2-aede-4ed1-9df7-fb097e6c30ca.pdf?generation=1669034097336340&alt=media",1,"Silabati",2,18800,"N/A","N/A","Garbeta - I","Silabati","Serial Number,Latitude,Longitude
A,22°49'15.03""N,87°30'33.95""E
B,22°49'14.07""N,87°30′33.52""E
C,22°49'23.76""N,87°30'8.33""E
D,22°49'24.46""N,87°30'9.02""E
","Mouza - Kalikapur  
 Area (Ha.) - 2.96 
 Mineable Reserve (in Cubic meter) - 14800 
 JL no - 900 
 Plot no - 1288(P) 
 P.S - Garhbeta 
 Method of mining - Manual 
 Ultimate depth of Mining - 1.5m - 2m   
 Reserve Price (in INR) - 370007","Garbeta - I","Silabati","Serial Number,Latitude,Longitude
A,22°51'13.92""N,87°17'25.79″E
B,22°51'13.29""N,87°17'26.16""E
C,22°51'10.33""N,87°17'21.37""E
D,22°51'12.31""N,87°17'20.09″E
","Mouza - Bhattagram, 
 Area - 0.80  
 Mineable Reserve (in Cubic meter) - 4000 
 JL no - 399 
 Plot no - 680(P) 
 P.S - Garhbeta  
 Method of mining - Manual 
 Ultimate depth of Mining - 1.5m - 2m 
 Reserve Price (in INR) - 100015","Midnapore","30-10-2018 18:30:00","https://www.paschimmedinipur.gov.in/","District Committee for competitive Bidding ","District Committee ","21-11-2022","N/A","N/A","N/A","N/A","N/A","N/A","N/A","N/A","N/A","N/A","N/A","N/A","N/A","N/A","N/A","N/A","N/A","N/A","N/A","N/A","N/A","N/A","N/A","N/A","N/A","N/A","N/A","N/A","N/A","N/A","N/A","N/A","N/A","N/A","N/A","N/A","N/A","N/A","N/A","N/A","N/A","N/A","N/A","N/A","N/A","N/A","N/A","N/A","N/A","N/A","N/A","N/A","N/A","N/A","N/A","N/A","N/A","N/A","N/A","N/A","N/A","N/A","N/A","N/A","N/A","N/A","N/A","N/A","N/A","N/A","N/A","N/A","N/A","N/A","N/A","N/A","N/A","N/A","N/A","N/A","N/A","N/A","N/A","N/A","N/A","N/A","N/A","N/A","N/A","N/A","N/A","N/A","N/A","N/A","N/A","N/A","N/A","N/A","N/A","N/A","N/A","N/A","N/A","N/A","N/A","N/A","N/A","N/A","N/A","N/A","N/A","N/A","N/A","N/A","N/A","N/A","N/A","N/A","N/A","N/A","N/A","N/A","N/A","N/A","N/A","N/A","N/A","N/A","N/A","N/A","N/A","N/A","N/A","N/A","N/A","N/A","N/A","N/A","N/A","N/A","N/A","N/A","N/A","N/A","N/A","N/A","N/A","N/A","N/A","N/A","N/A","N/A","N/A","N/A","N/A","N/A","N/A","N/A","N/A","N/A","N/A","N/A","N/A","N/A","N/A","N/A","N/A","N/A","N/A","N/A","N/A","N/A","N/A","N/A","N/A","N/A","N/A","N/A","N/A","N/A","N/A","N/A","N/A","N/A","N/A","N/A","N/A","N/A","N/A","N/A","N/A","N/A","N/A","N/A","N/A","N/A","N/A","N/A","N/A","N/A","N/A","N/A","N/A","N/A","N/A","N/A","N/A","N/A","N/A","N/A","N/A","N/A","N/A","N/A","N/A","N/A","N/A","N/A","N/A","N/A","N/A","N/A","N/A","N/A","N/A","N/A","N/A","N/A","N/A","N/A","N/A","N/A","N/A","N/A","N/A","N/A","N/A","N/A","N/A","N/A","N/A","N/A","N/A","N/A","N/A","N/A","N/A","N/A"
"Banka, 2022","Bihar","Banka","https://storage.googleapis.com/download/storage/v1/b/ved_prod__media/o/pdfs%2F7bce4ce8-ee09-4b99-b3f1-49aa9be6a551.pdf?generation=1669222658399888&alt=media",6,"Chanan, Badua, Odhni, Kurar, Chir, Sukhaniya",17,10894920,"N/A","N/A","Amarpur","Chanan","Serial Number,Latitude,Longitude
-,-,-
-,-,-
","Royalty Rate (INR/Cubic meter) - 150 
 Co-ordinates were not clear.","Banka","Chanan","Serial Number,Latitude,Longitude
-,-,-
-,-,-
","Royalty Rate (INR/Cubic meter) - 150 
 Co-ordinates were not clear.","Banka","23-11-2022 18:30:00","https://banka.nic.in/notice_category/tenders/","Mines and Geology Department ","Mines and Geology Department ","23-11-2022","Banka Chanan 1","35","630000 Cubic meters","94500000","Banka Chanan 2","30","540000 Cubic meters","81000000","Banka Chanan 3","27","486000 Cubic meters","72900000","Banka","Chanan","Serial Number,Latitude,Longitude
-,-,-
-,-,-
","Royalty Rate (INR/Cubic meter) - 150 
 Co-ordinates were not clear.","Banka Chanan 4","31","558000 Cubic meters","83700000","Banka","Chanan","Serial Number,Latitude,Longitude
-,-,-
-,-,-
","Sand Ghat Settlement Unit - Banka Chanan 4 
 Area (in Ha) - 31 
 Mineable Reserve (in Cubic meter) as per approved DSR 2022 - 558000 
 Royalty Rate (INR/Cubic meter) - 150 
 Reserve Price (in INR) for First Year - 83700000 
 Co-ordinates were not clear.","Banka Chanan 5","50","900000 Cubic meters","135000000","Banka","Chanan","Serial Number,Latitude,Longitude
-,-,-
-,-,-
","Sand Ghat Settlement Unit - Banka Chanan 5 
 Area (in Ha) - 50 
 Mineable Reserve (in Cubic meter) as per approved DSR 2022 - 900000 
 Royalty Rate (INR/Cubic meter) - 150 
 Reserve Price (in INR) for First Year - 135000000 
 Co-ordinates were not clear.","Banka Chanan 6","34","612000 Cubic meters","91800000","Banka","Chanan","Serial Number,Latitude,Longitude
-,-,-
-,-,-
","Sand Ghat Settlement Unit - Banka Chanan 6 
 Area (in Ha) - 34 
 Mineable Reserve (in Cubic meter) as per approved DSR 2022 - 612000 
 Royalty Rate (INR/Cubic meter) - 150 
 Reserve Price (in INR) for First Year - 91800000 
 Co-ordinates were not clear.","Banka Chanan 7","55.9","1006200 Cubic meters","150930000","Banka","Chanan","Serial Number,Latitude,Longitude
-,-,-
-,-,-
","Sand Ghat Settlement Unit - Banka Chanan 7 
 Area (in Ha) - 55.9 
 Mineable Reserve (in Cubic meter) as per approved DSR 2022 - 1006200 
 Royalty Rate (INR/Cubic meter) - 150 
 Reserve Price (in INR) for First Year - 150930000 
 Co-ordinates were not clear.","Banka Chanan 8","22","396000 Cubic meters","59400000","Banka","Chanan","Serial Number,Latitude,Longitude
-,-,-
-,-,-
","Sand Ghat Settlement Unit - Banka Chanan 8 
 Area (in Ha) - 22 
 Mineable Reserve (in Cubic meter) as per approved DSR 2022 - 396000 
 Royalty Rate (INR/Cubic meter) - 150 
 Reserve Price (in INR) for First Year - 59400000 
 Co-ordinates were not clear.","Banka Chanan 9","33","594000 Cubic meters","89100000","Banka","Chanan","Serial Number,Latitude,Longitude
-,-,-
-,-,-
","Sand Ghat Settlement Unit - Banka Chanan 9 
 Area (in Ha) - 33 
 Mineable Reserve (in Cubic meter) as per approved DSR 2022 - 594000 
 Royalty Rate (INR/Cubic meter) - 150 
 Reserve Price (in INR) for First Year - 89100000 
 Co-ordinates were not clear.","Badua Unit 1","42","504000 Cubic meters","37800000","Banka","Badua","Serial Number,Latitude,Longitude
-,-,-
-,-,-
","Sand Ghat Settlement Unit - Badua Unit 1 
 Area (in Ha) - 42 
 Mineable Reserve (in Cubic meter) as per approved DSR 2022 - 504000 
 Royalty Rate (INR/Cubic meter) - 75 
 Reserve Price (in INR) for First Year - 37800000 
 Co-ordinates were not clear.","Badua Unit 2","80","960000 Cubic meters","72000000","Banka","Badua","Serial Number,Latitude,Longitude
-,-,-
-,-,-
","Sand Ghat Settlement Unit - Badua Unit 2 
 Area (in Ha) - 80 
 Mineable Reserve (in Cubic meter) as per approved DSR 2022 - 960000 
 Royalty Rate (INR/Cubic meter) - 75 
 Reserve Price (in INR) for First Year - 72000000 
 Co-ordinates were not clear.","Badua Unit 3","27","324000 Cubic meters","24300000","Banka","Badua","Serial Number,Latitude,Longitude
-,-,-
-,-,-
","Sand Ghat Settlement Unit - Badua Unit 3 
 Area (in Ha) - 27 
 Mineable Reserve (in Cubic meter) as per approved DSR 2022 - 324000 
 Royalty Rate (INR/Cubic meter) - 75 
 Reserve Price (in INR) for First Year - 24300000 
 Co-ordinates were not clear.","Odhni Unit ","76.4","916800 Cubic meters","68760000","Banka","Odhni","Serial Number,Latitude,Longitude
-,-,-
-,-,-
","Sand Ghat Settlement Unit - Odhni Unit  
 Area (in Ha) - 76.4 
 Mineable Reserve (in Cubic meter) as per approved DSR 2022 - 916800 
 Royalty Rate (INR/Cubic meter) - 75 
 Reserve Price (in INR) for First Year - 68760000 
 Co-ordinates were not clear.","Kurar Unit ","41.36","496320 Cubic meters","37224000","Banka","Kurar","Serial Number,Latitude,Longitude
-,-,-
-,-,-
","Sand Ghat Settlement Unit - Kurar Unit  
 Area (in Ha) - 41.36 
 Mineable Reserve (in Cubic meter) as per approved DSR 2022 - 496320 
 Royalty Rate (INR/Cubic meter) - 75 
 Reserve Price (in INR) for First Year - 37224000 
 Co-ordinates were not clear.","Chir Unit 1 ","26","312000 Cubic meters","23400000","Banka","Chir","Serial Number,Latitude,Longitude
-,-,-
-,-,-
","Sand Ghat Settlement Unit - Chir Unit 1  
 Area (in Ha) - 26 
 Mineable Reserve (in Cubic meter) as per approved DSR 2022 - 312000 
 Royalty Rate (INR/Cubic meter) - 75 
 Reserve Price (in INR) for First Year - 23400000 
 Co-ordinates were not clear.","Chir Unit 2","67","804000 Cubic meters","60300000","Banka","Chir","Serial Number,Latitude,Longitude
-,-,-
-,-,-
","Sand Ghat Settlement Unit - Chir Unit 2 
 Area (in Ha) - 67 
 Mineable Reserve (in Cubic meter) as per approved DSR 2022 - 804000 
 Royalty Rate (INR/Cubic meter) - 75 
 Reserve Price (in INR) for First Year - 60300000 
 Co-ordinates were not clear.","Sukhaniya Unit","71.3","855600 Cubic meters","64170000","Banka","Sukhaniya","Serial Number,Latitude,Longitude
-,-,-
-,-,-
-,-,-
","Sand Ghat Settlement Unit - Sukhaniya Unit 
 Area (in Ha) - 71.3 
 Mineable Reserve (in Cubic meter) as per approved DSR 2022 - 855600 
 Royalty Rate (INR/Cubic meter) - 75 
 Reserve Price (in INR) for First Year - 64170000 
 Co-ordinates were not clear.","N/A","N/A","N/A","N/A","N/A","N/A","N/A","N/A","N/A","N/A","N/A","N/A","N/A","N/A","N/A","N/A","N/A","N/A","N/A","N/A","N/A","N/A","N/A","N/A","N/A","N/A","N/A","N/A","N/A","N/A","N/A","N/A","N/A","N/A","N/A","N/A","N/A","N/A","N/A","N/A","N/A","N/A","N/A","N/A","N/A","N/A","N/A","N/A","N/A","N/A","N/A","N/A","N/A","N/A","N/A","N/A","N/A","N/A","N/A","N/A","N/A","N/A","N/A","N/A","N/A","N/A","N/A","N/A","N/A","N/A","N/A","N/A","N/A","N/A","N/A","N/A","N/A","N/A","N/A","N/A","N/A","N/A","N/A","N/A","N/A","N/A","N/A","N/A","N/A","N/A","N/A","N/A","N/A","N/A","N/A","N/A","N/A","N/A","N/A","N/A","N/A","N/A","N/A","N/A","N/A","N/A","N/A","N/A","N/A","N/A","N/A","N/A","N/A","N/A","N/A","N/A","N/A","N/A","N/A","N/A"
"Lakhisarai, 2022","Bihar","Lakhisarai","https://storage.googleapis.com/download/storage/v1/b/ved_prod__media/o/pdfs%2Fa00f442b-ed26-4ccf-9bd5-5fd398dd0d74.pdf?generation=1669363481091742&alt=media",1,"Kiul",11,"N/A","N/A","N/A","Lakhisarai","Kiul","Serial Number,Latitude,Longitude
A,25°11'59.10""N,86°7'38.49""E
B,25°11'46.95""N,86° 7'44.82″E
C,25°11'23.15""N,86°7'0.44″E
D,25°11'35.32"" N,86°6'53.21""E
","Sand Ghat - LAKHI-KIUL-1 
 Area (in Ha.) - 61 
 Mouza - Kishanpur  
 P.S - Lakhisarai 
 Reserve Price - 1,54,48,630","Lakhisarai","Kiul","Serial Number,Latitude,Longitude
A,25°11'20.04""N,86°6'34.73"" E
B,25°11'10.53""N,86°6'41.28""E
C,25°10'55.01""N,86°6'12.91""E
D,25°11'3.55""N,86°6'5.06″E
","Sand Ghat - LAKHI-KIUL-2 
 Area (in Ha.) - 32.6 
 Mouza - Garhi Vishanpur  
 P.S - Sakhisarai 
 Reserve Price - 82,56,154","Lakhisarai","04-01-2022 18:30:00","https://lakhisarai.nic.in/","Mines and Geology Department ","Mines and Geology Department ","25-11-2022","LAKHI-KIUL-1","N/A","N/A","N/A","LAKHI-KIUL-2","N/A","N/A","N/A","LAKHI-KIUL-3","N/A","N/A","N/A","Lakhisarai","Kiul","Serial Number,Latitude,Longitude
A,25°11'3.55""N,86°6'5.06""E
B,25°10'55.01""N,86°6'12.91″E
C,25°10'48.20""N,86°6'2.95″E
D,25°10'34.93″N,86°5'56.83""E
E,25°10'36.78""N,86°5'46.72″E
F,25°10'51.18 N,86°5'53.24″E
","Sand Ghat - LAKHI-KIUL-3 
 Area (in Ha.) - 25.8 
 Mouza - Khagir 
 P.S - Kiul 
 Reserve Price - 65,34,011","LAKHI-KIUL-4","N/A","N/A","N/A","Lakhisarai","Kiul","Serial Number,Latitude,Longitude
A,25°10'4.21""N,86°5'49.39""E
B,25°10'7.79""N,86°6'1.16""E
C,25°9'54.24″N,86°6'7.01""E
D,25°9'41.22""N,86°6'18.22 E
E,25°9'37.02""N,86°6'10.75""E
F,25°9'56.72""N,86°5'52.83""E
","Sand Ghat - LAKHI-KIUL-4 
 Area (in Ha.) - 28.4 
 Mouza - Vrindavan  
 P.S - Kiul 
 Reserve Price - 71,92,477","LAKHI-KIUL-5","N/A","N/A","N/A","Lakhisarai","Kiul","Serial Number,Latitude,Longitude
A,25°9'37.02""N,86°6'10.75""E
B,25°9'41.22″N,86°6'18.22""E
C,25°9'20.32""N,86°6'33 16″E
D,25°9'17.08″N,86°6'24.29″E
","Sand Ghat - LAKHI-KIUL-5 
 Area (in Ha.) - 18.5 
 Mouza - Kawaiya 
 P.S - Kiul 
 Reserve Price - 46,85,241","LAKHI-KIUL-6","N/A","N/A","N/A","Lakhisarai","Kiul","Serial Number,Latitude,Longitude
A,25°9'17.08″N,86°6'24.29″E
B,25°9'20:32""N,86°6'33.16″E
C,25°8'35.97″N,86°6'38.32″E
D,25°8'35.01″N,86°6'29.29″E
","Sand Ghat - LAKHI-KIUL-6 
 Area (in Ha.) - 34.3 
 Mouza - Hasanpur 
 P.S - Kiul  
 Reserve Price - 86,86,689","LAKHI-KIUL-7","N/A","N/A","N/A","Lakhisarai","Kiul","Serial Number,Latitude,Longitude
A,25°8'35.01""N,86°6'29.29""E
B,25°8'35.97""N,86°6'38.32""E
C,25°8'13.94""N,86°6'38.92""E
D,25°8'8.89""N,86°6'30.66″E
E,25°8'21.79""N,86°6'27.86""E
","Sand Ghat - LAKHI-KIUL-7 
 Area (in Ha.) - 20.6 
 Mouza - Ghosi Kundi 
 P.S - Kiul 
 Reserve Price - 4,29,89,107","LAKHI-KIUL-8","N/A","N/A","N/A","Lakhisarai","Kiul","Serial Number,Latitude,Longitude
A,25°5'44.15""N,86°8'5.59""E
B,25°5'28.89""N,86°8'24.59″E
C,25°5'5.12″N,86°8'10.84""E
D,25°5'23.43″N,86°7'39.92""E
","Sand Ghat - LAKHI-KIUL-8 
 Area (in Ha.) - 76.6 
 Mouza - Maliya  
 P.S - Chanan 
 Reserve Price - 15,98,52,698","LAKHI-KIUL-9","N/A","N/A","N/A","Lakhisarai","Kiul","Serial Number,Latitude,Longitude
A,25°5'23.43""N,86°7'39.92""E
B,25°5'5.12""N,86°8'10.84""E
C,25°4'57.96""N,86°8'9.17""E
D,25°5'5.78""N,86°7'36.42""E
","Sand Ghat - LAKHI-KIUL-9 
 Area (in Ha.) - 37 
 Mouza - Tetarhat 
 P.S - Tetarhat 
 Reserve Price - 7,72,13,445","LAKHI-KIUL-10","N/A","N/A","N/A","Lakhisarai","Kiul","Serial Number,Latitude,Longitude
A,25°4'36.02""N,86°8'20.12""E
B,25°4'47.12""N,86°8'24.27""E
C,25°4′36.06""N,86°8'53.80""E
D,25°4′28.01""N,86°8'42.42""E
","Sand Ghat - LAKHI-KIUL-10 
 Area (in Ha.) - 31 
 Mouza - Nagardar  
 P.S - Chanan 
 Reserve Price - 6,46,92,345","LAKHI-KIUL-11","N/A","N/A","N/A","Lakhisarai","Kiul","Serial Number,Latitude,Longitude
A,25°4′28.01""N,86°8'42.42""E
B,25°4'36.06""N,86°8'53.80""E
C,25°4'2.99""N,86°9'18.79""E
D,25°3'56.28""N,86°9'1.80""E
","Sand Ghat - LAKHI KIUL-11 
 Area (in Ha.) - 53.9 
 Mouza - Nagardar 
 P.S - Chanan 
 Reserve Price - 11,24,81,206","N/A","N/A","N/A","N/A","N/A","N/A","N/A","N/A","N/A","N/A","N/A","N/A","N/A","N/A","N/A","N/A","N/A","N/A","N/A","N/A","N/A","N/A","N/A","N/A","N/A","N/A","N/A","N/A","N/A","N/A","N/A","N/A","N/A","N/A","N/A","N/A","N/A","N/A","N/A","N/A","N/A","N/A","N/A","N/A","N/A","N/A","N/A","N/A","N/A","N/A","N/A","N/A","N/A","N/A","N/A","N/A","N/A","N/A","N/A","N/A","N/A","N/A","N/A","N/A","N/A","N/A","N/A","N/A","N/A","N/A","N/A","N/A","N/A","N/A","N/A","N/A","N/A","N/A","N/A","N/A","N/A","N/A","N/A","N/A","N/A","N/A","N/A","N/A","N/A","N/A","N/A","N/A","N/A","N/A","N/A","N/A","N/A","N/A","N/A","N/A","N/A","N/A","N/A","N/A","N/A","N/A","N/A","N/A","N/A","N/A","N/A","N/A","N/A","N/A","N/A","N/A","N/A","N/A","N/A","N/A","N/A","N/A","N/A","N/A","N/A","N/A","N/A","N/A","N/A","N/A","N/A","N/A","N/A","N/A","N/A","N/A","N/A","N/A","N/A","N/A","N/A","N/A","N/A","N/A","N/A","N/A","N/A","N/A","N/A","N/A","N/A","N/A","N/A","N/A","N/A","N/A","N/A","N/A","N/A","N/A","N/A","N/A","N/A","N/A","N/A","N/A","N/A","N/A"
"Gaya","Bihar","Gaya","https://storage.googleapis.com/download/storage/v1/b/ved_prod__media/o/pdfs%2F%2F534ea2dc-f44b-4cde-9e40-804e57eb55ec.pdf?generation=1670266099097613&alt=media",2,"Falgu, Morhar",40,"N/A","N/A","N/A","Khizirsarai","Falgu","Serial Number,Latitude,Longitude
,24 59 33.86 N,85 5 19.03 E
,,
","Mauza - Sripur, Khizarisai, Budhua 
 Thana - Khizarisai 
 Area (in Ha.) - 92 
 Minimum Reserve amount (in Rs.) - 15440115","Khizirsarai","Falgu","Serial Number,Latitude,Longitude
,24 58 14.04 N,85 4 28.72 E
,,
","Mauza - Panchrukai 
 Thana - Khizarisai 
 Area (in Ha.) - 62.6 
 Minimum Reserve amount (in Rs.) - 10505992","Fatehpur, Khizirsarai","28-11-2019 18:30:00","https://gaya.nic.in/","Mines and Geology Department ","Mines and Geology Department ","05-12-2022","N/A","N/A","N/A","N/A","N/A","N/A","N/A","N/A","N/A","N/A","N/A","N/A","Fatehpur","Falgu","Serial Number,Latitude,Longitude
,24 57 34.89 N,85 3 47.99 E
,,
","Mauza - Fatehpur 
 Thana - Khizarisai 
 Area (in Ha.) - 99 
 Minimum Reserve amount (in Rs.) - 16614907","N/A","N/A","N/A","N/A","Fatehpur","Falgu","Serial Number,Latitude,Longitude
,24 56 26.45 N,85 3 10.24 E
,,
","Mauza - Degoan, Sunderpur, Belbigha 
 Thana - Khizarisai 
 Area (in Ha.) - 99 
 Minimum Reserve amount (in Rs.) - 16614907","N/A","N/A","N/A","N/A","Khizirsarai","Falgu","Serial Number,Latitude,Longitude
,24 55 51.50 N,85 2 33.48 E
,,
","Mauza - Pachalakh 
 Thana - Khizarisai 
 Area (in Ha.) - 99 
 Minimum Reserve amount (in Rs.) - 16614907","N/A","N/A","N/A","N/A","Khizirsarai","Falgu","Serial Number,Latitude,Longitude
,24 55 2.48 N,85 2 11.79 E
,,
","Mauza - Shanti Nagar 
 Thana - Khizarisai 
 Area (in Ha.) - 99 
 Minimum Reserve amount (in Rs.) - 16614907","N/A","N/A","N/A","N/A","Konch","Falgu","Serial Number,Latitude,Longitude
,24 53 47.98 N,85 2 0.78 E
,,
","Mauza - Tineri 
 Thana - Chandauti 
 Area (in Ha.) - 99 
 Minimum Reserve amount (in Rs.) - 16614907","N/A","N/A","N/A","N/A","N/A","N/A","N/A","N/A","N/A","N/A","N/A","N/A","N/A","N/A","N/A","N/A","N/A","N/A","N/A","N/A","N/A","N/A","N/A","N/A","N/A","N/A","N/A","N/A","N/A","N/A","N/A","N/A","N/A","N/A","N/A","N/A","N/A","N/A","N/A","N/A","N/A","N/A","N/A","N/A","N/A","N/A","N/A","N/A","N/A","N/A","N/A","N/A","N/A","N/A","N/A","N/A","N/A","N/A","N/A","N/A","N/A","N/A","N/A","N/A","N/A","N/A","N/A","N/A","N/A","N/A","N/A","N/A","N/A","N/A","N/A","N/A","N/A","N/A","N/A","N/A","N/A","N/A","N/A","N/A","N/A","N/A","N/A","N/A","N/A","N/A","N/A","N/A","N/A","N/A","N/A","N/A","N/A","N/A","N/A","N/A","N/A","N/A","N/A","N/A","N/A","N/A","N/A","N/A","N/A","N/A","N/A","N/A","N/A","N/A","N/A","N/A","N/A","N/A","N/A","N/A","N/A","N/A","N/A","N/A","N/A","N/A","N/A","N/A","N/A","N/A","N/A","N/A","N/A","N/A","N/A","N/A","N/A","N/A","N/A","N/A","N/A","N/A","N/A","N/A","N/A","N/A","N/A","N/A","N/A","N/A","N/A","N/A","N/A","N/A","N/A","N/A","N/A","N/A","N/A","N/A","N/A","N/A","N/A","N/A","N/A","N/A","N/A","N/A","N/A","N/A","N/A","N/A","N/A","N/A","N/A","N/A","N/A","N/A","N/A","N/A","N/A","N/A","N/A","N/A","N/A","N/A","N/A","N/A","N/A","N/A","N/A","N/A","N/A","N/A","N/A","N/A","N/A","N/A","N/A","N/A"
"Kaimur, 2020","Bihar","Kaimur (Bhabua)","https://storage.googleapis.com/download/storage/v1/b/ved_prod__media/o/pdfs%2F%2Fe6bab6a4-645d-41b1-bb91-0396933aa096.pdf?generation=1670413185935072&alt=media",4,"Karamnasa, Durgawati, Suwara, Kudra ",3,"N/A","N/A","N/A","Bhabua","Karamnasa","Serial Number,Latitude,Longitude
A,25°22'39.66""N,83°46'37.31""E
B,25°20′26.05""N,83°38'15.97""E
","Reserve Price (in Rs) - 19,72,118","Nuaon","Durgawati, Suwara","Serial Number,Latitude,Longitude
A,25°21′52.70""N,83°40'56.40""E
B,25°0'14.04""N,83°48'18.37""E
A,25°10'18.55""N,83°32'23.07""E
B,24°56'6.88""N,83°35'16.95""E
","Reserve Price (in Rs) - 1,38,04,826","Bhabua","26-02-2020 18:30:00","https://kaimur.nic.in/","Mines and Geology Department ","Mines and Geology Department ","07-12-2022","Ghat Karamnasa","N/A","N/A","19,72,118","Ghat Durgawati and Suwara","N/A","N/A","1,38,04,826","Ghat Kudra","N/A","N/A","2,36,65,416","Bhabua","Kudra , Durgawati","Serial Number,Latitude,Longitude
A,25°17'56.02""N,83°40'52.82""E
B,25°0'58.35""N,83°49'42.21""E
","Reserve Price (in Rs) - 2,36,65,416","N/A","N/A","N/A","N/A","N/A","N/A","N/A","N/A","N/A","N/A","N/A","N/A","N/A","N/A","N/A","N/A","N/A","N/A","N/A","N/A","N/A","N/A","N/A","N/A","N/A","N/A","N/A","N/A","N/A","N/A","N/A","N/A","N/A","N/A","N/A","N/A","N/A","N/A","N/A","N/A","N/A","N/A","N/A","N/A","N/A","N/A","N/A","N/A","N/A","N/A","N/A","N/A","N/A","N/A","N/A","N/A","N/A","N/A","N/A","N/A","N/A","N/A","N/A","N/A","N/A","N/A","N/A","N/A","N/A","N/A","N/A","N/A","N/A","N/A","N/A","N/A","N/A","N/A","N/A","N/A","N/A","N/A","N/A","N/A","N/A","N/A","N/A","N/A","N/A","N/A","N/A","N/A","N/A","N/A","N/A","N/A","N/A","N/A","N/A","N/A","N/A","N/A","N/A","N/A","N/A","N/A","N/A","N/A","N/A","N/A","N/A","N/A","N/A","N/A","N/A","N/A","N/A","N/A","N/A","N/A","N/A","N/A","N/A","N/A","N/A","N/A","N/A","N/A","N/A","N/A","N/A","N/A","N/A","N/A","N/A","N/A","N/A","N/A","N/A","N/A","N/A","N/A","N/A","N/A","N/A","N/A","N/A","N/A","N/A","N/A","N/A","N/A","N/A","N/A","N/A","N/A","N/A","N/A","N/A","N/A","N/A","N/A","N/A","N/A","N/A","N/A","N/A","N/A","N/A","N/A","N/A","N/A","N/A","N/A","N/A","N/A","N/A","N/A","N/A","N/A","N/A","N/A","N/A","N/A","N/A","N/A","N/A","N/A","N/A","N/A","N/A","N/A","N/A","N/A","N/A","N/A","N/A","N/A","N/A","N/A","N/A","N/A","N/A","N/A","N/A","N/A","N/A","N/A","N/A","N/A","N/A","N/A","N/A","N/A","N/A","N/A","N/A","N/A","N/A","N/A","N/A","N/A","N/A","N/A","N/A","N/A","N/A","N/A","N/A","N/A","N/A","N/A"
"Kishanganj","Bihar","Kishanganj","https://storage.googleapis.com/download/storage/v1/b/ved_prod__media/o/pdfs%2F%2F1b445b8c-1234-4f94-9da7-b115d5535e22.pdf?generation=1670501209476321&alt=media",5,"Mahananda, Dok, Chenga, Kankai, Budhi-Kankai, Mechi, Goriya",37,289614,"N/A","N/A","Pothia","Mahananda","Serial Number,Latitude,Longitude
,26 26 45.90,88 13 52.93
,,
","Sand Ghat - Dubanochi  
 Area (in Ha.) - 21.6 
 Police Station - Pothia 
 Reserve Price (in Rs) - 9720000","Pothia","Mahananda","Serial Number,Latitude,Longitude
,26 26 14.92,88 12 23.00
,,
","Sand Ghat - Dhakpara 
 Area (in Ha.) - 10.6 
 Police Station - Pothia 
 Reserve Price (in Rs) - 4770000","Kishanganj","16-09-2022 18:30:00","https://kishanganj.nic.in/","Mines and Geology Department ","Mines and Geology Department ","10-12-2022","N/A","N/A","N/A","N/A","N/A","N/A","N/A","N/A","N/A","N/A","N/A","N/A","Pothia","Mahananda","Serial Number,Latitude,Longitude
,26 14 13.85,87 59 50.05
,,
","Sand Ghat - Raipur 
 Area (in Ha.) - 33 
 Police Station - Pothia 
 Reserve Price (in Rs) - 14850000","N/A","N/A","N/A","N/A","Pothia","Mahananda","Serial Number,Latitude,Longitude
,26 14 43.31,88 0 10.92 
,,
","Sand Ghat - Keshojhara 
 Area (in Ha.) - 12 
 Police Station - Pothia 
 Reserve Price (in Rs) - 5400000","N/A","N/A","N/A","N/A","Kishanganj","Budhi-Kankai","Serial Number,Latitude,Longitude
,26 19 40.07,87 56 26.83
,,
","Sand Ghat - Puakhali Sand Ghat 
 Area (in Ha) - 18 
 P.S - Puakhali  
 Reserve Price (in Rs) -  8100000","N/A","N/A","N/A","N/A","Kishanganj","Dok","Serial Number,Latitude,Longitude
,26 19 6.55,88 8 38.44
,,
","Sand Ghat - Barkunia 
 Area (in Ha) - 04 
 P.S - Kishanganj 
 Reserve Price (in Rs) -  1800000","N/A","N/A","N/A","N/A","Thakurganj","Chenga","Serial Number,Latitude,Longitude
,26 32 7.08,88 12 47.34
,,
","Sand Ghat - Kukurbadi 1 
 Area (in Ha) - 2.70 
 P.S - Galgaliya 
 Reserve Price (in Rs) - 1215000","N/A","N/A","N/A","N/A","Thakurganj","Chenga","Serial Number,Latitude,Longitude
,26 31 51.30,88 12 45.62
,,
","Sand Ghat - Kukurbadi 2 
 Area (in Ha) - 4.65 
 P.S - Galgaliya 
 Reserve Price (in Rs) - 2092500","N/A","N/A","N/A","N/A","Thakurganj","Chenga","Serial Number,Latitude,Longitude
,26 31 27.84,88 12 30.97
,,
","Sand Ghat -  Kukurbadi 3 
 Area (in Ha) - 2.65 
 P.S - Galgaliya 
 Reserve Price (in Rs) - 1192500","N/A","N/A","N/A","N/A","Thakurganj","Chenga","Serial Number,Latitude,Longitude
,26 29 49.52,88 10 41.55
,,
","Sand Ghat - Patharia 1 
 Area (in Ha) - 2.22 
 P.S - Galgaliya 
 Reserve Price (in Rs) - 999000","N/A","N/A","N/A","N/A","Thakurganj","Chenga","Serial Number,Latitude,Longitude
,26 29 29.80,88 10 36.01
,,
","Sand Ghat - Patharia 2 
 Area (in Ha) - 3.17 
 P.S - Galgaliya 
 Reserve Price (in Rs) - 1426500","N/A","N/A","N/A","N/A","Thakurganj","Chenga","Serial Number,Latitude,Longitude
,26 29 8.39,88 10 50.67
,,
","Sand Ghat - Patharia 3 
 Area (in Ha) - 2.15 
 P.S - Galgaliya 
 Reserve Price (in Rs) - 967500","N/A","N/A","N/A","N/A","Thakurganj","Chenga","Serial Number,Latitude,Longitude
,26 28 41.47,88 10 50.74
,,
","Sand Ghat - Patharia 4 
 Area (in Ha) - 1 
 P.S - Galgaliya 
 Reserve Price (in Rs) - 450000","N/A","N/A","N/A","N/A","Thakurganj","Chenga","Serial Number,Latitude,Longitude
,26 28 34.96,88 10 42.10
,,
","Sand Ghat - Patharia 5 
 Area (in Ha) - 1.46 
 P.S - Galgaliya 
 Reserve Price (in Rs) - 657000","N/A","N/A","N/A","N/A","Thakurganj","Chenga","Serial Number,Latitude,Longitude
,26 26 34.44,88 10 21.12
,,
","Sand Ghat - Gidhingola 
 Area (in Ha) - 10 
 P.S - Thakurganj 
 Reserve Price (in Rs) - 4500000","N/A","N/A","N/A","N/A","Thakurganj","Chenga","Serial Number,Latitude,Longitude
,26 25 59.44,88 10 12.88
,,
","Sand Ghat - Thakurganj 1 
 Area (in Ha) - 3.22 
 P.S - Thakurganj 
 Reserve Price (in Rs) - 1449000","N/A","N/A","N/A","N/A","Thakurganj","Chenga","Serial Number,Latitude,Longitude
,26 25 38.26,88 10 8.37
,,
","Sand Ghat - Thakurganj 2 
 Area (in Ha) - 4.52 
 P.S - Thakurganj 
 Reserve Price (in Rs) - 2034000","Thakurganj","Chenga","Serial Number,Latitude,Longitude
,26 25 13.05,88 9 19.59
,,
","Sand Ghat - Kanakpur 
 Area (in Ha) - 5.25 
 P.S - Thakurganj 
 Reserve Price (in Rs) - 2362500","Pothia","Mahananda","Serial Number,Latitude,Longitude
,26 25 42.01,88 12 4.43
,,
","Sand Ghat - Fatehjungpur 
 Area (in Ha) - 25 
 P.S - Pothia 
 Reserve Price (in Rs) - 11250000","Pothia","Mahananda","Serial Number,Latitude,Longitude
,26 25 16.41,88 11 36.61
,,
","Sand Ghat - Sakhuadali 
 Area (in Ha) - 30  
 P.S - Pothia  
 Reserve Price (in Rs) - 13500000","Kishanganj","Mahananda","Serial Number,Latitude,Longitude
,26 12 59.01,87 57 1.87
,,
","Sand Ghat - Andowakol  
 Area (in Ha) - 30 
 P.S - Kishanganj 
 Reserve Price (in Rs) - 13500000","Terhagachh","Kankai","Serial Number,Latitude,Longitude
,26 25 26.97,87 46 50.58
,,
","Sand Ghat - Lohagara 
 Area (in Ha) - 25 
 P.S - Garwantola 
 Reserve Price (in Rs) - 11250000","Terhagachh","Kankai","Serial Number,Latitude,Longitude
,26 23 23.99,87 45 17.58
,,
","Sand Ghat - Kanchanbadi 
 Area (in Ha) - 25 
 P.S - Korabadi 
 Reserve Price (in Rs) - 11250000","Terhagachh","Kankai","Serial Number,Latitude,Longitude
,26 15 40.08,87 44 47.40
,,
","Sand Ghat - Tegharia  
 Area (in Ha) - 18  
 P.S - Bahadurganj 
 Reserve Price (in Rs) - 8100000","Thakurganj","Budhi-Kankai","Serial Number,Latitude,Longitude
,26 21 43.46,87 56 36.52
,,
","Sand Ghat - Dumaria  
 Area (in Ha) - 10 
 P.S - Powakhali  
 Reserve Price (in Rs) - 4500000","Thakurganj","Mechi","Serial Number,Latitude,Longitude
,26 24 22.87,88 3 47.48
,,
","Sand Ghat - Dallegaon  
 Area (in Ha) - 15 
 P.S - Galgalia 
 Reserve Price (in Rs) - 6750000","Thakurganj","Mechi","Serial Number,Latitude,Longitude
,26 23 26.37,88 3 8.06
,,
","Sand Ghat - Hazarigarh 
 Area (in Ha) - 21.5 
 P.S - Galgalia 
 Reserve Price (in Rs) - 9675000","Pothia","Mahananda","Serial Number,Latitude,Longitude
,26 24 51.41,88 10 50.78
,,
","Sand Ghat - Kharna 1 
 Area (in Ha) - 20 
 P.S - Pothia 
 Reserve Price (in Rs) - 9000000","Pothia","Mahananda","Serial Number,Latitude,Longitude
,26 22 40.43,88 9 2.75
,,
","Sand Ghat - Kharna 2 
 Area (in Ha) - 20 
 P.S - Pothia 
 Reserve Price (in Rs) - 9000000","Kishanganj","Mahananda","Serial Number,Latitude,Longitude
,26 717.95,87 53 52.64
,,
","Sand Ghat - Govindpur 
 Area (in Ha) - 10 
 P.S - Kishanganj 
 Reserve Price (in Rs) - 4500000","Kishanganj","Dok","Serial Number,Latitude,Longitude
,26 15 41.37,88 5 14.10
,,
","Sand Ghat - Sitajhari 
 Area (in Ha) - 10 
 P.S - Kishaganj 
 Reserve Price (in Rs) - 4500000","Kishanganj","Dok","Serial Number,Latitude,Longitude
,26 12 33.72,87 59 50.07
,,
","Sand Ghat - Sundarbari 
 Area (in Ha) - 10 
 P.S - Kishanganj 
 Reserve Price (in Rs) - 4500000","Kishanganj","Dok","Serial Number,Latitude,Longitude
,26 11 23.06,87 57 49.47
,,
","Sand Ghat - Belwa Kashipur 
 Area (in Ha) - 10 
 P.S - Kishanganj 
 Reserve Price (in Rs) - 4500000","Terhagachh","Goriya","Serial Number,Latitude,Longitude
,26 23 33.31,87 42 40.34
,,
","Sand Ghat - Terhagachh 
 Area (in Ha) - 01 
 P.S - Terhagachh 
 Reserve Price (in Rs) - 450000","Pothia","Mahananda","Serial Number,Latitude,Longitude
,26 24 51.41,88 10 50.78
,,
","Sand Ghat - Purandarpur 
 Area (in Ha) - 28 
 P.S - Pothia 
 Reserve Price (in Rs) - 12600000","Thakurganj","Mechi","Serial Number,Latitude,Longitude
,26 20 25.50,88 1 58.69
,,
","Sand Ghat - Gambhirgarh 
 Area (in Ha) - 22 
 P.S - Sukhani 
 Reserve Price (in Rs) - 9900000","Terhagachh","Kankai","Serial Number,Latitude,Longitude
,26 26 28.48,87 47 35.48
,,
","Sand Ghat - Palsa 
 Area (in Ha) - 10 
 P.S - Garwantola 
 Reserve Price (in Rs) - 4500000","N/A","N/A","N/A","N/A","N/A","N/A","N/A","N/A","N/A","N/A","N/A","N/A","N/A","N/A","N/A","N/A","N/A","N/A","N/A","N/A","N/A","N/A","N/A","N/A","N/A","N/A","N/A","N/A","N/A","N/A","N/A","N/A","N/A","N/A","N/A","N/A","N/A","N/A","N/A","N/A"
"Madhepura","Bihar","Madhepura","https://storage.googleapis.com/download/storage/v1/b/ved_prod__media/o/pdfs%2F%2F1df9db56-019a-4113-8eb0-a434b18ff764.pdf?generation=1670630872862839&alt=media",4,"Chilauni, Sursar, Gomti, Parman",8,"N/A","N/A","N/A","Shankarpur","Chilauni","Serial Number,Latitude,Longitude
,26 3 37.62,86 55 37.39
,,
","Cluster Unit 1 
 Block-1 Bariyahi Sand Ghat 
 Mouza - Moura 
 P.S - Shankarpur 
 Area (in Ha) - 2.8 
 Minebale sand (MT) - 122257 (combined for blocks 1,2,3) 
 Reserve Price for entire Unit - 47,11,500","Kumarkhand","Chilauni","Serial Number,Latitude,Longitude
,26 2 4.67,86 55 8.48
,,
","Cluster Unit 1 
 Block-2 Tegraha Sikiyaha Sand Ghat 
 Mouza - Shripur 
 P.S - Kumarkhand 
 Area (in Ha) - 2.15 
 Minebale sand (MT) - 122257 (combined for blocks 1,2,3) 
 Reserve Price for entire Unit - 47,11,500","Shankarpur, Kumarkhand, Gwalpara, Singheshwar, Madhepura","07-11-2022 18:30:00","https://madhepura.nic.in/","Mines and Geology Department ","Mines and Geology Department ","10-12-2022","N/A","N/A","N/A","N/A","N/A","N/A","N/A","N/A","N/A","N/A","N/A","N/A","Kumarkhand","Chilauni","Serial Number,Latitude,Longitude
,25 58 0.48,86 56 45.42
,,
","Cluster Unit 1 
 Block-3 Ranipatty East Sand Ghat 
 Mouza - Bishanpur 
 P.S - Kumarkhand 
 Area (in Ha) - 2.86 
 Minebale sand (MT) - 122257 (combined for blocks 1,2,3) 
 Reserve Price for entire Unit - 47,11,500 
 ","N/A","N/A","N/A","N/A","Gwalpara","Sursar","Serial Number,Latitude,Longitude
,25 49 11.12,86 54 31.70
,,
","Cluster Unit 1 
 Block-4 Rakhia Patti Sand Ghat 
 Mouza - Jhitikia 
 P.S - Gwalpara 
 Area (in Ha) - 1.13 
 Minebale sand (MT) - 41667 (combined for blocks 4,5) 
 Reserve Price for entire Unit - 47,11,500","N/A","N/A","N/A","N/A","Gwalpara","Sursar","Serial Number,Latitude,Longitude
,25 47 40.68,86 53 7.72
,,
","Cluster Unit 1 
 Block-5 Bishanpur Sand Ghat 
 Mouza - Bishanpur 
 P.S - Gwalpara 
 Area (in Ha) - 1.53 
 Minebale sand (MT) - 41667 (combined for blocks 4,5) 
 Reserve Price for entire Unit - 47,11,500","N/A","N/A","N/A","N/A","Singheshwar","Gomti, Parman","Serial Number,Latitude,Longitude
,26 1 15.75,86 49 30.22
,,
","Cluster Unit 2 
 Block-6 Lalpur Sand Ghat 
 Mouza - Saropatti 
 P.S - Singheswar 
 Area (in Ha) - 6.1 
 Minebale sand (MT) - 167388 (entire block)  
 Reserve Price for entire Unit - 48,06,000","N/A","N/A","N/A","N/A","Singheshwar","Gomti, Parman","Serial Number,Latitude,Longitude
,25 58 28.10,86 49 1.19
,,
","Cluster Unit 2 
 Block-7 Rampur Sand Ghat 
 Mouza - Rampur 
 P.S - Singheswar 
 Area (in Ha) - 2.68 
 Minebale sand (MT) - 167388 (entire block) 
 Reserve Price for entire Unit - 48,06,000","N/A","N/A","N/A","N/A","Madhepura","Gomti, Parman","Serial Number,Latitude,Longitude
,25 51 54.65,86 45 43.49
,,
","Cluster Unit 2 
 Block-8 Bagh Khopaiti Sand Ghat 
 Mouza - Hanuman Nagar 
 P.S - Madehpura 
 Area (in Ha) - 1.90 
 Minebale sand (MT) - 167388 (entire block) 
 Reserve Price for entire Unit - 48,06,000","N/A","N/A","N/A","N/A","N/A","N/A","N/A","N/A","N/A","N/A","N/A","N/A","N/A","N/A","N/A","N/A","N/A","N/A","N/A","N/A","N/A","N/A","N/A","N/A","N/A","N/A","N/A","N/A","N/A","N/A","N/A","N/A","N/A","N/A","N/A","N/A","N/A","N/A","N/A","N/A","N/A","N/A","N/A","N/A","N/A","N/A","N/A","N/A","N/A","N/A","N/A","N/A","N/A","N/A","N/A","N/A","N/A","N/A","N/A","N/A","N/A","N/A","N/A","N/A","N/A","N/A","N/A","N/A","N/A","N/A","N/A","N/A","N/A","N/A","N/A","N/A","N/A","N/A","N/A","N/A","N/A","N/A","N/A","N/A","N/A","N/A","N/A","N/A","N/A","N/A","N/A","N/A","N/A","N/A","N/A","N/A","N/A","N/A","N/A","N/A","N/A","N/A","N/A","N/A","N/A","N/A","N/A","N/A","N/A","N/A","N/A","N/A","N/A","N/A","N/A","N/A","N/A","N/A","N/A","N/A","N/A","N/A","N/A","N/A","N/A","N/A","N/A","N/A","N/A","N/A","N/A","N/A","N/A","N/A","N/A","N/A","N/A","N/A","N/A","N/A","N/A","N/A","N/A","N/A","N/A","N/A","N/A","N/A","N/A","N/A","N/A","N/A","N/A","N/A","N/A","N/A","N/A","N/A","N/A","N/A","N/A","N/A","N/A","N/A","N/A","N/A","N/A","N/A","N/A","N/A","N/A","N/A","N/A","N/A","N/A","N/A","N/A","N/A","N/A","N/A","N/A","N/A","N/A","N/A","N/A","N/A","N/A","N/A","N/A","N/A","N/A","N/A"
"Surguja, 2020","Chhattisgarh","Surguja, Balrampur-Ramanujganj","https://storage.googleapis.com/download/storage/v1/b/ved_prod__media/o/pdfs%2F%2Fc059e6a3-35f3-4cff-9a2b-880eedce67b8.pdf?generation=1670801602700242&alt=media",1,"Mand ",1,"N/A","N/A","Wadrafnagar subdistrict is now (2025) part of Balrampur-Ramanujganj District","Sitapur","Mand ","Serial Number,Latitude,Longitude
A,22° 50'19.94"" N,83° 29'58.77"" E
B,22° 50'19.74"" N,83° 29'54.56"" E
C,22° 50'31.42"" N,83° 29'53.75"" E
D,22° 50′30.13"" N,83° 29'41.071 E
E,22° 50 31.76"" N,83°29′42.82"" E
F,22° 50'32.94"" N,83° 29'54.48"" E
","Area (in Ha) - 5  
 Gram panchayat Raikera 
 ","N/A","N/A","N/A","N/A","Wadrafnagar","07-11-2020 18:30:00","https://surguja.gov.in/","Collector Office (Mining Department)","Collector Office (Mining Department)","11-12-2022","-","N/A","N/A","N/A","N/A","N/A","N/A","N/A","N/A","N/A","N/A","N/A","N/A","N/A","N/A","N/A","N/A","N/A","N/A","N/A","N/A","N/A","N/A","N/A","N/A","N/A","N/A","N/A","N/A","N/A","N/A","N/A","N/A","N/A","N/A","N/A","N/A","N/A","N/A","N/A","N/A","N/A","N/A","N/A","N/A","N/A","N/A","N/A","N/A","N/A","N/A","N/A","N/A","N/A","N/A","N/A","N/A","N/A","N/A","N/A","N/A","N/A","N/A","N/A","N/A","N/A","N/A","N/A","N/A","N/A","N/A","N/A","N/A","N/A","N/A","N/A","N/A","N/A","N/A","N/A","N/A","N/A","N/A","N/A","N/A","N/A","N/A","N/A","N/A","N/A","N/A","N/A","N/A","N/A","N/A","N/A","N/A","N/A","N/A","N/A","N/A","N/A","N/A","N/A","N/A","N/A","N/A","N/A","N/A","N/A","N/A","N/A","N/A","N/A","N/A","N/A","N/A","N/A","N/A","N/A","N/A","N/A","N/A","N/A","N/A","N/A","N/A","N/A","N/A","N/A","N/A","N/A","N/A","N/A","N/A","N/A","N/A","N/A","N/A","N/A","N/A","N/A","N/A","N/A","N/A","N/A","N/A","N/A","N/A","N/A","N/A","N/A","N/A","N/A","N/A","N/A","N/A","N/A","N/A","N/A","N/A","N/A","N/A","N/A","N/A","N/A","N/A","N/A","N/A","N/A","N/A","N/A","N/A","N/A","N/A","N/A","N/A","N/A","N/A","N/A","N/A","N/A","N/A","N/A","N/A","N/A","N/A","N/A","N/A","N/A","N/A","N/A","N/A","N/A","N/A","N/A","N/A","N/A","N/A","N/A","N/A","N/A","N/A","N/A","N/A","N/A","N/A","N/A","N/A","N/A","N/A","N/A","N/A","N/A","N/A","N/A","N/A","N/A","N/A","N/A","N/A","N/A","N/A","N/A","N/A","N/A","N/A","N/A","N/A","N/A","N/A","N/A","N/A","N/A","N/A","N/A","N/A","N/A","N/A","N/A","N/A","N/A","N/A","N/A","N/A","N/A","N/A","N/A"
"Darbhanga, 2022","Bihar","Darbhanga","https://storage.googleapis.com/download/storage/v1/b/ved_prod__media/o/pdfs%2F%2Fd73c6bf6-e7d5-40e5-9dc5-aed77a3605e2.pdf?generation=1671021853721189&alt=media",1,"Bagmati",2,110000,"N/A","N/A","Hayaghat","Bagmati","Serial Number,Latitude,Longitude
A,26 1 3.75,85 54 26.03
B,26 1 5.24,85 54 29.51
C,26 1 1.31 ,85 54 40.64
D,26 0 50.28,85 54 33.41
","Unit - 1 
 Sand Ghat - Bagmati (Block-1) 
 Mauza - Pauram 
 P.S - Hayaghat 
 Area (in Ha) - 9 
 Mineable Quantity (in cu m) - 90,000 
 Reserve Price (in Rs) - 90,000*75 = 67,50,000 
 ","Hayaghat","Bagmati","Serial Number,Latitude,Longitude
A,26 0 35.45,85 55 1.90
B,26 0 36.40,85 55 2.19
C,26 0 35.96,85 55 6.70
D,26 0 34.08,85 55 10.18
E,26 0 29.55,85 55 11.07
F,26 0 29.23,85 55 9.76
G,26 0 34.41,85 55 5.63
","Unit - 1 
 Sand Ghat - Bagmati (Bloock-2) 
 Mauza - Mannupur Kharra 
 P.S - Hayaghat 
 Area (in Ha) - 2 
 Mineable Quantity (in cu m) - 20,000 
 Reserve Price - 15,00,000","Darbhanga","17-09-2022 18:30:00","https://darbhanga.nic.in/","Mines and Geology Department ","Mines and Geology Department ","22-12-2022","Bagmati (Block-1)","N/A","N/A","N/A","Bagmati (Bloock-2)","N/A","N/A","N/A","N/A","N/A","N/A","N/A","N/A","N/A","N/A","N/A","N/A","N/A","N/A","N/A","N/A","N/A","N/A","N/A","N/A","N/A","N/A","N/A","N/A","N/A","N/A","N/A","N/A","N/A","N/A","N/A","N/A","N/A","N/A","N/A","N/A","N/A","N/A","N/A","N/A","N/A","N/A","N/A","N/A","N/A","N/A","N/A","N/A","N/A","N/A","N/A","N/A","N/A","N/A","N/A","N/A","N/A","N/A","N/A","N/A","N/A","N/A","N/A","N/A","N/A","N/A","N/A","N/A","N/A","N/A","N/A","N/A","N/A","N/A","N/A","N/A","N/A","N/A","N/A","N/A","N/A","N/A","N/A","N/A","N/A","N/A","N/A","N/A","N/A","N/A","N/A","N/A","N/A","N/A","N/A","N/A","N/A","N/A","N/A","N/A","N/A","N/A","N/A","N/A","N/A","N/A","N/A","N/A","N/A","N/A","N/A","N/A","N/A","N/A","N/A","N/A","N/A","N/A","N/A","N/A","N/A","N/A","N/A","N/A","N/A","N/A","N/A","N/A","N/A","N/A","N/A","N/A","N/A","N/A","N/A","N/A","N/A","N/A","N/A","N/A","N/A","N/A","N/A","N/A","N/A","N/A","N/A","N/A","N/A","N/A","N/A","N/A","N/A","N/A","N/A","N/A","N/A","N/A","N/A","N/A","N/A","N/A","N/A","N/A","N/A","N/A","N/A","N/A","N/A","N/A","N/A","N/A","N/A","N/A","N/A","N/A","N/A","N/A","N/A","N/A","N/A","N/A","N/A","N/A","N/A","N/A","N/A","N/A","N/A","N/A","N/A","N/A","N/A","N/A","N/A","N/A","N/A","N/A","N/A","N/A","N/A","N/A","N/A","N/A","N/A","N/A","N/A","N/A","N/A","N/A","N/A","N/A","N/A","N/A","N/A","N/A","N/A","N/A","N/A","N/A","N/A","N/A","N/A","N/A","N/A","N/A","N/A","N/A","N/A","N/A","N/A","N/A","N/A","N/A","N/A","N/A","N/A","N/A","N/A","N/A","N/A","N/A","N/A"
"Murshidabad, 2016","West Bengal","Murshidabad","https://storage.googleapis.com/download/storage/v1/b/ved_prod__media/o/pdfs%2F307874fc-cdb7-4892-87fb-7143e12c5a92.pdf?generation=1668800161289637&alt=media",1,"Mayurakshi",6,543910.3,"N/A","N/A","Burwan","Mayurakshi","Serial Number,Latitude,Longitude
A,23°52ʹ44.6ʹʹ N,87°56ʹ23.2ʹʹ E 
-,-,-
","J.L No. - 141","Burwan","Mayurakshi","Serial Number,Latitude,Longitude
A,23°52ʹ47.0ʹʹ N,87°57ʹ15.7ʹʹ E
-,-,-
","J.L No. - 141","Burwan","17-11-2016 18:30:00","https://www.dllromsd.org/","Office of the District Land & Land Reforms Officer ","District Committee ","18-11-2022","Hatisala","3.4","80421","335000","Hatisala","3.4","80421","335000","Chaitpur","2.5","60898.4","253000","Burwan","Mayurakshi","Serial Number,Latitude,Longitude
A,23°52ʹ54.8ʹʹ N ,87°55ʹ50.1ʹʹ E
-,-,-
","J.L No. - 141","Chaitpur","4.4","104605.4","435000","Burwan","Mayurakshi","Serial Number,Latitude,Longitude
A,23°52ʹ50.3ʹʹ N ,87°56ʹ13.6ʹʹ E
-,-,-
","J.L No. - 140","Chaitpur","4.8","114415.2","476000","Burwan","Mayurakshi","Serial Number,Latitude,Longitude
A,23°52ʹ53.4ʹʹ N ,87°56ʹ03.1ʹʹ E 
-,-,-
","J.L No. - 140","N/A","N/A","N/A","N/A","N/A","N/A","N/A","N/A","N/A","N/A","N/A","N/A","N/A","N/A","N/A","N/A","N/A","N/A","N/A","N/A","N/A","N/A","N/A","N/A","N/A","N/A","N/A","N/A","N/A","N/A","N/A","N/A","N/A","N/A","N/A","N/A","N/A","N/A","N/A","N/A","N/A","N/A","N/A","N/A","N/A","N/A","N/A","N/A","N/A","N/A","N/A","N/A","N/A","N/A","N/A","N/A","N/A","N/A","N/A","N/A","N/A","N/A","N/A","N/A","N/A","N/A","N/A","N/A","N/A","N/A","N/A","N/A","N/A","N/A","N/A","N/A","N/A","N/A","N/A","N/A","N/A","N/A","N/A","N/A","N/A","N/A","N/A","N/A","N/A","N/A","N/A","N/A","N/A","N/A","N/A","N/A","N/A","N/A","N/A","N/A","N/A","N/A","N/A","N/A","N/A","N/A","N/A","N/A","N/A","N/A","N/A","N/A","N/A","N/A","N/A","N/A","N/A","N/A","N/A","N/A","N/A","N/A","N/A","N/A","N/A","N/A","N/A","N/A","N/A","N/A","N/A","N/A","N/A","N/A","N/A","N/A","N/A","N/A","N/A","N/A","N/A","N/A","N/A","N/A","N/A","N/A","N/A","N/A","N/A","N/A","N/A","N/A","N/A","N/A","N/A","N/A","N/A","N/A","N/A","N/A","N/A","N/A","N/A","N/A","N/A","N/A","N/A","N/A","N/A","N/A","N/A","N/A","N/A","N/A","N/A","N/A","N/A","N/A","N/A","N/A","N/A","N/A","N/A","N/A","N/A","N/A","N/A","N/A","N/A","N/A","N/A","N/A","N/A","N/A","N/A","N/A","N/A","N/A","N/A","N/A","N/A","N/A","N/A","N/A","N/A","N/A","N/A","N/A","N/A","N/A","N/A","N/A","N/A","N/A","N/A","N/A"
"Sitamarhi, 2022","Bihar","Sitamarhi","https://storage.googleapis.com/download/storage/v1/b/ved_prod__media/o/pdfs%2F5214e3c8-3148-4791-93d5-dc96f3ad81a0.pdf?generation=1669215015199292&alt=media",2,"Bagmati, Adhawara Samuh",5,258420,"N/A","N/A","Suppi","Bagmati","Serial Number,Latitude,Longitude
A,26°44'23.95""N,85°20'16.52″E
B,26°44'21.98""N,85°20'21.69""E
C,26°44'5.54""N,85°20'13.54""E
D,26°44'6.39"" N,85°20'8.11″E
","","Sonbarsa","Adhawara Samuh","Serial Number,Latitude,Longitude
A,26°46'30.37""N,85°35'42.03″E
B,26° 46'31.04 N,85°35'43.70""E
C,26°46'28.82""N,85°35'45.74""E
D,26°46'28.00""N,85°35'43.82""E
","","Suppi, Sonbarsa, Parsauni, Parihar, Riga","15-11-2022 18:30:00","https://sitamarhi.nic.in/ ","Mines and Geology Department ","District Committee ","23-11-2022","JAMLA SAND GHAT (Unit -1)","8.59","51540 Cubic meters","4090500 (this is for both Jamla and Ghurghura Ghat, Unit -1)","GHURGHURA SAND GHAT (Unit -1)","0.50","3000 Cubic meters","4090500 (this is for both Jamla and Ghurghura Ghat, Unit -1)","PARSAUNI SAND GHAT (Unit 2)","16.40 ","98400 Cubic meters","7380000 (Unit 2)","Parsauni","Bagmati","Serial Number,Latitude,Longitude
A,26°41'19.95""N,85°18'27.26"" E
B,26°41'16.23″N,85°18'30.80"" E
C,26°40'57.65""N,85°18'19.65""E
D,26°40'50.56""N,85°18'10.23""E
E,26°40'53.07″N,85°18'5.32″E
F,26°41'4.13""N,85°18'17.55""E
","","PANRAHI SAND GHAT (Unit 3)","17.00","102000 Cubic meters","7911000 (this is for both Panrahi and Sirsian Ghat, Unit 3)","Parihar","Bagmati","Serial Number,Latitude,Longitude
A,26°25'1.69""N,85°23'8.26″E
B,26°25'3.98""N,85°23'12.53""E
C,26°24'54.58"" N,85°23'42.71""E
D,26°24'48.12""N,85°23'34.24″E
","","SIRSIAN SAND GHAT (Unit 3)","0.58","3480 Cubic meter","N/A","Riga","Adhawara Samuh","Serial Number,Latitude,Longitude
A,26°39'29.95""N,85°35'48.71""E
B,26°39'30.61""N,85°35'50.40""E
C,26°39'26.19"" N,85°35'51.03""E
D,26°39'25.59""N,85°35'49.79""E
","","N/A","N/A","N/A","N/A","N/A","N/A","N/A","N/A","N/A","N/A","N/A","N/A","N/A","N/A","N/A","N/A","N/A","N/A","N/A","N/A","N/A","N/A","N/A","N/A","N/A","N/A","N/A","N/A","N/A","N/A","N/A","N/A","N/A","N/A","N/A","N/A","N/A","N/A","N/A","N/A","N/A","N/A","N/A","N/A","N/A","N/A","N/A","N/A","N/A","N/A","N/A","N/A","N/A","N/A","N/A","N/A","N/A","N/A","N/A","N/A","N/A","N/A","N/A","N/A","N/A","N/A","N/A","N/A","N/A","N/A","N/A","N/A","N/A","N/A","N/A","N/A","N/A","N/A","N/A","N/A","N/A","N/A","N/A","N/A","N/A","N/A","N/A","N/A","N/A","N/A","N/A","N/A","N/A","N/A","N/A","N/A","N/A","N/A","N/A","N/A","N/A","N/A","N/A","N/A","N/A","N/A","N/A","N/A","N/A","N/A","N/A","N/A","N/A","N/A","N/A","N/A","N/A","N/A","N/A","N/A","N/A","N/A","N/A","N/A","N/A","N/A","N/A","N/A","N/A","N/A","N/A","N/A","N/A","N/A","N/A","N/A","N/A","N/A","N/A","N/A","N/A","N/A","N/A","N/A","N/A","N/A","N/A","N/A","N/A","N/A","N/A","N/A","N/A","N/A","N/A","N/A","N/A","N/A","N/A","N/A","N/A","N/A","N/A","N/A","N/A","N/A","N/A","N/A","N/A","N/A","N/A","N/A","N/A","N/A","N/A","N/A","N/A","N/A","N/A","N/A","N/A","N/A","N/A","N/A","N/A","N/A","N/A","N/A","N/A","N/A","N/A","N/A","N/A","N/A","N/A","N/A","N/A","N/A","N/A","N/A","N/A","N/A","N/A","N/A","N/A","N/A","N/A","N/A","N/A","N/A","N/A","N/A","N/A","N/A","N/A","N/A"
"Bhagalpur, 2022","Bihar","Bhagalpur","https://storage.googleapis.com/download/storage/v1/b/ved_prod__media/o/pdfs%2Faa380db5-9871-46cd-9584-9d2738bef4d9.pdf?generation=1669285416625648&alt=media",4,"Chanan, Gerua, Andhari, Koshi",9,1633140,"N/A","N/A","Shahkund","Chanan","Serial Number,Latitude,Longitude
A,25°6'15.56""N,86°57'6.39""E
B,25°6'13.27""N,86°57'14.53""E
C,25°6'33.50""N,86°57'15.41″E
D,25°6'39.83""N,86°57'16.11""E
E,25°6'44.67""N,86°57'13.94""E
F,25°6'48.06""N,86°57'11.86""E
G,25°7'8.42""N,86°57'11.67""E
H,25°7'13.66″N,86°57'12.94""E
I,25°7'14.68""N,86°57'1.94""E
J,25°6'59.01""N,86°57'0.51""E
","Sand Ghat Settlement Unit - Bhagalpur Chanan 1 
 Area (in Ha) - 55 
 Mineable Reserve (in Cubic meter) as per approved DSR 2022 - 330000 
 Royalty Rate (INR/Cubic meter) - 150 
 Reserve Price (in INR) - 49500000","Jagdishpur","Chanan","Serial Number,Latitude,Longitude
A,25°7'20.08""N,86°57'13.85""E
B,25°7'17.50""N,86°57'18.55""E
C,25°7'32.94""N,86°57'32.35″E
D,25°7'47.77""N,86°57'44.18""E
E,25°7'53.25""N,86°57'54.89""E
F,25°7'50.65""N,86°58'7.38""E
G,25°7'47.71""N,86°58'18.24""E
H,25°7'49.31""N.,86°58'31.96""E
I,25°7'54.91""N,86°58'41.60""E
J,25°8'10.85""N,86°58'51.88""E
K,25'8'14.36""N,86°58'47.09""E
L,25°8'6.18""N,86°58'42.22""E
M,25°7'59.64""N,86°58'37.44""E
N,25°7'53.75""N,86°58'30.22″E
O,25°7'50.72""N,86°58'20.68""E
P,25°7'52.90""N,86°58'7.45""E
Q,25°7'59.44""N,86'57'57.96""E
R,25°7'58.63""N,86°57'48.46""E
S,25°7'55.04""N,86°57'42.98""E
T,25°7'43.51""N,86°57'31.66″E
U,25°7'28.43""N,86°57'22.33""E
","Sand Ghat Settlement Unit - Bhagalpur Chanan 2 
 Area (in Ha) - 55 
 Mineable Reserve (in Cubic meter) as per approved DSR 2022 - 330000 
 Royalty Rate (INR/Cubic meter) - 150 
 Reserve Price (in INR) - 49500000","Shahkund, Jagdishpur, Sonhaula, Rangra Chowk, Bihpur, Kharik","07-11-2022 18:30:00","https://bhagalpur.nic.in/","Mines and Geology Department ","Mines and Geology Department ","24-11-2022","Bhagalpur Chanan 1","55","330000","49500000","Bhagalpur Chanan 2","N/A","N/A","N/A","Bhagalpur Chanan 3","N/A","N/A","N/A","Jagdishpur","Chanan","Serial Number,Latitude,Longitude
A,25°7'21.75""N,86°57'1.60""E
B,25°7'22.65""N,86°57'7.32""E
C,25°7'33.52″N,86°57'4.30""E
D,25°7'49.30""N,86°56'57.66""E
E,25°7'57.66""N,86°56'57.54""E
F,25°8'1.00""N,86°56'56.83""E
G,25°8'9.46""N,86°56'57.78""E
H,25°8'17.03""N,86°57'0.87""E
I,25°8'27.51""N,86°57'6.41""E
J,25°8'33.44""N,86°57'12.63""E
K,25°8'43.85""N,86°57'19.26""E
L,25°8'48.13""N,86°57'19.78""E
M,25°8'49.66""N,86°57'15.78""E
N,25°8'41.19""N,86°57'12.77""E
O,25°8'33.90""N,86°57'8.35″E
P,25°8'28.06""N,86°57'2.68""E
Q,25°8'20.72""N,86°56'57.33""E
R,25°8'2.77""N,25° 8'2.77""N
S,25°7'56.86""N,86°56'53.13""E
T,25°7'44.09""N,86°56'55.18""E
U,25°7'35.65""N,86°57'0.22""E
","Sand Ghat Settlement Unit - Bhagalpur Chanan 3 
 Area (in Ha) - 31 
 Mineable Reserve (in Cubic meter) as per approved DSR 2022 - 186000 
 Royalty Rate (INR/Cubic meter) - 150 
 Reserve Price (in INR) - 27900000","Bhagalpur Chanan 4","N/A","N/A","N/A","Jagdishpur","Chanan","Serial Number,Latitude,Longitude
A,25°8'59.42""N,86°57'22.74""E
B,25°9'4.60""N,86°57'25.45""E
C,25°9'6.91""N,86°57'27.96""E
D,25°9'8.96""N,86°57'32.76""E
E,25°9'10.15""N,86°57'36.56""E
F,25°9'10.11""N,86°57'42.46""E
G,25°9'8.90""N,86°57'47.45""E
H,25° 9'9.52""N,86°57'47.94""E
I,25°9'11.08""N,86°57'42.89""E
J,25°9'11.75""N,86°57'38.46""E
K,25°9'11.59""N,86°57'33.07""E
L,25°9'10.70""N,86°57'29.29""E
M,25°9'7.05""N,25°9'7.05""N
N,25°9'0.51""N,86°57'20.73""E
","Sand Ghat Settlement Unit - Bhagalpur Chanan 4 
 Area (in Ha) - 5 
 Mineable Reserve (in Cubic meter) as per approved DSR 2022 - 30000 
 Royalty Rate (INR/Cubic meter) - 150 
 Reserve Price (in INR) - 4500000","Gerua Unit 1","N/A","N/A","N/A","Sonhaula","Gerua","Serial Number,Latitude,Longitude
A,25°3'54.84″N,87°10'49.15""E
B,25°6'24.60″N,87°13'0.30″E
","Sand Ghat Settlement Unit - Gerua Unit 1 
 Area (in Ha) - 34.03 
 Mineable Reserve (in Cubic meter) as per approved DSR 2022 - 204180 
 Royalty Rate (INR/Cubic meter) - 75 
 Reserve Price (in INR) - 15313500","Gerua Unit 2","N/A","N/A","N/A","Sonhaula","Gerua","Serial Number,Latitude,Longitude
A,25°6'23.83″N,87°12'58.89""E
B,25°8'32.97″N,87°11'37.79""E
","Sand Ghat Settlement Unit - Gerua Unit 2 
 Area (in Ha) - 31.86 
 Mineable Reserve (in Cubic meter) as per approved DSR 2022 - 191160 
 Royalty Rate (INR/Cubic meter) - 75 
 Reserve Price (in INR) - 14337000","Gerua Unit 3","N/A","N/A","N/A","Sonhaula, Rangra Chowk","Gerua","Serial Number,Latitude,Longitude
A,25°8'47.03""N,87°11'52.26""E
B,25°11'7.66""N,87°11'15.99""E
","Sand Ghat Settlement Unit - Gerua Unit 3 
 Area (in Ha) - 13 
 Mineable Reserve (in Cubic meter) as per approved DSR 2022 - 78000 
 Royalty Rate (INR/Cubic meter) - 75 
 Reserve Price (in INR) - 5850000","Andhari Unit","N/A","N/A","N/A","Shahkund","Andhari","Serial Number,Latitude,Longitude
A,25°6'27.29""N,86°56'8.10""E
B,25°9'46.73""N,86°55'15.66""E
","Sand Ghat Settlement Unit - Andhari Unit 
 Area (in Ha) - 29.3 
 Mineable Reserve (in Cubic meter) as per approved DSR 2022 - 175800 
 Royalty Rate (INR/Cubic meter) - 75 
 Reserve Price (in INR) - 13185000","Koshi Unit (a)","N/A","N/A","N/A","Kharik, Bihpur","Koshi","Serial Number,Latitude,Longitude
A,25°25'44.58""N,86°56'58.80""E
B,25° 25'42.72""N,86°57'8.38""E
C,25°25'32.74""N,86°57'4.81""E
D,25°25'34.73""N,86°56'54.82""E
","Sand Ghat Settlement Unit - Koshi Unit (a) 
 Area (in Ha) - 9 
 Mineable Reserve (in Cubic meter) as per approved DSR 2022 - 108000 
 Royalty Rate (INR/Cubic meter) - 75 
 Reserve Price (in INR) - 8100000","Koshi Unit (b)","N/A","N/A","N/A","Kharik, Bihpur","Koshi","Serial Number,Latitude,Longitude
A,25°24'51.21""N,87°2'20.81″E
B,25°24'43.65""N,87°2'50.52″E
C,25°24'47.46""N,87°2'52.10""E
D,25°24'53.96""N,87°2'21.88""E
","Sand Ghat Settlement Unit - Koshi Unit (b) 
 Area (in Ha) - 9 
 Mineable Reserve (in Cubic meter) as per approved DSR 2022 - 108000 
 Royalty Rate (INR/Cubic meter) - 75 
 Reserve Price (in INR) - 8100000 
   
 ","N/A","N/A","N/A","N/A","N/A","N/A","N/A","N/A","N/A","N/A","N/A","N/A","N/A","N/A","N/A","N/A","N/A","N/A","N/A","N/A","N/A","N/A","N/A","N/A","N/A","N/A","N/A","N/A","N/A","N/A","N/A","N/A","N/A","N/A","N/A","N/A","N/A","N/A","N/A","N/A","N/A","N/A","N/A","N/A","N/A","N/A","N/A","N/A","N/A","N/A","N/A","N/A","N/A","N/A","N/A","N/A","N/A","N/A","N/A","N/A","N/A","N/A","N/A","N/A","N/A","N/A","N/A","N/A","N/A","N/A","N/A","N/A","N/A","N/A","N/A","N/A","N/A","N/A","N/A","N/A","N/A","N/A","N/A","N/A","N/A","N/A","N/A","N/A","N/A","N/A","N/A","N/A","N/A","N/A","N/A","N/A","N/A","N/A","N/A","N/A","N/A","N/A","N/A","N/A","N/A","N/A","N/A","N/A","N/A","N/A","N/A","N/A","N/A","N/A","N/A","N/A","N/A","N/A","N/A","N/A","N/A","N/A","N/A","N/A","N/A","N/A","N/A","N/A","N/A","N/A","N/A","N/A","N/A","N/A","N/A","N/A","N/A","N/A","N/A","N/A","N/A","N/A","N/A","N/A","N/A","N/A","N/A","N/A","N/A","N/A","N/A","N/A","N/A","N/A","N/A","N/A","N/A","N/A","N/A","N/A","N/A","N/A","N/A","N/A","N/A","N/A","N/A","N/A","N/A","N/A","N/A","N/A","N/A","N/A","N/A","N/A"
"Bhojpur","Bihar","Bhojpur","https://storage.googleapis.com/download/storage/v1/b/ved_prod__media/o/pdfs%2F7e88efce-06b3-4dd3-94d2-d2586278aefe.pdf?generation=1670238383482506&alt=media",2,"Sone , Ganga",47,47232000,"N/A","N/A","Koilwar","Sone ","Serial Number,Latitude,Longitude
A,25° 37' 38.451"" N ,84° 48' 55.188"" E 
,,
","Area (in Ha.) - 27 
 Mineable Quantity (m^3) - 486000  
 Minimun Reserve Price (in Rs) - 72900000 
 ","Koilwar","Sone ","Serial Number,Latitude,Longitude
A,25° 36' 43.557"" N ,84° 48' 33.967"" E 
,,
","Area (in Ha.) - 12 
 Mineable Quantity (m^3) - 216000 
 Minimun Reserve Price (in Rs) - 32400000","Koilwar","14-09-2022 18:30:00","https://bhojpur.nic.in/","Mines and Geology Department ","Mines and Geology Department ","05-12-2022","N/A","N/A","N/A","N/A","N/A","N/A","N/A","N/A","N/A","N/A","N/A","N/A","Koilwar","Sone ","Serial Number,Latitude,Longitude
A,25° 35' 31.401"" N ,84° 48' 37.861"" E 
,,
","Area (in Ha.) - 34 
 Mineable Quantity (m^3) - 612000 
 Minimun Reserve Price (in Rs) - 91800000","N/A","N/A","N/A","N/A","Koilwar","Sone ","Serial Number,Latitude,Longitude
A,25° 34' 46.507"" N ,84° 48' 13.319"" E
,,
","Area (in Ha.) - 13 
 Mineable Quantity (m^3) - 234000 
 Minimun Reserve Price (in Rs) - 35100000","N/A","N/A","N/A","N/A","Koilwar","Sone ","Serial Number,Latitude,Longitude
A,25° 32' 56.419"" N,84° 47' 0.644"" E 
,,
","Area (in Ha.) - 55 
 Mineable Quantity (m^3) - 990000 
 Minimun Reserve Price (in Rs) - 148500000","N/A","N/A","N/A","N/A","Koilwar","Sone ","Serial Number,Latitude,Longitude
A,25° 31' 33.577"" N,84° 46' 7.310"" E 
,,
","Area (in Ha.) - 37 
 Mineable Quantity (m^3) - 666000 
 Minimun Reserve Price (in Rs) - 99900000","N/A","N/A","N/A","N/A","Koilwar","Sone ","Serial Number,Latitude,Longitude
A,25° 31' 1.610"" N,84° 45' 26.568"" E 
,,
","Area (in Ha.) - 30 
 Mineable Quantity (m^3) - 540000 
 Minimun Reserve Price (in Rs) - 81000000","N/A","N/A","N/A","N/A","Koilwar","Sone ","Serial Number,Latitude,Longitude
A,25° 29' 47.546"" N ,84° 45' 23.629"" E
,,
","Area (in Ha.) - 18 
 Mineable Quantity (m^3) - 324000 
 Minimun Reserve Price (in Rs) - 48600000","N/A","N/A","N/A","N/A","Koilwar","Sone ","Serial Number,Latitude,Longitude
A,25° 28' 3.891"" N ,84° 45' 51.109"" E 
,,
","Area (in Ha.) - 51 
 Mineable Quantity (m^3) - 918000 
 Minimun Reserve Price (in Rs) - 137700000","N/A","N/A","N/A","N/A","Koilwar","Sone ","Serial Number,Latitude,Longitude
A,25° 27' 35.269"" N,84° 45' 53.372"" E 
,,
","Area (in Ha.) - 72 
 Mineable Quantity (m^3) - 1296000 
 Minimun Reserve Price (in Rs) - 194400000","N/A","N/A","N/A","N/A","Koilwar","Sone ","Serial Number,Latitude,Longitude
A,25° 27' 9.209"" N ,84° 45' 57.044"" E
,,
","Area (in Ha.) - 77 
 Mineable Quantity (m^3) - 1386000 
 Minimun Reserve Price (in Rs) - 207900000 ","N/A","N/A","N/A","N/A","Koilwar","Sone ","Serial Number,Latitude,Longitude
A,25° 26' 39.540"" N,84° 46' 4.343"" E 
,,
","Area (in Ha.) - 95 
 Mineable Quantity (m^3) - 1710000 
 Minimun Reserve Price (in Rs) - 256500000","N/A","N/A","N/A","N/A","Koilwar","Sone ","Serial Number,Latitude,Longitude
A,25° 26' 20.698"" N ,84° 45' 58.335"" E 
,,
","Area (in Ha.) - 71 
 Mineable Quantity (m^3) - 1278000 
 Minimun Reserve Price (in Rs) - 191700000","N/A","N/A","N/A","N/A","Koilwar","Sone ","Serial Number,Latitude,Longitude
A,25° 25' 55.918"" N,84° 45' 59.263"" E 
,,
","Area (in Ha.) - 46 
 Mineable Quantity (m^3) - 828000 
 Minimun Reserve Price (in Rs) - 124200000","N/A","N/A","N/A","N/A","Koilwar","Sone ","Serial Number,Latitude,Longitude
A,25° 24' 45.632"" N ,84° 45' 26.473"" E 
,,
","Area (in Ha.) - 94 
 Mineable Quantity (m^3) - 1692000 
 Minimun Reserve Price (in Rs) - 253800000","N/A","N/A","N/A","N/A","Koilwar","Sone ","Serial Number,Latitude,Longitude
A,25° 24' 2.365"" N ,84° 45' 9.417"" E 
,,
","Area (in Ha.) - 10 
 Mineable Quantity (m^3) - 180000 
 Minimun Reserve Price (in Rs) - 27000000","N/A","N/A","N/A","N/A","Koilwar","Sone ","Serial Number,Latitude,Longitude
A,25° 24' 25.147"" N,84° 44' 51.502"" E 
,,
","Area (in Ha.) - 20 
 Mineable Quantity (m^3) - 360000 
 Minimun Reserve Price (in Rs) - 54000000","Koilwar","Sone ","Serial Number,Latitude,Longitude
A,25° 22' 49.094"" N ,84° 44' 43.194"" E
,,
","Area (in Ha.) - 79 
 Mineable Quantity (m^3) - 1422000  
 Minimun Reserve Price (in Rs) - 213300000 ","Koilwar","Sone ","Serial Number,Latitude,Longitude
A,25° 21' 29.960"" N ,84° 43' 47.941"" E 
,,
","Area (in Ha.) - 33 
 Mineable Quantity (m^3) - 594000 
 Minimun Reserve Price (in Rs) - 89100000","Koilwar","Sone ","Serial Number,Latitude,Longitude
A,25° 20' 36.966"" N ,84° 43' 10.194"" E 
,,
","Area (in Ha.) - 98 
 Mineable Quantity (m^3) - 1764000 
 Minimun Reserve Price (in Rs) - 264600000","Koilwar","Sone ","Serial Number,Latitude,Longitude
A,25° 20' 10.555"" N,84° 42' 56.257"" E 
,,
","Area (in Ha.) - 92 
 Mineable Quantity (m^3) - 1656000 
 Minimun Reserve Price (in Rs) - 248400000","Koilwar","Sone ","Serial Number,Latitude,Longitude
A,25° 19' 39.091"" N ,84° 43' 3.241"" E
,,
","Area (in Ha.) - 70 
 Mineable Quantity (m^3) - 1260000 
 Minimun Reserve Price (in Rs) - 189000000","Koilwar","Sone ","Serial Number,Latitude,Longitude
A,25° 19' 15.851"" N,84° 42' 33.523"" E 
,,
","Area (in Ha.) - 46 
 Mineable Quantity (m^3) - 828000 
 Minimun Reserve Price (in Rs) - 124200000","Koilwar","Sone ","Serial Number,Latitude,Longitude
A,25° 18' 34.070"" N ,84° 41' 15.189"" E
,,
","Area (in Ha.) - 51 
 Mineable Quantity (m^3) - 918000  
 Minimun Reserve Price (in Rs) - 137700000 ","Koilwar","Sone ","Serial Number,Latitude,Longitude
A,25° 17' 52.672"" N ,84° 40' 6.760"" E 
,,
","Area (in Ha.) - 77 
 Mineable Quantity (m^3) - 1386000 
 Minimun Reserve Price (in Rs) - 207900000 ","Koilwar","Sone ","Serial Number,Latitude,Longitude
A,25° 16' 56.401"" N ,84° 39' 51.249"" E
,,
","Area (in Ha.) - 75 
 Mineable Quantity (m^3) - 1350000 
 Minimun Reserve Price (in Rs) - 202500000 ","Koilwar","Sone ","Serial Number,Latitude,Longitude
,25° 16' 27.375"" N,84° 39' 10.770"" E 
,,
","Area (in Ha.) - 68 
 Mineable Quantity (m^3) - 1224000 
 Minimun Reserve Price (in Rs) - 183600000","Koilwar","Sone ","Serial Number,Latitude,Longitude
A,25° 16' 6.833"" N ,84° 38' 54.587"" E 
,,
","Area (in Ha.) - 55 
 Mineable Quantity (m^3) - 990000  
 Minimun Reserve Price (in Rs) - 148500000","Koilwar","Sone ","Serial Number,Latitude,Longitude
A,25° 15' 48.087"" N,84° 38' 28.020"" E 
,,
","Area (in Ha.) - 80  
 Mineable Quantity (m^3) - 1440000 
 Minimun Reserve Price (in Rs) - 216000000","Koilwar","Sone ","Serial Number,Latitude,Longitude
A,25° 15' 29.134"" N,84° 38' 18.233"" E 
,,
","Area (in Ha.) - 99 
 Mineable Quantity (m^3) - 1782000 
 Minimun Reserve Price (in Rs) - 267300000","Koilwar","Sone ","Serial Number,Latitude,Longitude
A,25° 14' 10.549"" N ,84° 37' 19.812"" E
,,
","Area (in Ha.) - 46 
 Mineable Quantity (m^3) - 828000 
 Minimun Reserve Price (in Rs) - 124200000","Koilwar","Sone ","Serial Number,Latitude,Longitude
A,25° 14' 12.775"" N,84° 36' 41.502"" E
,,
","Area (in Ha.) - 70 
 Mineable Quantity (m^3) - 1260000 
 Minimun Reserve Price (in Rs) - 189000000","Koilwar","Sone ","Serial Number,Latitude,Longitude
A,25° 14' 7.838"" N ,84° 35' 42.854"" E 
,,
","Area (in Ha.) - 57 
 Mineable Quantity (m^3) - 1026000 
 Minimun Reserve Price (in Rs) - 153900000 ","Koilwar","Sone ","Serial Number,Latitude,Longitude
A,25° 13' 35.432"" N,84° 35' 24.397"" E 
,,
","Area (in Ha.) - 86 
 Mineable Quantity (m^3) - 1548000 
 Minimun Reserve Price (in Rs) - 232200000","Koilwar","Sone ","Serial Number,Latitude,Longitude
A,25° 13' 25.846"" N,84° 33' 44.497"" E
,,
","Area (in Ha.) - 65 
 Mineable Quantity (m^3) - 1170000 
 Minimun Reserve Price (in Rs) - 175500000","Koilwar","Sone ","Serial Number,Latitude,Longitude
A,25° 13' 0.167"" N,84° 34' 9.178"" E 
,,
","Area (in Ha.) - 45 
 Mineable Quantity (m^3) - 810000 
 Minimun Reserve Price (in Rs) - 121500000","Koilwar","Sone ","Serial Number,Latitude,Longitude
A,25° 12' 45.178"" N ,84° 32' 46.143"" E 
,,
","Area (in Ha.) - 45 
 Mineable Quantity (m^3) - 810000 
 Minimun Reserve Price (in Rs) - 121500000","Koilwar","Sone ","Serial Number,Latitude,Longitude
A,25° 12' 56.062"" N ,84° 31' 14.072"" E 
,,
","Area (in Ha.) - 96 
 Mineable Quantity (m^3) - 1728000 
 Minimun Reserve Price (in Rs) - 259200000","Koilwar","Sone ","Serial Number,Latitude,Longitude
A,25° 12' 29.106"" N ,84° 30' 12.702"" E 
,,
","Area (in Ha.) - 24.5 
 Mineable Quantity (m^3) - 441000 
 Minimun Reserve Price (in Rs) - 66150000","Koilwar","Sone ","Serial Number,Latitude,Longitude
A,25° 12' 1.831"" N,84° 29' 29.000"" E
,,
","Area (in Ha.) - 39.5 
 Mineable Quantity (m^3) - 711000 
 Minimun Reserve Price (in Rs) - 106650000","Koilwar","Sone ","Serial Number,Latitude,Longitude
A,25° 11' 15.387"" N ,84° 29' 39.395"" E
,,
","Area (in Ha.) - 98 
 Mineable Quantity (m^3) - 1764000 
 Minimun Reserve Price (in Rs) - 264600000","Koilwar","Sone ","Serial Number,Latitude,Longitude
A,25° 11' 28.209"" N ,84° 28' 50.983"" E 
,,
","Area (in Ha.) - 90 
 Mineable Quantity (m^3) - 1620000 
 Minimun Reserve Price (in Rs) - 243000000","Koilwar","Sone ","Serial Number,Latitude,Longitude
A,25° 10' 39.787"" N,84° 28' 52.100"" E 
,,
","Area (in Ha.) - 96 
 Mineable Quantity (m^3) - 1728000 
 Minimun Reserve Price (in Rs) - 259200000","Shahpur","Ganga","Serial Number,Latitude,Longitude
A,25° 41' 56.827"" N ,84° 41' 41.511"" E 
,,
","Area (in Ha.) - 10.5 
 Mineable Quantity (m^3) - 189000 
 Minimun Reserve Price (in Rs) - 14175000","Shahpur","Ganga","Serial Number,Latitude,Longitude
A,25° 43' 24.692"" N ,84° 37' 37.083"" E 
,,
","Area (in Ha.) - 27.5 
 Mineable Quantity (m^3) - 495000 
 Minimun Reserve Price (in Rs) - 37125000","Shahpur","Ganga","Serial Number,Latitude,Longitude
A,25° 41' 15.020"" N ,84° 29' 11.205"" E 
,,
","Area (in Ha.) - 24 
 Mineable Quantity (m^3) - 432000 
 Minimun Reserve Price (in Rs) - 32400000","Shahpur","Ganga","Serial Number,Latitude,Longitude
A,25° 42' 1.531"" N ,84° 26' 32.921"" E 
,,
","Area (in Ha.) - 19 
 Mineable Quantity (m^3) - 342000 
 Minimun Reserve Price (in Rs) - 25650000"
"Purba Champaran, 2019","Bihar","Purbi Champaran","https://storage.googleapis.com/download/storage/v1/b/ved_prod__media/o/pdfs%2F%2Fec0323c2-d1c3-49bf-8fcb-24e332733b1c.pdf?generation=1670344886884335&alt=media",8,"Tilawe, Bangari, Tiyar, Budhi, Gandak, Lal Begiya, Bagmati, Sonvarsa man",4,"N/A","N/A","N/A","Motihari","Tilawe, Bangari","Serial Number,Latitude,Longitude
-,-,-
-,-,-
","Reserve Price (in Rs) - 11,12,725 
 Co-ordinates, area, Mineable resereve quantity are not given in the document.","Motihari","Tiyar, Budhi Gandak","Serial Number,Latitude,Longitude
-,-,-
-,-,-
","Reserve Price (in Rs) - 61,20,000 
 Co-ordinates, area, Mineable resereve quantity are not given in the document.","Motihari","19-12-2019 18:30:00","https://eastchamparan.nic.in/","Mines and Geology Department ","Mines and Geology Department ","06-12-2022","-","N/A","N/A","N/A","-","N/A","N/A","N/A","-","N/A","N/A","N/A","Motihari","Lal Begiya, Bagmati","Serial Number,Latitude,Longitude
-,-,-
-,-,-
","Reserve Price (in Rs) - 11,12,725 
 Co-ordinates, area, Mineable resereve quantity are not given in the document.","-","N/A","N/A","N/A","Motihari","Swarna, Gandak","Serial Number,Latitude,Longitude
-,-,-
-,-,-
","Reserve Price - 38,94,550 
 Co-ordinates, area, Mineable resereve quantity are not given in the document.","N/A","N/A","N/A","N/A","N/A","N/A","N/A","N/A","N/A","N/A","N/A","N/A","N/A","N/A","N/A","N/A","N/A","N/A","N/A","N/A","N/A","N/A","N/A","N/A","N/A","N/A","N/A","N/A","N/A","N/A","N/A","N/A","N/A","N/A","N/A","N/A","N/A","N/A","N/A","N/A","N/A","N/A","N/A","N/A","N/A","N/A","N/A","N/A","N/A","N/A","N/A","N/A","N/A","N/A","N/A","N/A","N/A","N/A","N/A","N/A","N/A","N/A","N/A","N/A","N/A","N/A","N/A","N/A","N/A","N/A","N/A","N/A","N/A","N/A","N/A","N/A","N/A","N/A","N/A","N/A","N/A","N/A","N/A","N/A","N/A","N/A","N/A","N/A","N/A","N/A","N/A","N/A","N/A","N/A","N/A","N/A","N/A","N/A","N/A","N/A","N/A","N/A","N/A","N/A","N/A","N/A","N/A","N/A","N/A","N/A","N/A","N/A","N/A","N/A","N/A","N/A","N/A","N/A","N/A","N/A","N/A","N/A","N/A","N/A","N/A","N/A","N/A","N/A","N/A","N/A","N/A","N/A","N/A","N/A","N/A","N/A","N/A","N/A","N/A","N/A","N/A","N/A","N/A","N/A","N/A","N/A","N/A","N/A","N/A","N/A","N/A","N/A","N/A","N/A","N/A","N/A","N/A","N/A","N/A","N/A","N/A","N/A","N/A","N/A","N/A","N/A","N/A","N/A","N/A","N/A","N/A","N/A","N/A","N/A","N/A","N/A","N/A","N/A","N/A","N/A","N/A","N/A","N/A","N/A","N/A","N/A","N/A","N/A","N/A","N/A","N/A","N/A","N/A","N/A","N/A","N/A","N/A","N/A","N/A","N/A","N/A","N/A","N/A","N/A","N/A","N/A","N/A","N/A","N/A","N/A","N/A","N/A","N/A","N/A","N/A","N/A","N/A","N/A","N/A","N/A","N/A","N/A","N/A","N/A"
"Narayanpur, 2021","Chhattisgarh","Narayanpur","https://storage.googleapis.com/download/storage/v1/b/ved_prod__media/o/pdfs%2F%2Fe24743e1-9956-4491-8fb9-314f5a03d6f8.pdf?generation=1670420629664575&alt=media",1,"Indravati",1,"N/A","N/A","N/A","Narayanpur","Indravati","Serial Number,Latitude,Longitude
A,19°39'27.87""N,81°28'36.72""E
B,19°39'28.35""N,81°28'38.16""E
C,19°39'21.00""N,81°28'42.28""E
D,19°39'14.51""N,81°28'43.78""E
E,19°39'08.99""N,81°28'44.69""E
F,19°39'01.52""N,81°28'47.24""E
G,19°38'53.73""N,81°28'53.12""E
H,19°38'52.65""N,81°28'52.20""E
I,19°39'01.86""N,81°28'45.43""E
J,19°39'08.80""N,81°28'43.51""E
K,19°39'14.43""N,81°28'42.15""E
L,19°39'20.54""N,81°28'41.12""E
","Area (in Ha.) - 4.90 
 ","N/A","N/A","N/A","N/A","Narayanpur","05-08-2021 18:30:00","https://narayanpur.gov.in/","Office of Collector (Mining Branch)","Office of Collector (Mining Branch)","07-12-2022","n/a","N/A","N/A","N/A","N/A","N/A","N/A","N/A","N/A","N/A","N/A","N/A","N/A","N/A","N/A","N/A","N/A","N/A","N/A","N/A","N/A","N/A","N/A","N/A","N/A","N/A","N/A","N/A","N/A","N/A","N/A","N/A","N/A","N/A","N/A","N/A","N/A","N/A","N/A","N/A","N/A","N/A","N/A","N/A","N/A","N/A","N/A","N/A","N/A","N/A","N/A","N/A","N/A","N/A","N/A","N/A","N/A","N/A","N/A","N/A","N/A","N/A","N/A","N/A","N/A","N/A","N/A","N/A","N/A","N/A","N/A","N/A","N/A","N/A","N/A","N/A","N/A","N/A","N/A","N/A","N/A","N/A","N/A","N/A","N/A","N/A","N/A","N/A","N/A","N/A","N/A","N/A","N/A","N/A","N/A","N/A","N/A","N/A","N/A","N/A","N/A","N/A","N/A","N/A","N/A","N/A","N/A","N/A","N/A","N/A","N/A","N/A","N/A","N/A","N/A","N/A","N/A","N/A","N/A","N/A","N/A","N/A","N/A","N/A","N/A","N/A","N/A","N/A","N/A","N/A","N/A","N/A","N/A","N/A","N/A","N/A","N/A","N/A","N/A","N/A","N/A","N/A","N/A","N/A","N/A","N/A","N/A","N/A","N/A","N/A","N/A","N/A","N/A","N/A","N/A","N/A","N/A","N/A","N/A","N/A","N/A","N/A","N/A","N/A","N/A","N/A","N/A","N/A","N/A","N/A","N/A","N/A","N/A","N/A","N/A","N/A","N/A","N/A","N/A","N/A","N/A","N/A","N/A","N/A","N/A","N/A","N/A","N/A","N/A","N/A","N/A","N/A","N/A","N/A","N/A","N/A","N/A","N/A","N/A","N/A","N/A","N/A","N/A","N/A","N/A","N/A","N/A","N/A","N/A","N/A","N/A","N/A","N/A","N/A","N/A","N/A","N/A","N/A","N/A","N/A","N/A","N/A","N/A","N/A","N/A","N/A","N/A","N/A","N/A","N/A","N/A","N/A","N/A","N/A","N/A","N/A","N/A","N/A","N/A","N/A","N/A","N/A","N/A","N/A","N/A","N/A","N/A","N/A"
"Vaishali","Bihar","Vaishali","https://storage.googleapis.com/download/storage/v1/b/ved_prod__media/o/pdfs%2F%2Fed8a43a7-9572-4321-8675-7fa2fb882980.pdf?generation=1670433432132474&alt=media",2,"Gandak, Ganga",29,39967200,"N/A","N/A","Lalganj","Gandak","Serial Number,Latitude,Longitude
,25° 51' 51.891""N,85° 7' 27.058″E
,,
","Area (in Ha.) - 37 
  Mineable sand (in cu m) - 666000 
 Reserve Price - 49950000","Hajipur","Gandak","Serial Number,Latitude,Longitude
,25° 46' 41.652""N,85° 10' 40
,,333°E
","Area (in Ha.) - 52 
 Mineable sand (in cu m) - 936000 
 Reserve Price - 70200000","Vaishali","02-11-2022 18:30:00","https://vaishali.nic.in/","Mines and Geology Department ","Mines and Geology Department ","07-12-2022","N/A","N/A","N/A","N/A","N/A","N/A","N/A","N/A","N/A","N/A","N/A","N/A","Vaishali","Ganga","Serial Number,Latitude,Longitude
,25° 37' 2.471""N,85° 15' 22.289""E
,,
","Area (in Ha.) - 98.5 
 Mineable sand (in cu m) - 1773000 
 Reserve Price - 132975000","N/A","N/A","N/A","N/A","Vaishali","Ganga","Serial Number,Latitude,Longitude
,25° 37' 24.734""N,85° 16' 22.559""E
,,
","Area (in Ha.) - 97.5 
 Mineable sand (in cu m) - 1755000 
 Reserve Price - 131625000","N/A","N/A","N/A","N/A","Vaishali","Ganga","Serial Number,Latitude,Longitude
,25° 37' 33.323""N,85° 16' 58.391""E
,,
","Area (in Ha.) - 72.5 
 Mineable sand (in cu m) - 1305000 
 Reserve Price - 97875000","N/A","N/A","N/A","N/A","Vaishali","Ganga","Serial Number,Latitude,Longitude
,25°37 40.849""N,85° 17' 59.370""E
,,
","Area (in Ha.) - 62.5 
 Mineable sand (in cu m) - 1125000 
 Reserve Price - 84375000","N/A","N/A","N/A","N/A","Bidupur","Ganga","Serial Number,Latitude,Longitude
,25° 37' 53.683""N,85° 18' 50.401""E
,,
","Area (in Ha.) - 77.6 
 Mineable sand (in cu m) - 1396800 
 Reserve Price - 104760000","N/A","N/A","N/A","N/A","Vaishali","Ganga","Serial Number,Latitude,Longitude
,25 35 54.805 N,85 15 28.904 E
,,
","Area (in Ha.) - 99.5 
 Mineable sand (in cu m) - 1791000 
 Reserve Price - 134325000","N/A","N/A","N/A","N/A","Bidupur","Ganga","Serial Number,Latitude,Longitude
,25 36 1.943,85 21 37.020
,,
","Area (in Ha.) - 53.8 
 Mineable sand (in cu m) - 968400 
 Reserve Price - 72630000","N/A","N/A","N/A","N/A","Vaishali","Ganga","Serial Number,Latitude,Longitude
,25 33 43.484,85 25 22.342
,,
","Area (in Ha.) - 90 
 Mineable sand (in cu m) - 1620000 
 Reserve Price - 121500000","N/A","N/A","N/A","N/A","Vaishali","Ganga","Serial Number,Latitude,Longitude
,25 34 28.340 ,85 25 34.699
,,
","Area (in Ha.) - 99 
 Mineable sand (in cu m) - 1782000 
 Reserve Price - 133650000","N/A","N/A","N/A","N/A","Bidupur","Ganga","Serial Number,Latitude,Longitude
,25 35 5.711,85 24 31.219
,,
","Area (in Ha.) - 98 
 Mineable sand (in cu m) - 1764000 
 Reserve Price - 132300000","N/A","N/A","N/A","N/A","Bidupur","Ganga","Serial Number,Latitude,Longitude
,25 35 23.021,85 24 29.387
,,
","Area (in Ha.) - 70 
 Mineable sand (in cu m) - 1260000 
 Reserve Price - 94500000","N/A","N/A","N/A","N/A","Bidupur","Ganga","Serial Number,Latitude,Longitude
,25 35 47.097,85 23 52.098
,,
","Area (in Ha.) - 85 
 Mineable sand (in cu m) - 1530000 
 Reserve Price - 114750000","N/A","N/A","N/A","N/A","Desri","Ganga","Serial Number,Latitude,Longitude
,25 35 51.515,85 24 29.918
,,
","Area (in Ha.) - 90.3 
 Mineable sand (in cu m) - 1625400 
 Reserve Price - 121905000","N/A","N/A","N/A","N/A","Desri, Sahdai Buzurg","Ganga","Serial Number,Latitude,Longitude
,25 35 49.784,85 25 12.059
,,
","Area (in Ha.) - 90.5 
 Mineable sand (in cu m) - 1629000 
 Reserve Price - 122175000","N/A","N/A","N/A","N/A","Sahdai Buzurg","Ganga","Serial Number,Latitude,Longitude
,25 35 37.018,85 26 11.950
,,
","Area (in Ha.) - 99 
 Mineable sand (in cu m) - 1782000 
 Reserve Price - 133650000","Sahdai Buzurg","Ganga","Serial Number,Latitude,Longitude
,25 35 30.187,85 26 56.034
,,
","Area (in Ha.) - 98 
 Mineable sand (in cu m) - 1764000 
 Reserve Price - 132300000","Sahdai Buzurg","Ganga","Serial Number,Latitude,Longitude
,25 35 15.330,85 27 26.298
,,
","Area (in Ha.) - 82 
 Mineable sand (in cu m) - 1476000 
 Reserve Price - 110700000","Sahdai Buzurg","Ganga","Serial Number,Latitude,Longitude
,25 34 52.574,85 27 52.906
,,
","Area (in Ha.) - 52.6 
 Mineable sand (in cu m) - 946800 
 Reserve Price - 71010000","Sahdai Buzurg","Ganga","Serial Number,Latitude,Longitude
,25 33 39.475,85 27 2.133
,,
","Area (in Ha.) - 93 
 Mineable sand (in cu m) - 1674000 
 Reserve Price - 125550000","Mahnar","Ganga","Serial Number,Latitude,Longitude
,25 33 38.168,85 28 14.525
,,
","Area (in Ha.) - 26 
 Mineable sand (in cu m) - 468000 
 Reserve Price - 35100000","Mahnar","Ganga","Serial Number,Latitude,Longitude
,25 34 23.158,85 29 1.208
,,
","Area (in Ha.) - 99.5 
 Mineable sand (in cu m) - 1791000 
 Reserve Price - 134325000","Mahnar","Ganga","Serial Number,Latitude,Longitude
,25 34 14.675,85 31 59.411
,,
","Area (in Ha.) - 52 
 Mineable sand (in cu m) - 936000 
 Reserve Price - 70200000","Vaishali","Ganga","Serial Number,Latitude,Longitude
,25 31 52.701,85 17 48.508
,,
","Area (in Ha.) - 98 
 Mineable sand (in cu m) - 1764000 
 Reserve Price - 132300000","Vaishali","Ganga","Serial Number,Latitude,Longitude
,25 31 14.832,85 18 53.952
,,
","Area (in Ha.) - 86.6 
 Mineable sand (in cu m) - 1558800 
 Reserve Price - 116910000","Vaishali","Ganga","Serial Number,Latitude,Longitude
,25 31 11.354,85 23 3.821
,,
","Area (in Ha.) - 66 
 Mineable sand (in cu m) - 1188000 
 Reserve Price - 89100000","Vaishali","Ganga","Serial Number,Latitude,Longitude
,25 30 55.553,85 23 31.429
,,
","Area (in Ha.) - 43 
 Mineable sand (in cu m) - 774000 
 Reserve Price - 58050000","Vaishali","Ganga","Serial Number,Latitude,Longitude
,25 29 19.183,85 29 53.589
,,
","Area (in Ha.) - 51 
 Mineable sand (in cu m) - 918000 
 Reserve Price - 68850000","N/A","N/A","N/A","N/A","N/A","N/A","N/A","N/A","N/A","N/A","N/A","N/A","N/A","N/A","N/A","N/A","N/A","N/A","N/A","N/A","N/A","N/A","N/A","N/A","N/A","N/A","N/A","N/A","N/A","N/A","N/A","N/A","N/A","N/A","N/A","N/A","N/A","N/A","N/A","N/A","N/A","N/A","N/A","N/A","N/A","N/A","N/A","N/A","N/A","N/A","N/A","N/A","N/A","N/A","N/A","N/A","N/A","N/A","N/A","N/A","N/A","N/A","N/A","N/A","N/A","N/A","N/A","N/A","N/A","N/A","N/A","N/A"
"Jashpur","Chhattisgarh","Jashpur","https://storage.googleapis.com/download/storage/v1/b/ved_prod__media/o/pdfs%2F%2F8df8da2d-d21f-4ed9-846d-3d770068af4d.pdf?generation=1670843332970274&alt=media",1,"Sankh",3,"N/A","N/A","N/A","Duldula","Sankh","Serial Number,Latitude,Longitude
,,
,,
","Jashpur C 
 Village - Duldula  
 Area (in Ha) - 2.10 
 Ceiling Price - 92 Rs per gm 
 Co-ordinates and mineable quantity are not provided","Manora","Sankh","Serial Number,Latitude,Longitude
,,
,,
","Jashpur F 
 Village - Kasira 
 Area (in Ha) - 4.90 
 Ceiling Price - 92 Rs per gm 
 Co-ordinates and mineable quantity are not provided","Jashpur","07-11-2019 18:30:00","https://jashpur.nic.in/en/","Collector Office (Mining Department)","Collector Office (Mining Department)","12-12-2022","N/A","N/A","N/A","N/A","N/A","N/A","N/A","N/A","N/A","N/A","N/A","N/A","Manora","Sankh","Serial Number,Latitude,Longitude
,,
,,
","Jashpur G 
 Village - Goriatoli 
 Area (in Ha) - 3.00 
 Ceiling Price - 92 Rs per gm 
 Co-ordinates and mineable quantity are not provided","N/A","N/A","N/A","N/A","N/A","N/A","N/A","N/A","N/A","N/A","N/A","N/A","N/A","N/A","N/A","N/A","N/A","N/A","N/A","N/A","N/A","N/A","N/A","N/A","N/A","N/A","N/A","N/A","N/A","N/A","N/A","N/A","N/A","N/A","N/A","N/A","N/A","N/A","N/A","N/A","N/A","N/A","N/A","N/A","N/A","N/A","N/A","N/A","N/A","N/A","N/A","N/A","N/A","N/A","N/A","N/A","N/A","N/A","N/A","N/A","N/A","N/A","N/A","N/A","N/A","N/A","N/A","N/A","N/A","N/A","N/A","N/A","N/A","N/A","N/A","N/A","N/A","N/A","N/A","N/A","N/A","N/A","N/A","N/A","N/A","N/A","N/A","N/A","N/A","N/A","N/A","N/A","N/A","N/A","N/A","N/A","N/A","N/A","N/A","N/A","N/A","N/A","N/A","N/A","N/A","N/A","N/A","N/A","N/A","N/A","N/A","N/A","N/A","N/A","N/A","N/A","N/A","N/A","N/A","N/A","N/A","N/A","N/A","N/A","N/A","N/A","N/A","N/A","N/A","N/A","N/A","N/A","N/A","N/A","N/A","N/A","N/A","N/A","N/A","N/A","N/A","N/A","N/A","N/A","N/A","N/A","N/A","N/A","N/A","N/A","N/A","N/A","N/A","N/A","N/A","N/A","N/A","N/A","N/A","N/A","N/A","N/A","N/A","N/A","N/A","N/A","N/A","N/A","N/A","N/A","N/A","N/A","N/A","N/A","N/A","N/A","N/A","N/A","N/A","N/A","N/A","N/A","N/A","N/A","N/A","N/A","N/A","N/A","N/A","N/A","N/A","N/A","N/A","N/A","N/A","N/A","N/A","N/A","N/A","N/A","N/A","N/A","N/A","N/A","N/A","N/A","N/A","N/A","N/A","N/A","N/A","N/A","N/A","N/A","N/A","N/A","N/A","N/A","N/A","N/A","N/A","N/A","N/A","N/A","N/A","N/A","N/A","N/A","N/A","N/A","N/A","N/A"
"Saran","Bihar","Saran","https://storage.googleapis.com/download/storage/v1/b/ved_prod__media/o/pdfs%2F%2F5a32a823-c800-4ead-bd34-48e9b9299c2b.pdf?generation=1670861842257434&alt=media",3,"Ghaghra, Ganga, Gandak",16,6682500,"N/A","N/A","Manjhi","Ghaghra","Serial Number,Latitude,Longitude
,25 52 35.92,84 30 46.20
,,
","Ghat/ Village - Tajpur Ghat 
 Mauza - Palauria 
 Area (in Ha) - 37.2 
 Proposed Mineable quantity (in cu m) - 669600 
 Rate as per Ghat - 50220000 
 ","Revelganj","Ganga","Serial Number,Latitude,Longitude
,24 45 19.43,84 42 8.06
,,
","Ghat/ Village - Jan Toli Barhampur Ghat 
 Mauza - Jalshar 
 Area (in Ha) - 20.3 
 Proposed Mineable quantity (in cu m) - 365400 
 Rate as per Ghat - 27405000","Manjhi, Revelganj, Chapra, Dighwara, Dariapur, Panapur, Parsa","20-09-2022 18:30:00","https://saran.nic.in/","Mines and Geology Department ","Mines and Geology Department ","12-12-2022","N/A","N/A","N/A","N/A","N/A","N/A","N/A","N/A","N/A","N/A","N/A","N/A","Revelganj","Ganga","Serial Number,Latitude,Longitude
,25 45 48.10,84 43 0.50
,,
","Ghat/ Village - Zail Shahar 
 Mauza - Zail Shahar 
 Area (in Ha) - 18 
 Proposed Mineable quantity (in cu m) - 324000 
 Rate as per Ghat - 24300000","N/A","N/A","N/A","N/A","Revelganj","Ganga","Serial Number,Latitude,Longitude
,25 46 17.08,84 44 4.13
,,
","Ghat/ Village - RavalTola 
 Mauza - Diliarahimpur 
 Area (in Ha) - 14.8 
 Proposed Mineable quantity (in cu m) - 266400 
 Rate as per Ghat - 19980000","N/A","N/A","N/A","N/A","Revelganj","Ganga","Serial Number,Latitude,Longitude
,25 45 53.16,84 45 46.25
,,
","Ghat/ Village - Arava Tola Sand Ghat 
 Mauza - Diliarahimpur 
 Area (in Ha) - 20 
 Proposed Mineable quantity (in cu m) - 360000 
 Rate as per Ghat - 27000000","N/A","N/A","N/A","N/A","Chapra","Ganga","Serial Number,Latitude,Longitude
,25 44 59.46,84 47 22.50
,,
","Ghat/ Village - Ghenghta Telpa Ghat 
 Mauza - Sherpur 
 Area (in Ha) - 8.95 
 Proposed Mineable quantity (in cu m) - 161100 
 Rate as per Ghat - 12082500","N/A","N/A","N/A","N/A","Chapra","Ganga","Serial Number,Latitude,Longitude
,25 43 33.91,84 49 46.96
,,
","Ghat/ Village - Doriganj Sand Ghat 
 Mauza - Doriganj 
 Area (in Ha) - 15 
 Proposed Mineable quantity (in cu m) - 270000 
 Rate as per Ghat - 20250000","N/A","N/A","N/A","N/A","Chapra","Ganga","Serial Number,Latitude,Longitude
,25 43 25.22,84 54 46.65
,,
","Ghat/ Village - Musepur Sand Ghat 
 Mauza - Musepur 
 Area (in Ha) - 48.7 
 Proposed Mineable quantity (in cu m) - 876600 
 Rate as per Ghat - 65745000","N/A","N/A","N/A","N/A","Chapra","Ganga","Serial Number,Latitude,Longitude
,25 44 26.04,84 56 15.51
,,
","Ghat/ Village - Bodha Chappra 
 Mauza - Bodha Chappra 
 Area (in Ha) - 41.2 
 Proposed Mineable quantity (in cu m) - 741600 
 Rate as per Ghat - 55620000","N/A","N/A","N/A","N/A","Dighwara","Ganga","Serial Number,Latitude,Longitude
,25 44 32.01,84 57 18.43
,,
","Ghat/ Village - Mathurapur Ghat 
 Mauza - Mathurapur 
 Area (in Ha) - 16.8 
 Proposed Mineable quantity (in cu m) - 302400 
 Rate as per Ghat - 22680000","N/A","N/A","N/A","N/A","Dighwara","Ganga","Serial Number,Latitude,Longitude
,25 43 40.34,84 58 28.39
,,
","Ghat/ Village - Manpur Dighwara Ghat 
 Mauza - Manpur Dighwara 
 Area (in Ha) - 37.4 
 Proposed Mineable quantity (in cu m) - 673200 
 Rate as per Ghat - 50490000","N/A","N/A","N/A","N/A","Dighwara","Ganga","Serial Number,Latitude,Longitude
,25 42 46.31,85 6 38.31
,,
","Ghat/ Village - Pahleja Ghat 
 Mauza - Pahleja 
 Area (in Ha) - 13.8 
 Proposed Mineable quantity (in cu m) - 248400 
 Rate as per Ghat - 18630000","N/A","N/A","N/A","N/A","Dariapur","Gandak","Serial Number,Latitude,Longitude
,25 49 47.23 ,85 9 2.56
,,
","Ghat/ Village - Kalighat Darihara Saraala Ghat 
 Mauza - Darihara 
 Area (in Ha) - 29.8 
 Proposed Mineable quantity (in cu m) - 536400 
 Rate as per Ghat - 40230000","N/A","N/A","N/A","N/A","Panapur","Gandak","Serial Number,Latitude,Longitude
,26 11 46.39 ,84 53 45.19
,,
","Ghat/ Village - Sarouja Satjora Ghat 
 Mauza - Sarouja Satjora 
 Area (in Ha) - 13.6 
 Proposed Mineable quantity (in cu m) - 244800 
 Rate as per Ghat - 18360000","N/A","N/A","N/A","N/A","Panapur","Gandak","Serial Number,Latitude,Longitude
,26 10 20.36 ,84 53 30.19
,,
","Ghat/ Village - Prithvi Panapur Ghat 
 Mauza - Prithvi Bhagwanpur 
 Area (in Ha) - 18.2 
 Proposed Mineable quantity (in cu m) - 327600 
 Rate as per Ghat - 24570000","N/A","N/A","N/A","N/A","Parsa","Gandak","Serial Number,Latitude,Longitude
,26 6 34.02,84 55 58.45
,,
","Ghat/ Village - Sanpatiya Saraia 
 Mauza - Shaguni 
 Area (in Ha) - 17.5 
 Proposed Mineable quantity (in cu m) - 315000 
 Rate as per Ghat - 23625000","N/A","N/A","N/A","N/A","N/A","N/A","N/A","N/A","N/A","N/A","N/A","N/A","N/A","N/A","N/A","N/A","N/A","N/A","N/A","N/A","N/A","N/A","N/A","N/A","N/A","N/A","N/A","N/A","N/A","N/A","N/A","N/A","N/A","N/A","N/A","N/A","N/A","N/A","N/A","N/A","N/A","N/A","N/A","N/A","N/A","N/A","N/A","N/A","N/A","N/A","N/A","N/A","N/A","N/A","N/A","N/A","N/A","N/A","N/A","N/A","N/A","N/A","N/A","N/A","N/A","N/A","N/A","N/A","N/A","N/A","N/A","N/A","N/A","N/A","N/A","N/A","N/A","N/A","N/A","N/A","N/A","N/A","N/A","N/A","N/A","N/A","N/A","N/A","N/A","N/A","N/A","N/A","N/A","N/A","N/A","N/A","N/A","N/A","N/A","N/A","N/A","N/A","N/A","N/A","N/A","N/A","N/A","N/A","N/A","N/A","N/A","N/A","N/A","N/A","N/A","N/A","N/A","N/A","N/A","N/A","N/A","N/A","N/A","N/A","N/A","N/A","N/A","N/A"
"Patna","Bihar","Patna","https://storage.googleapis.com/download/storage/v1/b/ved_prod__media/o/pdfs%2F%2F54295161-04a9-493f-aea8-b99a4032ce45.pdf?generation=1670924614276889&alt=media",1,"Sone ",43,"N/A","N/A","N/A","Maner","Sone ","Serial Number,Latitude,Longitude
A,25°38'56.01""N,84°49'58.14""E
B,25°39'4.45"" N,84°50 11.89""E
C,25°38'26.34""N,84°50 16.45""E
D,25°38 38.71""N,84°49'55.65""E
","Sand Ghat - Patna-Son 1 
 Area (in Ha) - 40.3 
 Reserve Price - 2,42,00,000","Maner","Sone ","Serial Number,Latitude,Longitude
A,25°38'38.71""N,84°49'55.65""E
B,25°38 26.25""N,84°50'16.55""E
C,25°38'4.75""N,84°50'12.69""E
D,25°38'21.41""N,84°49'41.90""E
","Sand Ghat - Patna-Son 2 
 Area (in Ha) - 54.2 
 Reserve Price - 3,30,000","Maner","24-09-2019 18:30:00","https://patna.nic.in/","Mines and Geology Department ","Mines and Geology Department ","13-12-2022","N/A","N/A","N/A","N/A","N/A","N/A","N/A","N/A","N/A","N/A","N/A","N/A","Maner","Sone ","Serial Number,Latitude,Longitude
A,25°38'21.41""N,84°49'41.90""E
B,25°38'4.75""N,84°50 12.69""E
C,25°37'46.41″N,84°50'9.12""E
D,25°38'5,84°49 34.70""E
","Sand Ghat - Patna-Son 3  
 Area (in Ha) - 56 
 Reserve Price - 2,80,00,000","N/A","N/A","N/A","N/A","Maner","Sone ","Serial Number,Latitude,Longitude
A,25°38'5.73""N,84°49'34
B,25°37 46.41""N,70 E
C,25°37'34,84°50'9.12""E
D,37""N,84°50'3.36 E
","Sand Ghat - Patna-Son 4 
 Area (in Ha) - 47.9 
 Reserve Price - 2,88,00,000","N/A","N/A","N/A","N/A","Maner","Sone ","Serial Number,Latitude,Longitude
A,25°37'51.33″N,84°49'29.06""E
B,25°37'34.37""N,84°50'3.36″E
C,25°37'24.35""N,84°49'57.75""E
D,25°37 37.19""N,84°49'25.80""E
","Sand Ghat - Patna-Son 5 
 Area (in Ha) - 40 
 Reserve Price - 2,40,00,000","N/A","N/A","N/A","N/A","Maner","Sone ","Serial Number,Latitude,Longitude
A,25°37'37.19""N,84°49'25.80""E
B,25°37'24.25""N,84°49'57.81""E
C,25°37'12.14""N,84°49′52.51""E
D,25°37'13.20""N,84°49'49.51""E
E,25°37'21.25""N,84°49'26.73 E
","Sand Ghat - Patna-Son 6 
 Area (in Ha) - 37.1 
 Reserve Price - 2,60,00,000","N/A","N/A","N/A","N/A","Patna Rural","Sone ","Serial Number,Latitude,Longitude
A,25°37'13.10""N,84°49'49.57""E
B,25°37'12.07""N,84°49'52.56""E
C,25°37'24.25"" N,84°50'2.38"" E
D,25°36'52.16"" N,84°50'1.49""E
E,25°36'56.88"" N,84°49'44.02""E
F,25°37'2.47"" N,84°49'49.13""E
G,25°37'4.62"" N,84°49'50.18""E
","Sand Ghat - Patna-Son 7 
 Area (in Ha) - 19.9 
 Reserve Price - 1,40,00,000","N/A","N/A","N/A","N/A","Maner","Sone ","Serial Number,Latitude,Longitude
A,25 36 56.88,84 49 44.02
,,
","Sand Ghat - Patna-Son 8 
 Area (in Ha) - 39.3 
 Reserve Price - 2,75,00,000","N/A","N/A","N/A","N/A","Maner","Sone ","Serial Number,Latitude,Longitude
,25 36 43.24,84 49 29.08
,,
","Sand Ghat - Patna-Son 9 
 Area (in Ha) - 40 
 Reserve Price - 2,40,00,000","N/A","N/A","N/A","N/A","Maner","Sone ","Serial Number,Latitude,Longitude
,25 36 31.72,84 49 21.76
,,
","Sand Ghat - Patna-Son 10 
 Area (in Ha) - 40.3 
 Reserve Price - 2,42,00,00","N/A","N/A","N/A","N/A","Maner","Sone ","Serial Number,Latitude,Longitude
,25 36 18.74,84 49 15.44
,,
","Sand Ghat - Patna-Son 11 
 Area (in Ha) - 38.4 
 Reserve Price - 2,31,00,000","N/A","N/A","N/A","N/A","Bihta","Sone ","Serial Number,Latitude,Longitude
,25 36 2.64,84 49 16.70
,,
","Sand Ghat - Patna-Son 12 
 Area (in Ha) - 39.9 
 Reserve Price - 2,40,00,000","N/A","N/A","N/A","N/A","Bihta","Sone ","Serial Number,Latitude,Longitude
,25 35 47.51,84 49 10.79
,,
","Sand Ghat - Patna-Son 13 
 Area (in Ha) - 46.6 
 Reserve Price - 3,26,00,000","N/A","N/A","N/A","N/A","Bihta","Sone ","Serial Number,Latitude,Longitude
,25 33 33.21,84 47 43.98
,,
","Sand Ghat - Patna-Son 14 
 Area (in Ha) - 40 
 Reserve Price - 2,80,00,000","N/A","N/A","N/A","N/A","Bihta","Sone ","Serial Number,Latitude,Longitude
,25 32 39.83,84 47 3.78
,,
","Sand Ghat - Patna-Son 15 
 Area (in Ha) - 39.1 
 Reserve Price - 2,74,00,000","N/A","N/A","N/A","N/A","Bihta","Sone ","Serial Number,Latitude,Longitude
,25 32 9.23,84 46 28.15
,,
","Sand Ghat - Patna-Son 16 
 Area (in Ha) - 63.4 
 Reserve Price - 3,81,00,000","N/A","N/A","N/A","N/A","Bihta","Sone ","Serial Number,Latitude,Longitude
,25 31 9.98,84 46 34.71
,,
","Sand Ghat - Patna-Son 17 
 Area (in Ha) - 14.2 
 Reserve Price - 1,00,00,000","Belchhi","Sone ","Serial Number,Latitude,Longitude
,25 30 34.57,84 45 54.30
,,
","Sand Ghat - Patna-Son 18 
 Area (in Ha) - 75 
 Reserve Price - 5,25,00,000","Belchhi","Sone ","Serial Number,Latitude,Longitude
,25 29 55.04,84 45 28.52
,,
","Sand Ghat - Patna-Son 19 
 Area (in Ha) - 6 
 Reserve Price - 3,84,00,00","Belchhi","Sone ","Serial Number,Latitude,Longitude
,25 29 31.14,84 45 26.14
,,
","Sand Ghat - Patna-Son 20 
 Area (in Ha) - 66.6 
 Reserve Price - 4,00,00,000","Bihta","Sone ","Serial Number,Latitude,Longitude
,25 29 41.88,84 46 13.05
,,
","Sand Ghat - Patna-Son 21 
 Area (in Ha) - 21 
 Reserve Price - 1,47,00,000","Bihta","Sone ","Serial Number,Latitude,Longitude
,25 29 22.49,84 46 14.80
,,
","Sand Ghat - Patna-Son 22 
 Area (in Ha) - 22.9 
 Reserve Price - 1,38,00,000","Paliganj","Sone ","Serial Number,Latitude,Longitude
A,25°26'21.50""N,84°46'38.32""E
B,25°26'19.20""N,84°46'52.48""E
C,25°26'8.51""N,84°46'51.12""E
D,25°26'2.07″N,84°46'47.63""E
E,25°25'57.47″N,84°46'42.51""E
F,25°25'50.38""N,84°46'32.47""E
G,25°25'52.77""N,84°46'25.02""E
","Sand Ghat - Patna-Son 23 
 Area (in Ha) - 40.6 
 Reserve Price - 2,44,00,000","Bikram","Sone ","Serial Number,Latitude,Longitude
A,25°25'52.77""N,84°46'25.02″E
B,25°25'50.38""N,84°46'32.47""E
C,25°25'42.29""N,84°46'25.69""E
D,25°25'24.94""N,84°46'17.95""E
E,25°25'7,84°46'16.27""E
F,60 N,84°46'14.64""E
G,25°24'58.95""N,84°45'57.48""E
H,25°25'6.65""N,84°46'11.93""E
","Sand Ghat - Patna-Son 24 
 Area (in Ha) - 38.6 
 Reserve Price - 2,32,00,000","Bikram","Sone ","Serial Number,Latitude,Longitude
A,25°25'6.65""N,84°45'57.48""E
B,25°24'58.95""N,84°46'14.64""E
C,25°24'40.92""N,84°46'6.80""E
D,25°24'50.80""N,84°45'41.07""E
","Sand Ghat - Patna-Son 25 
 Area (in Ha) - 40.5 
 Reserve Price - 2,84,00,000","Paliganj","Sone ","Serial Number,Latitude,Longitude
A,25°24'50.80 N,84°45'41.07""E
B,25°24'40.92""N,84°46'6.80""E
C,25 24'27.74 N,84 45'53.09""E
D,25°24'36.32 N,84°45'31.10°E
","Sand Ghat - Patna-Son 26 
 Area (in Ha) - 
 Reserve Price -","Sampatchak","Sone ","Serial Number,Latitude,Longitude
A,25°24'36.32""N,84°45'31.10""E
B,25°24 27.74""N,84°45'53.09""E
C,25°24 15.97""N,84°45'44.25""
D,25°24'9.85""N,84°45'43.08""E
E,25°24'18.49""N,84°45'20.16""E
","Sand Ghat - Patna-Son 27 
 Area (in Ha) - 40.6 
 Reserve Price - 2,03,00,000","Sampatchak","Sone ","Serial Number,Latitude,Longitude
A,25°24 18.49""N,84°45 20.16""E
B,25°24'9.85″N,84°45'43.08""E
C,25°23'51.56 N,84°45'39.31""E
D,25°24'0.52""N,84°45'14.86""E
","Sand Ghat - Patna-Son 28 
 Area (in Ha) - 40.5 
 Reserve Price - 2,84,00,000","Paliganj","Sone ","Serial Number,Latitude,Longitude
A,25°24'0.52""N,84°45'14.86 E
B,25°23'51.56""N,84°45'39.31""E
C,25°23'32.44""N,84°45'31.81″E
D,25°23'41.63""N,84°45'11.83″E
","Sand Ghat - Patna-Son 29 
 Area (in Ha) - 40.5 
 Reserve Price - 2,84,00,000","Sampatchak","Sone ","Serial Number,Latitude,Longitude
A,25°23'41.63""N,84°45'11.83""E
B,25°23 32.44″N,84°45'31.81""E
C,25°23 12.89""N,84°45 24.16""E
D,25°23 22.59""N,84°45'5.20""E
","Sand Ghat - Patna-Son 30 
 Area (in Ha) - 38.3 
 Reserve Price - 2,30,00,000","Sampatchak","Sone ","Serial Number,Latitude,Longitude
A,25°23'22.59""N,84°45'5.20""E
B,25°23'12.89""N,84°45'24.16""E
C,25°23'2.17""N,84°45'20.57""E
D,25°23'9.51""N,84°45'0.41""E
","Sand Ghat - Patna-Son 31 
 Area (in Ha) - 23.2 
 Reserve Price - 1,63,00,000","Sampatchak","Sone ","Serial Number,Latitude,Longitude
A,25°23'9.51""N,84°45'0.41""E
B,25°23'2.17""N,84°45'20.57""E
C,25°22'48.47"" N,84°45'17.34""E
D,25°22'55.53""N,84°44'56.23""E
","Sand Ghat - Patna-Son 32 
 Area (in Ha) - 26.9 
 Reserve Price - 1,89,00,000","Sampatchak","Sone ","Serial Number,Latitude,Longitude
A,25°22'55.53″N,84°44'56.23""E
B,25°22'48.47""N,84°45'17.34""E
C,25°22′33.75""N,84°45'16.01""E
D,25°22'43.79 N,84°44'49.28""E
","Sand Ghat - Patna-Son 33 
 Area (in Ha) - 30.4 
 Reserve Price - 2,13,00,000","Sampatchak","Sone ","Serial Number,Latitude,Longitude
A,25°22'43.79""N,84°44'49.28""E
B,25°22'33.75""N,84°45'16.01""E
C,25°22'19.05""N,84°45'15.94""E
D,25°22 31.73 N,84°44'41.63""E
","Sand Ghat - Patna-Son 34 
 Area (in Ha) - 39 
 Reserve Price - 2,73,00,000","Paliganj","Sone ","Serial Number,Latitude,Longitude
A,25°2231.73""N,84°44'41.63""E
B,25°22'19.05""N,84°45'15.94""E
C,25°22'19.05""N,84°45'14.85""E
D,25°22 19.56""N,84°44 36.18""E
","Sand Ghat - Patna-Son 35 
 Area (in Ha) - 40.5 
 Reserve Price - 2,84,00,000","Paliganj","Sone ","Serial Number,Latitude,Longitude
A,25°22'19.56""N,84°44'36.18""E
B,25°22'7.70""N,84°45'14.85""E
C,25°21'51.50""N,84°45'10.83""E
D,25°22'5.42""N,84°44'27.06""E
","Sand Ghat - Patna-Son 36 
 Area (in Ha) - 61.2 
 Reserve Price - 4,29,00,000","Paliganj","Sone ","Serial Number,Latitude,Longitude
A,25°22'5.42""N,84°44′27.06""E
B,25°21'51.50""N,84°45'10.83""E
C,25°2137.36""N,84°45'5.04""E
D,25°21'50.31""N,84°44'18.06""E
","Sand Ghat - Patna-Son 37 
 Area (in Ha) - 65.8 
 Reserve Price - 4,61,00,000","Paliganj","Sone ","Serial Number,Latitude,Longitude
A,25°21'50,84°44'18.06""E
B,31""N,84°45'5.04""E
C,25°2137.36""N,84°44'47.14""E
D,25°2124.64""N,84°44'14.36″E
","Sand Ghat - Patna-Son 38 
 Area (in Ha) - 56 
 Reserve Price - 3,36,00,000","Paliganj","Sone ","Serial Number,Latitude,Longitude
A,25°21'37.34""N,84°44 14.36""E
B,25°21 24.64""N,84°44'47.14""E
C,25°21 2.69""N,84°44'29.34""E
D,25°21'15.72""N,84°44'8.22""E
","Sand Ghat - Patna-Son 39 
 Area (in Ha) - 63.9 
 Reserve Price - 3,84,00,000","Paliganj","Sone ","Serial Number,Latitude,Longitude
A,25°21'15.72""N,84°44'8.22""E
B,25°21 2.69""N,84°44'29.34""E
C,25°20'39.85″N,84°44'10.61""E
D,25°20'58.61″N,84°44'3.01""E
E,25°21'4.08""N,84°44'5.68""E
","Sand Ghat - Patna-Son 40 
 Area (in Ha) - 40.5 
 Reserve Price - 2,84,00,000","Paliganj","Sone ","Serial Number,Latitude,Longitude
A,25°19 39.91""N,84°43'29.05""E
B,25°19'36.65""N,84°43'31.73""E
C,25°19'9.37""N,84°43'17.80""E
D,25°19 22.27"" N,84°43'4.83""E
","Sand Ghat - Patna-Son 41 
 Area (in Ha) - 28.6 
 Reserve Price - 1,72,00,000","Paliganj","Sone ","Serial Number,Latitude,Longitude
A,25°19'22.27"" N,84°43'4.83""E
B,25°19'9.37""N,84°43'17.80""E
C,25°18'56.42""N,84°43'11.60""E
D,25°18'44.36""N,84°42'55.88""E
E,25°19'3.16""N,84°42'38.31""E
F,25°19'17.16""N,84°43'1.38""E
","Sand Ghat - Patna-Son 42 
 Area (in Ha) - 64.7 
 Reserve Price - 3,89,00,000","Paliganj","Sone ","Serial Number,Latitude,Longitude
A,25°19'3.16""N,84°42'38.31""E
B,25°18'44.36""N,84°42'55.88""E
C,25°18'24.86""N,84°42′29.97""E
D,25°18'56.17""N,84°42'19.04""E
","Sand Ghat - Patna-Son 43 
 Area (in Ha) - 65 
 Reserve Price - 3,90,00,000","N/A","N/A","N/A","N/A","N/A","N/A","N/A","N/A","N/A","N/A","N/A","N/A","N/A","N/A","N/A","N/A"
"Supaul, 2022","Bihar","Supaul","https://storage.googleapis.com/download/storage/v1/b/ved_prod__media/o/pdfs%2F%2Fb104c043-71a9-48dc-8f67-be86f7cdddd8.pdf?generation=1671609326601808&alt=media",3,"Sursar, Chilauni, Denga",6,105360,"N/A","N/A","Chhatapur","Sursar","Serial Number,Latitude,Longitude
A,26 12 26.04,87 1 23.48
B,26 12 26.59,87 1 26.52
C,26 12 14.67,87 1 29.63
D,26 12 13.76,87 1 28.91
","Unit - 1 
 Sand Ghat - Chunni block 1 
 Area (in HA) - 3.84 
 Village - Chunnu 
 Mineable Quantity (m3) - 23040 
 Reserve Price (in Rs) - 30,78,000 (for unit 1) 
 ","Chhatapur","Sursar","Serial Number,Latitude,Longitude
A,26 10 1.49,87 1 16.87
B,26 10 1.40,87 1 18.14
C,26 9 46.10,87 1 9.40
D,26 9 47.12,87 1 9.84
","Unit - 1 
 Sand Ghat - Ghibaha block 2 
 Area (in HA) - 3 
 Village - Ghibaha 
 Mineable Quantity (m3) - 18000 
 Reserve Price (in Rs) - 30,78,000 (for unit 1)","Supaul","13-12-2022 18:30:00","https://supaul.nic.in/","Mines and Geology Department ","Mines and Geology Department ","22-12-2022","Chunni block 1","N/A","N/A","N/A","Ghibaha block 2","N/A","N/A","N/A","Jogia Chahi block 1","N/A","N/A","N/A","Tribeniganj","Denga","Serial Number,Latitude,Longitude
A,26 5 50.20,86 56 22.38
B,26 5 50.76,86 56 22.84
C,26 5 45.26,86 56 3.82
D,26 5 45.72,86 56 3.53
","Unit - 2  
 Sand Ghat - Jogia Chahi block 1 
 Area (in HA) - 1.82 
 Village - Lakshminia  
 Mineable Quantity (m3) - 10920 
 Reserve Price (in Rs) - 24,39,000 (for unit 2)","Jogia Chahi block 2","N/A","N/A","N/A","Tribeniganj","Denga","Serial Number,Latitude,Longitude
A,26 6 33.90,86 56 25.75
B,26 6 33.51,86 56 27.53
C,26 6 16.36,86 56 18.77
D,26 6 20.34,86 56 17.64
","Unit - 2  
 Sand Ghat - Jogia Chahi block 2 
 Area (in HA) - 3.6 
 Village - Maholiya 
 Mineable Quantity (m3) - 21600 
 Reserve Price (in Rs) - 24,39,000 (for unit 2)","Chilauni block 1","N/A","N/A","N/A","Pratapganj","Chilauni","Serial Number,Latitude,Longitude
A,26 18 16.73,86 54 43.66
B,26 18 17.39,86 54 45.20
C,26 18 1.84,86 54 47.90
D,26 18 1.59,86 54 45.69
","Unit - 3  
 Sand Ghat - Chilauni block 1 
 Area (in HA) - 3 
 Village - Chilauni 
 Mineable Quantity (m3) - 18000 
 Reserve Price (in Rs) - 23,85,000 (for unit 3)","Chilauni block 2","N/A","N/A","N/A","Pratapganj","Chilauni","Serial Number,Latitude,Longitude
A,26 16 55.50,86 53 37.46
B,26 16 55.28,86 53 39.10
C,26 16 53.58,86 53 40.10
D,26 16 46.49,86 53 39.41
E,26 16 45.84,86 53 39.04
F,26 16 45.82,86 53 36.35
","Unit - 3 
 Sand Ghat - Chilauni block 2  
 Area (in HA) - 2.3 
 Village - Chilauni  
 Mineable Quantity (m3) - 13800 
 Reserve Price (in Rs) - 23,85,000 (for unit 3)","N/A","N/A","N/A","N/A","N/A","N/A","N/A","N/A","N/A","N/A","N/A","N/A","N/A","N/A","N/A","N/A","N/A","N/A","N/A","N/A","N/A","N/A","N/A","N/A","N/A","N/A","N/A","N/A","N/A","N/A","N/A","N/A","N/A","N/A","N/A","N/A","N/A","N/A","N/A","N/A","N/A","N/A","N/A","N/A","N/A","N/A","N/A","N/A","N/A","N/A","N/A","N/A","N/A","N/A","N/A","N/A","N/A","N/A","N/A","N/A","N/A","N/A","N/A","N/A","N/A","N/A","N/A","N/A","N/A","N/A","N/A","N/A","N/A","N/A","N/A","N/A","N/A","N/A","N/A","N/A","N/A","N/A","N/A","N/A","N/A","N/A","N/A","N/A","N/A","N/A","N/A","N/A","N/A","N/A","N/A","N/A","N/A","N/A","N/A","N/A","N/A","N/A","N/A","N/A","N/A","N/A","N/A","N/A","N/A","N/A","N/A","N/A","N/A","N/A","N/A","N/A","N/A","N/A","N/A","N/A","N/A","N/A","N/A","N/A","N/A","N/A","N/A","N/A","N/A","N/A","N/A","N/A","N/A","N/A","N/A","N/A","N/A","N/A","N/A","N/A","N/A","N/A","N/A","N/A","N/A","N/A","N/A","N/A","N/A","N/A","N/A","N/A","N/A","N/A","N/A","N/A","N/A","N/A","N/A","N/A","N/A","N/A","N/A","N/A","N/A","N/A","N/A","N/A","N/A","N/A","N/A","N/A","N/A","N/A","N/A","N/A","N/A","N/A","N/A","N/A","N/A","N/A","N/A","N/A","N/A","N/A","N/A","N/A","N/A","N/A","N/A","N/A","N/A","N/A","N/A","N/A","N/A","N/A","N/A","N/A","N/A","N/A","N/A","N/A","N/A","N/A","N/A","N/A"
"East Champaran, 2023","Bihar","Purbi Champaran","https://storage.googleapis.com/download/storage/v1/b/ved_prod__media/o/pdfs%2F95652e3d-fdc9-4c4b-84ac-c1ed9bd851bf.pdf?generation=1679036330893929&alt=media",3,"Gand, Tiur, Budhi Gandak",8,757100,"N/A","N/A","Motihari","Gandak","Serial Number,Latitude,Longitude
A,26°29′30.97″N,84°34'15.15″E
B,26°29'42.13″N,84°34'16.78″E
C,26°29′31.07″N,84°35'6.22″E
D,26°29′21.04″N,84°35'2.62″E
","Ghat/ Village - SIKTIA BALU GHAT 
 Area in Ha. - 46.2 
 Proposed Minable Mineral Quantity (In Cum) Considering depth 1 m - 462000 
 60% of Proposed minable Mineral Quantity (In Cum) - 277200 
 Proposed Minimum reserve Amount (in Rs.) - 2,07,90,000","Chakia(Pipra)","Gandak","Serial Number,Latitude,Longitude
A,26°29′28.62″N,84°36'48.31""E
B,26°29′30.60″N,84°36'55.87″E
C,26°29'25.78″N,84°36'58.33″E
D,26°29′23.04″N,84°36'51.41″E
","Ghat/ Village - PIPRA BALU GHAT 
 Area in Ha. - 3.79 
 Proposed Minable Mineral Quantity (In Cum) Considering depth 1 m - 37900 
 60% of Proposed minable Mineral Quantity (In Cum) - 22740 
 Proposed Minimum reserve Amount (in Rs.) - 17,05,500","Motihari, Chakia(Pipra), Areraj, Kesaria, Kalyanpur","13-03-2023 18:30:00","https://eproc2.bihar.gov.in/EPSV2Web/","Mines and Geology Department ","Mines and Geology Department ","17-03-2023","Block 1","46.2","N/A","2,07,90,000","Block 2","3.79","N/A","17,05,500","Block 3","2.13","N/A","9.58,500","Areraj","Gandak","Serial Number,Latitude,Longitude
A,26°28′38.48″N,84°39′54.30″E
B,26°28′42.15″N,84°39′54.03″E
C,26°28′42.16″N,84°40'1.30″E
D,26°28'38.79″N,84°40′1.14″E
","Ghat/ Village - GOBINDGANJ BALU GHAT 
 Area in Ha. - 2.13 
 Proposed Minable Mineral Quantity (In Cum) Considering depth 1 m - 21300 
 60% of Proposed minable Mineral Quantity (In Cum) - 12780 
 Proposed Minimum reserve Amount (in Rs.) - 9.58,500","Block 4","6.64","N/A","29,88,000","Kesaria","Gandak","Serial Number,Latitude,Longitude
A,26°24'50.92″N,84°43'41.10″E
B,26°24'46.29″N,84°43′36.67""E
C,26°24'39.37″N,84°43'49.87″E
D,26°24'43.46″N,84°43'52.22″E
","Ghat/ Village - DUMARIA BALU GHAT 
 Area in Ha. - 6.64 
 Proposed Minable Mineral Quantity (In Cum) Considering depth 1 m - 66400 
 60% of Proposed minable Mineral Quantity (In Cum) - 39840 
 Proposed Minimum reserve Amount (in Rs.) - 29,88,000","Block 5","10.6","N/A","47,70,000","Kalyanpur","Gandak","Serial Number,Latitude,Longitude
A,26°16'52.11""N,84°50'54.57""E
B,26°16'51.56""N,84°51'3.91″E
C,26°16'38.66″N,84°51'9.28""E
D,26°16'38.79""N,84°50'59.58""E
","Ghat/ Village - SATTAR BALU GHAT 
 Area in Ha. - 10.6 
 Proposed Minable Mineral Quantity (In Cum) Considering depth 1 m - 106000 
 60% of Proposed minable Mineral Quantity (In Cum) - 63600 
 Proposed Minimum reserve Amount (in Rs.) - 47,70,000","Block 6","1","N/A","4,50,000","Chakia(Pipra)","Tiur","Serial Number,Latitude,Longitude
A,26°50′15.29″N,85°1′4.01″E
B,26°50'14.79″N,85°1'2.41″E
C,26°50'9.34″N,85°1'6.81″E
D,26°50'11.27″N,85°1'7.99""E
","Ghat/ Village - CHHAURADANO- PIPRA BALU GHAT 
 Area in Ha. - 1 
 Proposed Minable Mineral Quantity (In Cum) Considering depth 1 m - 10000 
 60% of Proposed minable Mineral Quantity (In Cum) - 6000 
 Proposed Minimum reserve Amount (in Rs.) - 4,50,000","Block 7","2","N/A","9,00,000","Motihari","Tiur","Serial Number,Latitude,Longitude
A,26°46'12.19″N,85°0'8.67″E
B,26°46'9.84″N,85°0'11.06""E
C,26°46'2.45″N,85° 0'11.00″E
D,26°46'0.18""N,85°0'8.54″E
","Ghat/ Village - LAKHORA-MLAHI GHAT 
 Area in Ha. - 2 
 Proposed Minable Mineral Quantity (In Cum) Considering depth 1 m - 20000 
 60% of Proposed minable Mineral Quantity (In Cum) - 12000 
 Proposed Minimum reserve Amount (in Rs.) - 9,00,000","Block 8","3.35","N/A","15,07,500","Motihari","Budhi Gandak","Serial Number,Latitude,Longitude
A,26°39′23.24″N,85°1′3.01""E
B,26°39′25.83""N,85°1′4.19″E
C,26°39′16.31″N,85°1′16.92 E
D,26°39′14.78″N,85°1'15.02″E
","Ghat/ Village - LALBAGIYA GHAT 
 Area in Ha. - 3.35 
 Proposed Minable Mineral Quantity (In Cum) Considering depth 1 m - 33500 
 60% of Proposed minable Mineral Quantity (In Cum) - 20100 
 Proposed Minimum reserve Amount (in Rs.) - 15,07,500","N/A","N/A","N/A","N/A","N/A","N/A","N/A","N/A","N/A","N/A","N/A","N/A","N/A","N/A","N/A","N/A","N/A","N/A","N/A","N/A","N/A","N/A","N/A","N/A","N/A","N/A","N/A","N/A","N/A","N/A","N/A","N/A","N/A","N/A","N/A","N/A","N/A","N/A","N/A","N/A","N/A","N/A","N/A","N/A","N/A","N/A","N/A","N/A","N/A","N/A","N/A","N/A","N/A","N/A","N/A","N/A","N/A","N/A","N/A","N/A","N/A","N/A","N/A","N/A","N/A","N/A","N/A","N/A","N/A","N/A","N/A","N/A","N/A","N/A","N/A","N/A","N/A","N/A","N/A","N/A","N/A","N/A","N/A","N/A","N/A","N/A","N/A","N/A","N/A","N/A","N/A","N/A","N/A","N/A","N/A","N/A","N/A","N/A","N/A","N/A","N/A","N/A","N/A","N/A","N/A","N/A","N/A","N/A","N/A","N/A","N/A","N/A","N/A","N/A","N/A","N/A","N/A","N/A","N/A","N/A","N/A","N/A","N/A","N/A","N/A","N/A","N/A","N/A","N/A","N/A","N/A","N/A","N/A","N/A","N/A","N/A","N/A","N/A","N/A","N/A","N/A","N/A","N/A","N/A","N/A","N/A","N/A","N/A","N/A","N/A","N/A","N/A","N/A","N/A","N/A","N/A","N/A","N/A","N/A","N/A","N/A","N/A","N/A","N/A","N/A","N/A","N/A","N/A","N/A","N/A","N/A","N/A","N/A","N/A","N/A","N/A","N/A","N/A","N/A","N/A","N/A","N/A","N/A","N/A","N/A","N/A","N/A","N/A","N/A","N/A","N/A","N/A"
"Kaimur, 2022","Bihar","Kaimur (Bhabua)","https://storage.googleapis.com/download/storage/v1/b/ved_prod__media/o/pdfs%2F4226a029-aed3-487f-b58a-b5cc3354c679.pdf?generation=1680716926495514&alt=media",1,"Kudra ",8,"N/A","N/A","N/A","Kudra","Kudra ","Serial Number,Latitude,Longitude
A,25° 5'27.80""N,83°49'0.09""E
B,25° 5'28.58""N,83°49'1.27""E
C,25° 5'26.81""N,83°49'4.36""E
D,25° 5'24.45""N,83°49'6.96""E
E,25° 5'23.14""N,83°49'6.26""E
","Block name - Block 1 
 Name of Sand Ghat - Baina 
 Area (in Ha.) - 1 
 Reserve price for all the 8 locations - 21,37,500","Kudra","Kudra ","Serial Number,Latitude,Longitude
A,25° 6'1.63""N,83°48'37.65""E
B,25° 6'2.42""N,83°48'38.93""E
C,25° 6'1.97""N,83°48'43.52""E
D,25° 5'59.06""N,83°48'44.45""E
E,25° 5'57.41""N,83°48'43.71""E
","Block name - Block 2 
 Name of Sand Ghat - Itarhi 
 Area (in Ha.) - 1.5 
 Reserve price for all the 8 locations - 21,37,500","Kudra","14-10-2022 18:30:00","https://eproc2.bihar.gov.in/EPSV2Web/","Mines and Geology Department ","Mines and Geology Department ","06-04-2023","Block 1","N/A","N/A","N/A","Block 2","N/A","N/A","N/A","Block 3","N/A","N/A","N/A","Kudra","Kudra ","Serial Number,Latitude,Longitude
A,25° 7'22.31""N,83°47'5.45""E
B,25° 7'23.16""N,83°47'6.36""E
C,25° 7'19.81""N,83°47'9.40""E
D,25° 7'18.53""N,83°47'14.51""E
E,25° 7'17.30""N,83°47'15.00""E
F,25° 7'17.87""N,83°47'12.91""E
G,25° 7'17.91""N,83°47'10.94""E
H,25° 7'18.70""N,83°47'8.41""E
I,25° 7'20.01""N,83°47'6.99""E
","Block name - Block 3 
 Name of Sand Ghat - Basahi 
 Area (in Ha.) - 1.25 
 Reserve price for all the 8 locations - 21,37,500","Block 4","N/A","N/A","N/A","Kudra","Kudra ","Serial Number,Latitude,Longitude
A,25° 8'31.51""N,83°45'35.47""E
B,25° 8'32.16""N,83°45'35.88""E
C,25° 8'31.21""N,83°45'37.75""E
D,25° 8'29.58""N,83°45'39.79""E
E,25° 8'29.08""N,83°45'39.34""E
F,25° 8'30.48""N,83°45'37.46""E
","Block name - Block 4 
 Name of Sand Ghat - Amiaura 
 Area (in Ha.) - 0.3 
 Reserve price for all the 8 locations - 21,37,500","Block 5","N/A","N/A","N/A","Kudra","Kudra ","Serial Number,Latitude,Longitude
A,25°10'26.58""N,83°44'18.55""E
B,25°10'26.61""N,83°44'19.52""E
C,25°10'23.52""N,83°44'18.77""E
D,25°10'19.78""N,83°44'18.96""E
E,25°10'19.60""N,83°44'18.28""E
F,25°10'21.22""N,83°44'17.90""E
G,25°10'23.47""N,83°44'18.00""E
","Block name - Block 5 
 Name of Sand Ghat - Nateya 
 Area (in Ha.) - 0.51 
 Reserve price for all the 8 locations - 21,37,500","Block 6","N/A","N/A","N/A","Kudra","Kudra ","Serial Number,Latitude,Longitude
A,25°14'58.19""N,83°44'24.51""E
B,25°14'58.23""N,83°44'25.01""E
C,25°14'55.20""N,83°44'25.38""E
D,25°14'53.53""N,83°44'25.88""E
E,25°14'53.43""N,83°44'25.59""E
F,25°14'55.01""N,83°44'24.81""E
G,25°14'55.91""N,83°44'24.52""E
","Block name - Block 6 
 Name of Sand Ghat - Kaithiya 
 Area (in Ha.) - 0.25 
 Reserve price for all the 8 locations - 21,37,500","Block 7","N/A","N/A","N/A","Kudra","Kudra ","Serial Number,Latitude,Longitude
A,25°15'25.56""N,83°44'18.47""E
B,25°15'25.78""N,83°44'18.74""E
C,25°15'25.42""N,83°44'19.83""E
D,25°15'24.83""N,83°44'20.51""E
E,25°15'23.91""N,83°44'20.77""E
F,25°15'23.34""N,83°44'20.70""E
G,25°15'23.25""N,83°44'20.43""E
H,25°15'24.80""N,83°44'19.45""E
","Block name - Block 7 
 Name of Sand Ghat - Sultanpur 
 Area (in Ha.) - 0.18 
 Reserve price for all the 8 locations - 21,37,500","Block 8","N/A","N/A","N/A","Kudra","Kudra ","Serial Number,Latitude,Longitude
A,25°15'35.50""N,83°42'16.45""E
B,25°15'36.11""N,83°42'16.44""E
C,25°15'35.43""N,83°42'19.95""E
D,25°15'35.76""N,83°42'22.37""E
E,25°15'37.81""N,83°42'25.74""E
F,25°15'37.03""N,83°42'25.93""E
G,25°15'35.18""N,83°42'22.94""E
H,25°15'34.37""N,83°42'20.47""E
","Block name - Block 8 
 Name of Sand Ghat - Keshopur 
 Area (in Ha.) - 0.71 
 Reserve price for all the 8 locations - 21,37,500","N/A","N/A","N/A","N/A","N/A","N/A","N/A","N/A","N/A","N/A","N/A","N/A","N/A","N/A","N/A","N/A","N/A","N/A","N/A","N/A","N/A","N/A","N/A","N/A","N/A","N/A","N/A","N/A","N/A","N/A","N/A","N/A","N/A","N/A","N/A","N/A","N/A","N/A","N/A","N/A","N/A","N/A","N/A","N/A","N/A","N/A","N/A","N/A","N/A","N/A","N/A","N/A","N/A","N/A","N/A","N/A","N/A","N/A","N/A","N/A","N/A","N/A","N/A","N/A","N/A","N/A","N/A","N/A","N/A","N/A","N/A","N/A","N/A","N/A","N/A","N/A","N/A","N/A","N/A","N/A","N/A","N/A","N/A","N/A","N/A","N/A","N/A","N/A","N/A","N/A","N/A","N/A","N/A","N/A","N/A","N/A","N/A","N/A","N/A","N/A","N/A","N/A","N/A","N/A","N/A","N/A","N/A","N/A","N/A","N/A","N/A","N/A","N/A","N/A","N/A","N/A","N/A","N/A","N/A","N/A","N/A","N/A","N/A","N/A","N/A","N/A","N/A","N/A","N/A","N/A","N/A","N/A","N/A","N/A","N/A","N/A","N/A","N/A","N/A","N/A","N/A","N/A","N/A","N/A","N/A","N/A","N/A","N/A","N/A","N/A","N/A","N/A","N/A","N/A","N/A","N/A","N/A","N/A","N/A","N/A","N/A","N/A","N/A","N/A","N/A","N/A","N/A","N/A","N/A","N/A","N/A","N/A","N/A","N/A","N/A","N/A","N/A","N/A","N/A","N/A","N/A","N/A","N/A","N/A","N/A","N/A","N/A","N/A","N/A","N/A","N/A","N/A"
"Paschim Medinipur, 2018","West Bengal","Paschim Medinipur","https://storage.googleapis.com/download/storage/v1/b/ved_prod__media/o/pdfs%2Fbf7edb44-0b17-48d1-b228-7defd9d5c214.pdf?generation=1685185402295233&alt=media",1,"Kangsabati",2,44800,"N/A","N/A","Kharagpur - I","Kangsabati","Serial Number,Latitude,Longitude
1,22. 408632° N,87. 269864 °E
2,22. 407975° N,87.271610 °E
3,22. 408344° N,87 . 270737 °E
","Can't add ""per annum"" in Identified Sand Potential (Cubic Metres)","Kharagpur - I","Kangsabati","Serial Number,Latitude,Longitude
1,22.394909° N,87 . 434852 °E
2,22. 394809° N,87.438475 °E
3,22. 394611° N,87. 436504 °E
","","Kharagpur - I","30-10-2018 18:30:00","https://www.paschimmedinipur.gov.in/node/728","District Committee for competitive Bidding ","District Committee ","27-05-2023","Gumriyapal /1 J.L.NO - 1 PLOT  NO- 381(P}","4.5 ha","25200 Cum","629996 rupees","Munibgarh /J.L. NO. 382 PLOT NO - 345(P), 346(P)","3.5 Ha","19600 Cum","489993 rupees","N/A","N/A","N/A","N/A","N/A","N/A","N/A","N/A","N/A","N/A","N/A","N/A","N/A","N/A","N/A","N/A","N/A","N/A","N/A","N/A","N/A","N/A","N/A","N/A","N/A","N/A","N/A","N/A","N/A","N/A","N/A","N/A","N/A","N/A","N/A","N/A","N/A","N/A","N/A","N/A","N/A","N/A","N/A","N/A","N/A","N/A","N/A","N/A","N/A","N/A","N/A","N/A","N/A","N/A","N/A","N/A","N/A","N/A","N/A","N/A","N/A","N/A","N/A","N/A","N/A","N/A","N/A","N/A","N/A","N/A","N/A","N/A","N/A","N/A","N/A","N/A","N/A","N/A","N/A","N/A","N/A","N/A","N/A","N/A","N/A","N/A","N/A","N/A","N/A","N/A","N/A","N/A","N/A","N/A","N/A","N/A","N/A","N/A","N/A","N/A","N/A","N/A","N/A","N/A","N/A","N/A","N/A","N/A","N/A","N/A","N/A","N/A","N/A","N/A","N/A","N/A","N/A","N/A","N/A","N/A","N/A","N/A","N/A","N/A","N/A","N/A","N/A","N/A","N/A","N/A","N/A","N/A","N/A","N/A","N/A","N/A","N/A","N/A","N/A","N/A","N/A","N/A","N/A","N/A","N/A","N/A","N/A","N/A","N/A","N/A","N/A","N/A","N/A","N/A","N/A","N/A","N/A","N/A","N/A","N/A","N/A","N/A","N/A","N/A","N/A","N/A","N/A","N/A","N/A","N/A","N/A","N/A","N/A","N/A","N/A","N/A","N/A","N/A","N/A","N/A","N/A","N/A","N/A","N/A","N/A","N/A","N/A","N/A","N/A","N/A","N/A","N/A","N/A","N/A","N/A","N/A","N/A","N/A","N/A","N/A","N/A","N/A","N/A","N/A","N/A","N/A","N/A","N/A","N/A","N/A","N/A","N/A","N/A","N/A","N/A","N/A","N/A","N/A","N/A","N/A","N/A","N/A","N/A","N/A","N/A","N/A","N/A","N/A","N/A","N/A","N/A","N/A","N/A","N/A","N/A","N/A","N/A","N/A","N/A","N/A"
"Chitradurga, 2021","Karnataka","Chitradurga","https://storage.googleapis.com/download/storage/v1/b/ved_prod__media/o/pdfs%2Fa8b29aa4-db39-4a0c-bdbd-7d69f72ab566.pdf?generation=1686557555910652&alt=media",1,"Vedavati",1,"N/A",100000,"N/A","Hosdurga","Vedavati","Serial Number,Latitude,Longitude
A,13°45'13.9""N,76°19'05.6""E
B,13°45'12.1""N,76°19'07.0""E
C,13°45'07.9""N,76°19'01.5""E
D,13°45'10.1""N,76°18'59.8""E
E,13°45'05.9""N,76°18'55.6""E
F,13°45'04.0""N,76°18'57.0""E
G,13°45'01.1""N,76°18'53.2""E
H,13°44'51.4""N,76°18'37.7""E
I,13°44'47.9""N,76°18'32.9""E
J,13°44'40.3""N,76°18'23.9""E
K,13°44'41.7""N,76°18'22.6""E
L,13°44'52.1""N,76°18'35.4""E
M,13°44'58.7""N,76°18'45.2""E
N,13°45'02.4""N,76°18'52.1""E
"," 
   
 Page 3","N/A","N/A","N/A","N/A","Hosdurga","13-01-2021 18:30:00","https://ksmc.karnataka.gov.in/storage/pdf-files/tenderdocumet.pdf","Karnataka State Minerals Corporation Limited","Karnataka State Minerals Corporation Limited","12-06-2023","Kellod Dam","8.90308","N/A","390000","N/A","N/A","N/A","N/A","N/A","N/A","N/A","N/A","N/A","N/A","N/A","N/A","N/A","N/A","N/A","N/A","N/A","N/A","N/A","N/A","N/A","N/A","N/A","N/A","N/A","N/A","N/A","N/A","N/A","N/A","N/A","N/A","N/A","N/A","N/A","N/A","N/A","N/A","N/A","N/A","N/A","N/A","N/A","N/A","N/A","N/A","N/A","N/A","N/A","N/A","N/A","N/A","N/A","N/A","N/A","N/A","N/A","N/A","N/A","N/A","N/A","N/A","N/A","N/A","N/A","N/A","N/A","N/A","N/A","N/A","N/A","N/A","N/A","N/A","N/A","N/A","N/A","N/A","N/A","N/A","N/A","N/A","N/A","N/A","N/A","N/A","N/A","N/A","N/A","N/A","N/A","N/A","N/A","N/A","N/A","N/A","N/A","N/A","N/A","N/A","N/A","N/A","N/A","N/A","N/A","N/A","N/A","N/A","N/A","N/A","N/A","N/A","N/A","N/A","N/A","N/A","N/A","N/A","N/A","N/A","N/A","N/A","N/A","N/A","N/A","N/A","N/A","N/A","N/A","N/A","N/A","N/A","N/A","N/A","N/A","N/A","N/A","N/A","N/A","N/A","N/A","N/A","N/A","N/A","N/A","N/A","N/A","N/A","N/A","N/A","N/A","N/A","N/A","N/A","N/A","N/A","N/A","N/A","N/A","N/A","N/A","N/A","N/A","N/A","N/A","N/A","N/A","N/A","N/A","N/A","N/A","N/A","N/A","N/A","N/A","N/A","N/A","N/A","N/A","N/A","N/A","N/A","N/A","N/A","N/A","N/A","N/A","N/A","N/A","N/A","N/A","N/A","N/A","N/A","N/A","N/A","N/A","N/A","N/A","N/A","N/A","N/A","N/A","N/A","N/A","N/A","N/A","N/A","N/A","N/A","N/A","N/A","N/A","N/A","N/A","N/A","N/A","N/A","N/A","N/A","N/A","N/A","N/A","N/A","N/A","N/A","N/A","N/A","N/A","N/A","N/A","N/A","N/A","N/A","N/A","N/A","N/A","N/A","N/A","N/A","N/A","N/A","N/A","N/A"
"Kollam (Mining lease block III), Kerala","Kerala","Kollam","https://storage.googleapis.com/download/storage/v1/b/ved_prod__media/o/pdfs%2F396d3541-9bb8-41da-bc88-c74dbef230bf.pdf?generation=1686644335929754&alt=media","N/A","-NA-",1,"N/A",750000,"N/A","Kollam","-NA-","Serial Number,Latitude,Longitude
1,8* 59' 31.76” N,76* 31' 22.23” E Lat and Long
2,9* 01' 03.53” N,76* 31' 08.41” East Lat and Long
","For the Mineral Separation Plant, the initial mining lease was granted in 1972. In 1985, a mining lease was executed which was valid upto July 2005. For renewing of mining lease, a G.O. was granted by Govt. of Kerala in the year 2010, for this Block-III covering an area of 88.119 hectares. The total lease area of this block is 88.119 Ha, of this, 85 Ha is in the possession of KMML. This lease area is located in villages of Chavara, Panmana & Vadakumthala of Karunagappally taluk, Kollam District, Kerala State. It is located at 8* 59' 31.76” North. 76* 31' 22.23” East Lat and Long. to 9* 01' 03.53” North, 76* 31' 08.41” East Lat and Long. The mineral sand production capacity from inland mining is proposed to be enhanced from 2,50,000 MT/annum to 6,50,000 MT/ annum. Beach washing accretions are continuously replenished by the sea and about 1,00,000 MT is proposed to be mined by this method, The total ROM would be increased to 7,50,000 MT per annum.","N/A","N/A","N/A","N/A","Kollam","01-05-2014 18:30:00","Environmental Clearance","Government of Kerala","CSIR-NIIST, Thiruvananthapuram","13-06-2023","Mining Block III","N/A","N/A","N/A","N/A","N/A","N/A","N/A","N/A","N/A","N/A","N/A","N/A","N/A","N/A","N/A","N/A","N/A","N/A","N/A","N/A","N/A","N/A","N/A","N/A","N/A","N/A","N/A","N/A","N/A","N/A","N/A","N/A","N/A","N/A","N/A","N/A","N/A","N/A","N/A","N/A","N/A","N/A","N/A","N/A","N/A","N/A","N/A","N/A","N/A","N/A","N/A","N/A","N/A","N/A","N/A","N/A","N/A","N/A","N/A","N/A","N/A","N/A","N/A","N/A","N/A","N/A","N/A","N/A","N/A","N/A","N/A","N/A","N/A","N/A","N/A","N/A","N/A","N/A","N/A","N/A","N/A","N/A","N/A","N/A","N/A","N/A","N/A","N/A","N/A","N/A","N/A","N/A","N/A","N/A","N/A","N/A","N/A","N/A","N/A","N/A","N/A","N/A","N/A","N/A","N/A","N/A","N/A","N/A","N/A","N/A","N/A","N/A","N/A","N/A","N/A","N/A","N/A","N/A","N/A","N/A","N/A","N/A","N/A","N/A","N/A","N/A","N/A","N/A","N/A","N/A","N/A","N/A","N/A","N/A","N/A","N/A","N/A","N/A","N/A","N/A","N/A","N/A","N/A","N/A","N/A","N/A","N/A","N/A","N/A","N/A","N/A","N/A","N/A","N/A","N/A","N/A","N/A","N/A","N/A","N/A","N/A","N/A","N/A","N/A","N/A","N/A","N/A","N/A","N/A","N/A","N/A","N/A","N/A","N/A","N/A","N/A","N/A","N/A","N/A","N/A","N/A","N/A","N/A","N/A","N/A","N/A","N/A","N/A","N/A","N/A","N/A","N/A","N/A","N/A","N/A","N/A","N/A","N/A","N/A","N/A","N/A","N/A","N/A","N/A","N/A","N/A","N/A","N/A","N/A","N/A","N/A","N/A","N/A","N/A","N/A","N/A","N/A","N/A","N/A","N/A","N/A","N/A","N/A","N/A","N/A","N/A","N/A","N/A","N/A","N/A","N/A","N/A","N/A","N/A","N/A","N/A","N/A","N/A","N/A","N/A","N/A","N/A","N/A","N/A","N/A","N/A","N/A"
"Davangare, 2021","Karnataka","Davanagere","https://storage.googleapis.com/download/storage/v1/b/ved_prod__media/o/pdfs%2Fbc52a552-f425-4083-9087-a7fcdde57fe0.pdf?generation=1686808889226243&alt=media",1,"Tungabhadra",1,"N/A",113205,"N/A","Honnali","Tungabhadra","Serial Number,Latitude,Longitude
A,14°12'57.9""N,75°42'17.4""E
B,14°12'57.9""N,75°42'22.4""E
C,14°12'46.4""N,75°42'21.2""E
D,14°12'34.8""N,75°42'15.8""E
E,14°12'35.3""N,75°42'10.7""E
F,14°12'40.0""N,75°42'14.3""E
G,14°12'45.3""N,75°42'16.4""E
","N/A","N/A","N/A","N/A","N/A","Honnali","05-02-2021 18:30:00","https://ksmc.karnataka.gov.in/storage/pdf-files/tenderdocumentbidaragadde.pdf","Karnataka State Minerals Corporation Limited","Karnataka State Minerals Corporation Limited","15-06-2023","Bidaragadde sand block","N/A","N/A","442000","N/A","N/A","N/A","N/A","N/A","N/A","N/A","N/A","N/A","N/A","N/A","N/A","N/A","N/A","N/A","N/A","N/A","N/A","N/A","N/A","N/A","N/A","N/A","N/A","N/A","N/A","N/A","N/A","N/A","N/A","N/A","N/A","N/A","N/A","N/A","N/A","N/A","N/A","N/A","N/A","N/A","N/A","N/A","N/A","N/A","N/A","N/A","N/A","N/A","N/A","N/A","N/A","N/A","N/A","N/A","N/A","N/A","N/A","N/A","N/A","N/A","N/A","N/A","N/A","N/A","N/A","N/A","N/A","N/A","N/A","N/A","N/A","N/A","N/A","N/A","N/A","N/A","N/A","N/A","N/A","N/A","N/A","N/A","N/A","N/A","N/A","N/A","N/A","N/A","N/A","N/A","N/A","N/A","N/A","N/A","N/A","N/A","N/A","N/A","N/A","N/A","N/A","N/A","N/A","N/A","N/A","N/A","N/A","N/A","N/A","N/A","N/A","N/A","N/A","N/A","N/A","N/A","N/A","N/A","N/A","N/A","N/A","N/A","N/A","N/A","N/A","N/A","N/A","N/A","N/A","N/A","N/A","N/A","N/A","N/A","N/A","N/A","N/A","N/A","N/A","N/A","N/A","N/A","N/A","N/A","N/A","N/A","N/A","N/A","N/A","N/A","N/A","N/A","N/A","N/A","N/A","N/A","N/A","N/A","N/A","N/A","N/A","N/A","N/A","N/A","N/A","N/A","N/A","N/A","N/A","N/A","N/A","N/A","N/A","N/A","N/A","N/A","N/A","N/A","N/A","N/A","N/A","N/A","N/A","N/A","N/A","N/A","N/A","N/A","N/A","N/A","N/A","N/A","N/A","N/A","N/A","N/A","N/A","N/A","N/A","N/A","N/A","N/A","N/A","N/A","N/A","N/A","N/A","N/A","N/A","N/A","N/A","N/A","N/A","N/A","N/A","N/A","N/A","N/A","N/A","N/A","N/A","N/A","N/A","N/A","N/A","N/A","N/A","N/A","N/A","N/A","N/A","N/A","N/A","N/A","N/A","N/A","N/A","N/A","N/A","N/A","N/A","N/A","N/A"
"Bellary, 2022","Karnataka","Bellary","https://storage.googleapis.com/download/storage/v1/b/ved_prod__media/o/pdfs%2F447fce35-02a1-4916-99e6-a5295c56757e.pdf?generation=1686810902098386&alt=media",1,"Tungabhadra",1,"N/A",97913,"N/A","Siruguppa","Tungabhadra","Serial Number,Latitude,Longitude
A,15°29'19.7""N,76°42'42.7""E
B,15°29'12.4""N,76°42'46.2""E
C,15°29'02.1""N,76°42'19.5""E
D,15°29'07.6""N,76°42'16.4""E
","Sy. No. 259 (P) of Mannur Village, Siraguppa Taluk Ballari District.","N/A","N/A","N/A","N/A","Siruguppa","19-05-2022 18:30:00","https://web.archive.org/web/20220610015422/https://ksmc.karnataka.gov.in/storage/pdf-files/19-05-2022_tender%20document_mannur-2-ballari.pdf","Karnataka State Minerals Corporation Limited","Karnataka State Minerals Corporation Limited","15-06-2023","Mannur Sand Block No. Bly-OSB-11","19.0202","N/A","382000","N/A","N/A","N/A","N/A","N/A","N/A","N/A","N/A","N/A","N/A","N/A","N/A","N/A","N/A","N/A","N/A","N/A","N/A","N/A","N/A","N/A","N/A","N/A","N/A","N/A","N/A","N/A","N/A","N/A","N/A","N/A","N/A","N/A","N/A","N/A","N/A","N/A","N/A","N/A","N/A","N/A","N/A","N/A","N/A","N/A","N/A","N/A","N/A","N/A","N/A","N/A","N/A","N/A","N/A","N/A","N/A","N/A","N/A","N/A","N/A","N/A","N/A","N/A","N/A","N/A","N/A","N/A","N/A","N/A","N/A","N/A","N/A","N/A","N/A","N/A","N/A","N/A","N/A","N/A","N/A","N/A","N/A","N/A","N/A","N/A","N/A","N/A","N/A","N/A","N/A","N/A","N/A","N/A","N/A","N/A","N/A","N/A","N/A","N/A","N/A","N/A","N/A","N/A","N/A","N/A","N/A","N/A","N/A","N/A","N/A","N/A","N/A","N/A","N/A","N/A","N/A","N/A","N/A","N/A","N/A","N/A","N/A","N/A","N/A","N/A","N/A","N/A","N/A","N/A","N/A","N/A","N/A","N/A","N/A","N/A","N/A","N/A","N/A","N/A","N/A","N/A","N/A","N/A","N/A","N/A","N/A","N/A","N/A","N/A","N/A","N/A","N/A","N/A","N/A","N/A","N/A","N/A","N/A","N/A","N/A","N/A","N/A","N/A","N/A","N/A","N/A","N/A","N/A","N/A","N/A","N/A","N/A","N/A","N/A","N/A","N/A","N/A","N/A","N/A","N/A","N/A","N/A","N/A","N/A","N/A","N/A","N/A","N/A","N/A","N/A","N/A","N/A","N/A","N/A","N/A","N/A","N/A","N/A","N/A","N/A","N/A","N/A","N/A","N/A","N/A","N/A","N/A","N/A","N/A","N/A","N/A","N/A","N/A","N/A","N/A","N/A","N/A","N/A","N/A","N/A","N/A","N/A","N/A","N/A","N/A","N/A","N/A","N/A","N/A","N/A","N/A","N/A","N/A","N/A","N/A","N/A","N/A","N/A","N/A","N/A","N/A","N/A","N/A","N/A"
"Khadakla(1), Chhota Udepur- 2023","Gujarat","Vadodara","https://storage.googleapis.com/download/storage/v1/b/ved_prod__media/o/pdfs%2Fd012bf44-adb4-4f34-bc5e-85ffe7464f88.pdf?generation=1687157959397707&alt=media",1,"Orsang",1,"N/A",168000,"N/A","Chhota Udaipur","Orsang","Serial Number,Latitude,Longitude
1,22° 16' 37.8950"" N ,73° 46' 28.4377"" E 
2,22° 16' 37.8950"" N,73° 46' 23.9119"" E
3,22° 16' 31.8840"" N,73° 46' 28.4377"" E
4,22° 16' 31.8840"" N,73° 46' 23.9119"" E
","","N/A","N/A","N/A","N/A","Chhota Udaipur","14-06-2023 18:30:00","Industries and Mines Department Gujarat","Mines and Geology Department","Mines and Geology Department","19-06-2023","Khadakla Ordinary Sand Block 1","1.2","N/A","N/A","N/A","N/A","N/A","N/A","N/A","N/A","N/A","N/A","N/A","N/A","N/A","N/A","N/A","N/A","N/A","N/A","N/A","N/A","N/A","N/A","N/A","N/A","N/A","N/A","N/A","N/A","N/A","N/A","N/A","N/A","N/A","N/A","N/A","N/A","N/A","N/A","N/A","N/A","N/A","N/A","N/A","N/A","N/A","N/A","N/A","N/A","N/A","N/A","N/A","N/A","N/A","N/A","N/A","N/A","N/A","N/A","N/A","N/A","N/A","N/A","N/A","N/A","N/A","N/A","N/A","N/A","N/A","N/A","N/A","N/A","N/A","N/A","N/A","N/A","N/A","N/A","N/A","N/A","N/A","N/A","N/A","N/A","N/A","N/A","N/A","N/A","N/A","N/A","N/A","N/A","N/A","N/A","N/A","N/A","N/A","N/A","N/A","N/A","N/A","N/A","N/A","N/A","N/A","N/A","N/A","N/A","N/A","N/A","N/A","N/A","N/A","N/A","N/A","N/A","N/A","N/A","N/A","N/A","N/A","N/A","N/A","N/A","N/A","N/A","N/A","N/A","N/A","N/A","N/A","N/A","N/A","N/A","N/A","N/A","N/A","N/A","N/A","N/A","N/A","N/A","N/A","N/A","N/A","N/A","N/A","N/A","N/A","N/A","N/A","N/A","N/A","N/A","N/A","N/A","N/A","N/A","N/A","N/A","N/A","N/A","N/A","N/A","N/A","N/A","N/A","N/A","N/A","N/A","N/A","N/A","N/A","N/A","N/A","N/A","N/A","N/A","N/A","N/A","N/A","N/A","N/A","N/A","N/A","N/A","N/A","N/A","N/A","N/A","N/A","N/A","N/A","N/A","N/A","N/A","N/A","N/A","N/A","N/A","N/A","N/A","N/A","N/A","N/A","N/A","N/A","N/A","N/A","N/A","N/A","N/A","N/A","N/A","N/A","N/A","N/A","N/A","N/A","N/A","N/A","N/A","N/A","N/A","N/A","N/A","N/A","N/A","N/A","N/A","N/A","N/A","N/A","N/A","N/A","N/A","N/A","N/A","N/A","N/A","N/A","N/A","N/A","N/A","N/A","N/A"
"Khadakla(2), Chhota Udepur -2023","Gujarat","Vadodara","https://storage.googleapis.com/download/storage/v1/b/ved_prod__media/o/pdfs%2Faa098ae1-1bca-4622-89f0-0eaa72b81661.pdf?generation=1687169556110304&alt=media",1,"Orsang",1,"N/A",162045,"N/A","Chhota Udaipur","Orsang","Serial Number,Latitude,Longitude
1,22° 16' 38.8912"" N,73° 46' 30.3779"" E
2,22° 16' 38.8912"" N,73° 46' 26.0286"" E
3,22° 16' 33.0051"" N,73° 46' 30.3779"" E
4,22° 16' 33.0051"" N,73° 46' 26.0286"" E
,,
","N/A","N/A","N/A","N/A","N/A","Chhota Udaipur","14-06-2023 18:30:00","Industries and Mines Departments of Gujarat ","Mines and Geology Department","Mines and Geology Department","19-06-2023","Khadakla Ordinary Sand block 2","1.17","N/A","N/A","N/A","N/A","N/A","N/A","N/A","N/A","N/A","N/A","N/A","N/A","N/A","N/A","N/A","N/A","N/A","N/A","N/A","N/A","N/A","N/A","N/A","N/A","N/A","N/A","N/A","N/A","N/A","N/A","N/A","N/A","N/A","N/A","N/A","N/A","N/A","N/A","N/A","N/A","N/A","N/A","N/A","N/A","N/A","N/A","N/A","N/A","N/A","N/A","N/A","N/A","N/A","N/A","N/A","N/A","N/A","N/A","N/A","N/A","N/A","N/A","N/A","N/A","N/A","N/A","N/A","N/A","N/A","N/A","N/A","N/A","N/A","N/A","N/A","N/A","N/A","N/A","N/A","N/A","N/A","N/A","N/A","N/A","N/A","N/A","N/A","N/A","N/A","N/A","N/A","N/A","N/A","N/A","N/A","N/A","N/A","N/A","N/A","N/A","N/A","N/A","N/A","N/A","N/A","N/A","N/A","N/A","N/A","N/A","N/A","N/A","N/A","N/A","N/A","N/A","N/A","N/A","N/A","N/A","N/A","N/A","N/A","N/A","N/A","N/A","N/A","N/A","N/A","N/A","N/A","N/A","N/A","N/A","N/A","N/A","N/A","N/A","N/A","N/A","N/A","N/A","N/A","N/A","N/A","N/A","N/A","N/A","N/A","N/A","N/A","N/A","N/A","N/A","N/A","N/A","N/A","N/A","N/A","N/A","N/A","N/A","N/A","N/A","N/A","N/A","N/A","N/A","N/A","N/A","N/A","N/A","N/A","N/A","N/A","N/A","N/A","N/A","N/A","N/A","N/A","N/A","N/A","N/A","N/A","N/A","N/A","N/A","N/A","N/A","N/A","N/A","N/A","N/A","N/A","N/A","N/A","N/A","N/A","N/A","N/A","N/A","N/A","N/A","N/A","N/A","N/A","N/A","N/A","N/A","N/A","N/A","N/A","N/A","N/A","N/A","N/A","N/A","N/A","N/A","N/A","N/A","N/A","N/A","N/A","N/A","N/A","N/A","N/A","N/A","N/A","N/A","N/A","N/A","N/A","N/A","N/A","N/A","N/A","N/A","N/A","N/A","N/A","N/A","N/A","N/A"
"Kadakhla(3), Chhota Udepur- 2023","Gujarat","Vadodara","https://storage.googleapis.com/download/storage/v1/b/ved_prod__media/o/pdfs%2Ff8c797be-417a-4d5d-a8cc-59d4c1018739.pdf?generation=1687170291481846&alt=media",1,"Orsang",1,"N/A",179070,"N/A","Chhota Udaipur","Orsang","Serial Number,Latitude,Longitude
1,22° 16' 39.9719"" N ,73° 46' 33.2725"" E 
2,22° 16' 39.9719"" N ,73° 46' 28.3629"" E
3,22° 16' 34.4049"" N,73° 46' 33.2725"" E 
4,22° 16' 34.4049"" N,73° 46' 28.3629"" E
","N/A","N/A","N/A","N/A","N/A","Chhota Udaipur","14-06-2023 18:30:00","Commissioner of Geology and Mining","Mines and Geology Department","Mines and Geology Department","19-06-2023","Kadakhla Ordinary Sand Block 3","1.27","N/A","N/A","N/A","N/A","N/A","N/A","N/A","N/A","N/A","N/A","N/A","N/A","N/A","N/A","N/A","N/A","N/A","N/A","N/A","N/A","N/A","N/A","N/A","N/A","N/A","N/A","N/A","N/A","N/A","N/A","N/A","N/A","N/A","N/A","N/A","N/A","N/A","N/A","N/A","N/A","N/A","N/A","N/A","N/A","N/A","N/A","N/A","N/A","N/A","N/A","N/A","N/A","N/A","N/A","N/A","N/A","N/A","N/A","N/A","N/A","N/A","N/A","N/A","N/A","N/A","N/A","N/A","N/A","N/A","N/A","N/A","N/A","N/A","N/A","N/A","N/A","N/A","N/A","N/A","N/A","N/A","N/A","N/A","N/A","N/A","N/A","N/A","N/A","N/A","N/A","N/A","N/A","N/A","N/A","N/A","N/A","N/A","N/A","N/A","N/A","N/A","N/A","N/A","N/A","N/A","N/A","N/A","N/A","N/A","N/A","N/A","N/A","N/A","N/A","N/A","N/A","N/A","N/A","N/A","N/A","N/A","N/A","N/A","N/A","N/A","N/A","N/A","N/A","N/A","N/A","N/A","N/A","N/A","N/A","N/A","N/A","N/A","N/A","N/A","N/A","N/A","N/A","N/A","N/A","N/A","N/A","N/A","N/A","N/A","N/A","N/A","N/A","N/A","N/A","N/A","N/A","N/A","N/A","N/A","N/A","N/A","N/A","N/A","N/A","N/A","N/A","N/A","N/A","N/A","N/A","N/A","N/A","N/A","N/A","N/A","N/A","N/A","N/A","N/A","N/A","N/A","N/A","N/A","N/A","N/A","N/A","N/A","N/A","N/A","N/A","N/A","N/A","N/A","N/A","N/A","N/A","N/A","N/A","N/A","N/A","N/A","N/A","N/A","N/A","N/A","N/A","N/A","N/A","N/A","N/A","N/A","N/A","N/A","N/A","N/A","N/A","N/A","N/A","N/A","N/A","N/A","N/A","N/A","N/A","N/A","N/A","N/A","N/A","N/A","N/A","N/A","N/A","N/A","N/A","N/A","N/A","N/A","N/A","N/A","N/A","N/A","N/A","N/A","N/A","N/A","N/A"
"Chudeshwar, Narmada 2022","Gujarat","Narmada","https://storage.googleapis.com/download/storage/v1/b/ved_prod__media/o/pdfs%2Fe6b505c6-37a1-4261-83fa-173a44373756.pdf?generation=1687170766762096&alt=media",1,"Narmada",1,"N/A",71707,"N/A","Tilakwada","Narmada","Serial Number,Latitude,Longitude
1,21° 57' 49.1677"" N,73° 33' 29.7164"" E
2,21° 57' 49.1677"" N,73° 33' 37.5999"" E
3,21° 57' 55.6034"" N,73° 33' 29.7164"" E
4,21° 57' 55.6034"" N,73° 33' 37.5999"" E
","N/A","N/A","N/A","N/A","N/A","Tilakwada","27-09-2022 18:30:00","Commissioner of Geology and Mining ","Mines and Geology Department","Mines and Geology Department","19-06-2023","Chudeshwar Ordinary Sand and Gravel block-8","2.0","N/A","N/A","N/A","N/A","N/A","N/A","N/A","N/A","N/A","N/A","N/A","N/A","N/A","N/A","N/A","N/A","N/A","N/A","N/A","N/A","N/A","N/A","N/A","N/A","N/A","N/A","N/A","N/A","N/A","N/A","N/A","N/A","N/A","N/A","N/A","N/A","N/A","N/A","N/A","N/A","N/A","N/A","N/A","N/A","N/A","N/A","N/A","N/A","N/A","N/A","N/A","N/A","N/A","N/A","N/A","N/A","N/A","N/A","N/A","N/A","N/A","N/A","N/A","N/A","N/A","N/A","N/A","N/A","N/A","N/A","N/A","N/A","N/A","N/A","N/A","N/A","N/A","N/A","N/A","N/A","N/A","N/A","N/A","N/A","N/A","N/A","N/A","N/A","N/A","N/A","N/A","N/A","N/A","N/A","N/A","N/A","N/A","N/A","N/A","N/A","N/A","N/A","N/A","N/A","N/A","N/A","N/A","N/A","N/A","N/A","N/A","N/A","N/A","N/A","N/A","N/A","N/A","N/A","N/A","N/A","N/A","N/A","N/A","N/A","N/A","N/A","N/A","N/A","N/A","N/A","N/A","N/A","N/A","N/A","N/A","N/A","N/A","N/A","N/A","N/A","N/A","N/A","N/A","N/A","N/A","N/A","N/A","N/A","N/A","N/A","N/A","N/A","N/A","N/A","N/A","N/A","N/A","N/A","N/A","N/A","N/A","N/A","N/A","N/A","N/A","N/A","N/A","N/A","N/A","N/A","N/A","N/A","N/A","N/A","N/A","N/A","N/A","N/A","N/A","N/A","N/A","N/A","N/A","N/A","N/A","N/A","N/A","N/A","N/A","N/A","N/A","N/A","N/A","N/A","N/A","N/A","N/A","N/A","N/A","N/A","N/A","N/A","N/A","N/A","N/A","N/A","N/A","N/A","N/A","N/A","N/A","N/A","N/A","N/A","N/A","N/A","N/A","N/A","N/A","N/A","N/A","N/A","N/A","N/A","N/A","N/A","N/A","N/A","N/A","N/A","N/A","N/A","N/A","N/A","N/A","N/A","N/A","N/A","N/A","N/A","N/A","N/A","N/A","N/A","N/A","N/A"
"Vikharan, Sabarkantha 2022","Gujarat","Sabar Kantha","https://storage.googleapis.com/download/storage/v1/b/ved_prod__media/o/pdfs%2Fd374f707-3778-42f7-b78d-4e964ce97cff.pdf?generation=1687173178923445&alt=media",1,"Sabarmati",1,"N/A",202500,"N/A","Khedbrahma","Sabarmati","Serial Number,Latitude,Longitude
1,N 24° 05’34.7436'',E 72° 55' 52.9553''
2,N 24° 05' 40.2255'',E 72° 55' 55.5663''
3,N 24° 05’37.2307'',E 72° 55’59.8979''
4,N 24° 05’32.4240"",E 72° 55' 56.9183''
,,
","N/A","N/A","N/A","N/A","N/A","Khedbrahma","27-09-2022 18:30:00","Commissioner of Geology and Mining","Mines and Geology Department","Mines and Geology Department","19-06-2023","Vikharan Ordinary sand block 3","2.5","N/A","N/A","N/A","N/A","N/A","N/A","N/A","N/A","N/A","N/A","N/A","N/A","N/A","N/A","N/A","N/A","N/A","N/A","N/A","N/A","N/A","N/A","N/A","N/A","N/A","N/A","N/A","N/A","N/A","N/A","N/A","N/A","N/A","N/A","N/A","N/A","N/A","N/A","N/A","N/A","N/A","N/A","N/A","N/A","N/A","N/A","N/A","N/A","N/A","N/A","N/A","N/A","N/A","N/A","N/A","N/A","N/A","N/A","N/A","N/A","N/A","N/A","N/A","N/A","N/A","N/A","N/A","N/A","N/A","N/A","N/A","N/A","N/A","N/A","N/A","N/A","N/A","N/A","N/A","N/A","N/A","N/A","N/A","N/A","N/A","N/A","N/A","N/A","N/A","N/A","N/A","N/A","N/A","N/A","N/A","N/A","N/A","N/A","N/A","N/A","N/A","N/A","N/A","N/A","N/A","N/A","N/A","N/A","N/A","N/A","N/A","N/A","N/A","N/A","N/A","N/A","N/A","N/A","N/A","N/A","N/A","N/A","N/A","N/A","N/A","N/A","N/A","N/A","N/A","N/A","N/A","N/A","N/A","N/A","N/A","N/A","N/A","N/A","N/A","N/A","N/A","N/A","N/A","N/A","N/A","N/A","N/A","N/A","N/A","N/A","N/A","N/A","N/A","N/A","N/A","N/A","N/A","N/A","N/A","N/A","N/A","N/A","N/A","N/A","N/A","N/A","N/A","N/A","N/A","N/A","N/A","N/A","N/A","N/A","N/A","N/A","N/A","N/A","N/A","N/A","N/A","N/A","N/A","N/A","N/A","N/A","N/A","N/A","N/A","N/A","N/A","N/A","N/A","N/A","N/A","N/A","N/A","N/A","N/A","N/A","N/A","N/A","N/A","N/A","N/A","N/A","N/A","N/A","N/A","N/A","N/A","N/A","N/A","N/A","N/A","N/A","N/A","N/A","N/A","N/A","N/A","N/A","N/A","N/A","N/A","N/A","N/A","N/A","N/A","N/A","N/A","N/A","N/A","N/A","N/A","N/A","N/A","N/A","N/A","N/A","N/A","N/A","N/A","N/A","N/A","N/A"
"Paliya (block 9), Chhota Udepur- 2023","Gujarat","Vadodara","https://storage.googleapis.com/download/storage/v1/b/ved_prod__media/o/pdfs%2Ff0f6394f-da11-4b94-b2f8-fdb2986e724e.pdf?generation=1687243154213147&alt=media",1,"Bharaj",1,"N/A",208500,"N/A","Jetpur Pavi","Bharaj","Serial Number,Latitude,Longitude
1,22° 22' 22.8396"" N,73° 49' 16.1155"" E
2,22° 22' 22.8396"" N,73° 49' 11.4133"" E
3,22° 22' 17.8235"" N,73° 49' 16.1155"" E
4,22° 22' 17.8235"" N,73° 49' 11.4133"" E
","N/A","N/A","N/A","N/A","N/A","Chhota Udaipur","14-06-2023 18:30:00","Commissioner of Geology and Mining","Mines and Geology Department","Mines and Geology Department","20-06-2023","Paliya Ordinary Sand Block - 9","1.5","N/A","N/A","N/A","N/A","N/A","N/A","N/A","N/A","N/A","N/A","N/A","N/A","N/A","N/A","N/A","N/A","N/A","N/A","N/A","N/A","N/A","N/A","N/A","N/A","N/A","N/A","N/A","N/A","N/A","N/A","N/A","N/A","N/A","N/A","N/A","N/A","N/A","N/A","N/A","N/A","N/A","N/A","N/A","N/A","N/A","N/A","N/A","N/A","N/A","N/A","N/A","N/A","N/A","N/A","N/A","N/A","N/A","N/A","N/A","N/A","N/A","N/A","N/A","N/A","N/A","N/A","N/A","N/A","N/A","N/A","N/A","N/A","N/A","N/A","N/A","N/A","N/A","N/A","N/A","N/A","N/A","N/A","N/A","N/A","N/A","N/A","N/A","N/A","N/A","N/A","N/A","N/A","N/A","N/A","N/A","N/A","N/A","N/A","N/A","N/A","N/A","N/A","N/A","N/A","N/A","N/A","N/A","N/A","N/A","N/A","N/A","N/A","N/A","N/A","N/A","N/A","N/A","N/A","N/A","N/A","N/A","N/A","N/A","N/A","N/A","N/A","N/A","N/A","N/A","N/A","N/A","N/A","N/A","N/A","N/A","N/A","N/A","N/A","N/A","N/A","N/A","N/A","N/A","N/A","N/A","N/A","N/A","N/A","N/A","N/A","N/A","N/A","N/A","N/A","N/A","N/A","N/A","N/A","N/A","N/A","N/A","N/A","N/A","N/A","N/A","N/A","N/A","N/A","N/A","N/A","N/A","N/A","N/A","N/A","N/A","N/A","N/A","N/A","N/A","N/A","N/A","N/A","N/A","N/A","N/A","N/A","N/A","N/A","N/A","N/A","N/A","N/A","N/A","N/A","N/A","N/A","N/A","N/A","N/A","N/A","N/A","N/A","N/A","N/A","N/A","N/A","N/A","N/A","N/A","N/A","N/A","N/A","N/A","N/A","N/A","N/A","N/A","N/A","N/A","N/A","N/A","N/A","N/A","N/A","N/A","N/A","N/A","N/A","N/A","N/A","N/A","N/A","N/A","N/A","N/A","N/A","N/A","N/A","N/A","N/A","N/A","N/A","N/A","N/A","N/A","N/A"
"Paliya(Block 10), Chhota Udepur- 2023","Gujarat","Vadodara","https://storage.googleapis.com/download/storage/v1/b/ved_prod__media/o/pdfs%2Fcdfbb5b3-cb86-4f3c-9252-1e75709dad2e.pdf?generation=1687244713810603&alt=media",1,"Bharaj",1,"N/A",224000,"N/A","Jetpur Pavi","Bharaj","Serial Number,Latitude,Longitude
1,22° 22' 28.6859"" N,73° 49' 16.3156"" E 
2,22° 22' 28.6859"" N,73° 49' 12.4943"" E
3,22° 22' 22.6386"" N,73° 49' 16.3156"" E 
4,22° 22' 22.6386"" N,73° 49' 12.4943"" E
","N/A","N/A","N/A","N/A","N/A","Chhota Udaipur","14-06-2023 18:30:00","Commissioner of Geology and Mining","Mines and Geology Department","Mines and Geology Department","20-06-2023","Paliya Ordinary Sand Block 10","1.6","N/A","N/A","N/A","N/A","N/A","N/A","N/A","N/A","N/A","N/A","N/A","N/A","N/A","N/A","N/A","N/A","N/A","N/A","N/A","N/A","N/A","N/A","N/A","N/A","N/A","N/A","N/A","N/A","N/A","N/A","N/A","N/A","N/A","N/A","N/A","N/A","N/A","N/A","N/A","N/A","N/A","N/A","N/A","N/A","N/A","N/A","N/A","N/A","N/A","N/A","N/A","N/A","N/A","N/A","N/A","N/A","N/A","N/A","N/A","N/A","N/A","N/A","N/A","N/A","N/A","N/A","N/A","N/A","N/A","N/A","N/A","N/A","N/A","N/A","N/A","N/A","N/A","N/A","N/A","N/A","N/A","N/A","N/A","N/A","N/A","N/A","N/A","N/A","N/A","N/A","N/A","N/A","N/A","N/A","N/A","N/A","N/A","N/A","N/A","N/A","N/A","N/A","N/A","N/A","N/A","N/A","N/A","N/A","N/A","N/A","N/A","N/A","N/A","N/A","N/A","N/A","N/A","N/A","N/A","N/A","N/A","N/A","N/A","N/A","N/A","N/A","N/A","N/A","N/A","N/A","N/A","N/A","N/A","N/A","N/A","N/A","N/A","N/A","N/A","N/A","N/A","N/A","N/A","N/A","N/A","N/A","N/A","N/A","N/A","N/A","N/A","N/A","N/A","N/A","N/A","N/A","N/A","N/A","N/A","N/A","N/A","N/A","N/A","N/A","N/A","N/A","N/A","N/A","N/A","N/A","N/A","N/A","N/A","N/A","N/A","N/A","N/A","N/A","N/A","N/A","N/A","N/A","N/A","N/A","N/A","N/A","N/A","N/A","N/A","N/A","N/A","N/A","N/A","N/A","N/A","N/A","N/A","N/A","N/A","N/A","N/A","N/A","N/A","N/A","N/A","N/A","N/A","N/A","N/A","N/A","N/A","N/A","N/A","N/A","N/A","N/A","N/A","N/A","N/A","N/A","N/A","N/A","N/A","N/A","N/A","N/A","N/A","N/A","N/A","N/A","N/A","N/A","N/A","N/A","N/A","N/A","N/A","N/A","N/A","N/A","N/A","N/A","N/A","N/A","N/A","N/A"
"Simaliya (Block 1), Chhota Udepur - 2022","Gujarat","Vadodara","https://storage.googleapis.com/download/storage/v1/b/ved_prod__media/o/pdfs%2Fc6d63ccc-5973-48d9-aea8-264531625247.pdf?generation=1687261053402246&alt=media",1,"Orsang",1,"N/A",84862,"N/A","Chhota Udaipur","Orsang","Serial Number,Latitude,Longitude
1,22° 16' 13.3217"" N ,73° 44' 12.9093"" E
2,22° 16' 13.3217"" N ,73° 44' 08.0941"" E
3,22° 16' 08.2797"" N,73° 44' 12.9093"" E
4,22° 16' 08.2797"" N,73° 44' 08.0941"" E
","N/A","N/A","N/A","N/A","N/A","Chhota Udaipur","29-08-2022 18:30:00","Commissioner of Geology and Mining","Mines and Geology Department","Mines and Geology Department","20-06-2023","Simaliya Ordinary Sand Gravel Block 1","1.2","N/A","N/A","N/A","N/A","N/A","N/A","N/A","N/A","N/A","N/A","N/A","N/A","N/A","N/A","N/A","N/A","N/A","N/A","N/A","N/A","N/A","N/A","N/A","N/A","N/A","N/A","N/A","N/A","N/A","N/A","N/A","N/A","N/A","N/A","N/A","N/A","N/A","N/A","N/A","N/A","N/A","N/A","N/A","N/A","N/A","N/A","N/A","N/A","N/A","N/A","N/A","N/A","N/A","N/A","N/A","N/A","N/A","N/A","N/A","N/A","N/A","N/A","N/A","N/A","N/A","N/A","N/A","N/A","N/A","N/A","N/A","N/A","N/A","N/A","N/A","N/A","N/A","N/A","N/A","N/A","N/A","N/A","N/A","N/A","N/A","N/A","N/A","N/A","N/A","N/A","N/A","N/A","N/A","N/A","N/A","N/A","N/A","N/A","N/A","N/A","N/A","N/A","N/A","N/A","N/A","N/A","N/A","N/A","N/A","N/A","N/A","N/A","N/A","N/A","N/A","N/A","N/A","N/A","N/A","N/A","N/A","N/A","N/A","N/A","N/A","N/A","N/A","N/A","N/A","N/A","N/A","N/A","N/A","N/A","N/A","N/A","N/A","N/A","N/A","N/A","N/A","N/A","N/A","N/A","N/A","N/A","N/A","N/A","N/A","N/A","N/A","N/A","N/A","N/A","N/A","N/A","N/A","N/A","N/A","N/A","N/A","N/A","N/A","N/A","N/A","N/A","N/A","N/A","N/A","N/A","N/A","N/A","N/A","N/A","N/A","N/A","N/A","N/A","N/A","N/A","N/A","N/A","N/A","N/A","N/A","N/A","N/A","N/A","N/A","N/A","N/A","N/A","N/A","N/A","N/A","N/A","N/A","N/A","N/A","N/A","N/A","N/A","N/A","N/A","N/A","N/A","N/A","N/A","N/A","N/A","N/A","N/A","N/A","N/A","N/A","N/A","N/A","N/A","N/A","N/A","N/A","N/A","N/A","N/A","N/A","N/A","N/A","N/A","N/A","N/A","N/A","N/A","N/A","N/A","N/A","N/A","N/A","N/A","N/A","N/A","N/A","N/A","N/A","N/A","N/A","N/A"
"Simaliya(Block 2), Chhota Udepur- 2023","Gujarat","Vadodara","https://storage.googleapis.com/download/storage/v1/b/ved_prod__media/o/pdfs%2F2503207d-7649-428e-8481-0985dcf0ab09.pdf?generation=1687328043025513&alt=media",1,"Orsang",1,"N/A",90220,"N/A","Chhota Udaipur","Orsang","Serial Number,Latitude,Longitude
1,22° 16' 15.0735"" N,73° 44' 16.3807"" E
2,22° 16' 15.0735"" N ,73° 44' 11.3577"" E
3,22° 16' 10.1267"" N,73° 44' 16.3807"" E
4,22° 16' 10.1267"" N,73° 44' 11.3577"" E
","N/A","N/A","N/A","N/A","N/A","Chhota Udaipur","14-06-2023 18:30:00","Commissioner of Geology and Mining","Mines and Geology Department","Mines and Geology Department","21-06-2023","Simaliya Ordinary Sand Gravel Block 2","1.2","N/A","N/A","N/A","N/A","N/A","N/A","N/A","N/A","N/A","N/A","N/A","N/A","N/A","N/A","N/A","N/A","N/A","N/A","N/A","N/A","N/A","N/A","N/A","N/A","N/A","N/A","N/A","N/A","N/A","N/A","N/A","N/A","N/A","N/A","N/A","N/A","N/A","N/A","N/A","N/A","N/A","N/A","N/A","N/A","N/A","N/A","N/A","N/A","N/A","N/A","N/A","N/A","N/A","N/A","N/A","N/A","N/A","N/A","N/A","N/A","N/A","N/A","N/A","N/A","N/A","N/A","N/A","N/A","N/A","N/A","N/A","N/A","N/A","N/A","N/A","N/A","N/A","N/A","N/A","N/A","N/A","N/A","N/A","N/A","N/A","N/A","N/A","N/A","N/A","N/A","N/A","N/A","N/A","N/A","N/A","N/A","N/A","N/A","N/A","N/A","N/A","N/A","N/A","N/A","N/A","N/A","N/A","N/A","N/A","N/A","N/A","N/A","N/A","N/A","N/A","N/A","N/A","N/A","N/A","N/A","N/A","N/A","N/A","N/A","N/A","N/A","N/A","N/A","N/A","N/A","N/A","N/A","N/A","N/A","N/A","N/A","N/A","N/A","N/A","N/A","N/A","N/A","N/A","N/A","N/A","N/A","N/A","N/A","N/A","N/A","N/A","N/A","N/A","N/A","N/A","N/A","N/A","N/A","N/A","N/A","N/A","N/A","N/A","N/A","N/A","N/A","N/A","N/A","N/A","N/A","N/A","N/A","N/A","N/A","N/A","N/A","N/A","N/A","N/A","N/A","N/A","N/A","N/A","N/A","N/A","N/A","N/A","N/A","N/A","N/A","N/A","N/A","N/A","N/A","N/A","N/A","N/A","N/A","N/A","N/A","N/A","N/A","N/A","N/A","N/A","N/A","N/A","N/A","N/A","N/A","N/A","N/A","N/A","N/A","N/A","N/A","N/A","N/A","N/A","N/A","N/A","N/A","N/A","N/A","N/A","N/A","N/A","N/A","N/A","N/A","N/A","N/A","N/A","N/A","N/A","N/A","N/A","N/A","N/A","N/A","N/A","N/A","N/A","N/A","N/A","N/A"
"Simaliya(block 3), Chhota Udepur - 2023","Gujarat","Vadodara","https://storage.googleapis.com/download/storage/v1/b/ved_prod__media/o/pdfs%2F5278906c-cfa5-4514-99ca-cd23592ceedb.pdf?generation=1687328424506164&alt=media",1,"Orsang",1,"N/A",82235,"N/A","Chhota Udaipur","Orsang","Serial Number,Latitude,Longitude
1,22° 16' 16.7769"" N,73° 44' 19.6986"" E
2,22° 16' 16.7769"" N,73° 44' 14.6262"" E
3,22° 16' 11.8384"" N,73° 44' 19.6986"" E
4,22° 16' 11.8384"" N,73° 44' 14.6262"" E
","N/A","N/A","N/A","N/A","N/A","Chhota Udaipur","14-06-2023 18:30:00","Commissioner of Geology and Mining ","Mines and Geology Department","Mines and Geology Department","21-06-2023","Simaliya Ordinary sand gravel block 3","1.2","N/A","N/A","N/A","N/A","N/A","N/A","N/A","N/A","N/A","N/A","N/A","N/A","N/A","N/A","N/A","N/A","N/A","N/A","N/A","N/A","N/A","N/A","N/A","N/A","N/A","N/A","N/A","N/A","N/A","N/A","N/A","N/A","N/A","N/A","N/A","N/A","N/A","N/A","N/A","N/A","N/A","N/A","N/A","N/A","N/A","N/A","N/A","N/A","N/A","N/A","N/A","N/A","N/A","N/A","N/A","N/A","N/A","N/A","N/A","N/A","N/A","N/A","N/A","N/A","N/A","N/A","N/A","N/A","N/A","N/A","N/A","N/A","N/A","N/A","N/A","N/A","N/A","N/A","N/A","N/A","N/A","N/A","N/A","N/A","N/A","N/A","N/A","N/A","N/A","N/A","N/A","N/A","N/A","N/A","N/A","N/A","N/A","N/A","N/A","N/A","N/A","N/A","N/A","N/A","N/A","N/A","N/A","N/A","N/A","N/A","N/A","N/A","N/A","N/A","N/A","N/A","N/A","N/A","N/A","N/A","N/A","N/A","N/A","N/A","N/A","N/A","N/A","N/A","N/A","N/A","N/A","N/A","N/A","N/A","N/A","N/A","N/A","N/A","N/A","N/A","N/A","N/A","N/A","N/A","N/A","N/A","N/A","N/A","N/A","N/A","N/A","N/A","N/A","N/A","N/A","N/A","N/A","N/A","N/A","N/A","N/A","N/A","N/A","N/A","N/A","N/A","N/A","N/A","N/A","N/A","N/A","N/A","N/A","N/A","N/A","N/A","N/A","N/A","N/A","N/A","N/A","N/A","N/A","N/A","N/A","N/A","N/A","N/A","N/A","N/A","N/A","N/A","N/A","N/A","N/A","N/A","N/A","N/A","N/A","N/A","N/A","N/A","N/A","N/A","N/A","N/A","N/A","N/A","N/A","N/A","N/A","N/A","N/A","N/A","N/A","N/A","N/A","N/A","N/A","N/A","N/A","N/A","N/A","N/A","N/A","N/A","N/A","N/A","N/A","N/A","N/A","N/A","N/A","N/A","N/A","N/A","N/A","N/A","N/A","N/A","N/A","N/A","N/A","N/A","N/A","N/A"
"Simaliya( block 4), Chhota Udepur- 2023","Gujarat","Vadodara","https://storage.googleapis.com/download/storage/v1/b/ved_prod__media/o/pdfs%2F8d492d54-887a-459b-9603-31eb8fb272ba.pdf?generation=1687328824087620&alt=media",1,"Orsang",1,"N/A",100775,"N/A","Chhota Udaipur","Orsang","Serial Number,Latitude,Longitude
1,22° 16' 17.8564"" N,73° 44' 22.4476"" E
2,22° 16' 17.8564"" N,73° 44' 17.8043"" E
3,22° 16' 13.4743"" N,73° 44' 22.4476"" E
4,22° 16' 13.4743"" N,73° 44' 17.8043"" E
","N/A","N/A","N/A","N/A","N/A","Chhota Udaipur","14-06-2023 18:30:00","Commissioner of geology and mining ","Mines and Geology Department","Mines and Geology Department","21-06-2023","Simaliya Ordinary sand gravel block 4","1","N/A","N/A","N/A","N/A","N/A","N/A","N/A","N/A","N/A","N/A","N/A","N/A","N/A","N/A","N/A","N/A","N/A","N/A","N/A","N/A","N/A","N/A","N/A","N/A","N/A","N/A","N/A","N/A","N/A","N/A","N/A","N/A","N/A","N/A","N/A","N/A","N/A","N/A","N/A","N/A","N/A","N/A","N/A","N/A","N/A","N/A","N/A","N/A","N/A","N/A","N/A","N/A","N/A","N/A","N/A","N/A","N/A","N/A","N/A","N/A","N/A","N/A","N/A","N/A","N/A","N/A","N/A","N/A","N/A","N/A","N/A","N/A","N/A","N/A","N/A","N/A","N/A","N/A","N/A","N/A","N/A","N/A","N/A","N/A","N/A","N/A","N/A","N/A","N/A","N/A","N/A","N/A","N/A","N/A","N/A","N/A","N/A","N/A","N/A","N/A","N/A","N/A","N/A","N/A","N/A","N/A","N/A","N/A","N/A","N/A","N/A","N/A","N/A","N/A","N/A","N/A","N/A","N/A","N/A","N/A","N/A","N/A","N/A","N/A","N/A","N/A","N/A","N/A","N/A","N/A","N/A","N/A","N/A","N/A","N/A","N/A","N/A","N/A","N/A","N/A","N/A","N/A","N/A","N/A","N/A","N/A","N/A","N/A","N/A","N/A","N/A","N/A","N/A","N/A","N/A","N/A","N/A","N/A","N/A","N/A","N/A","N/A","N/A","N/A","N/A","N/A","N/A","N/A","N/A","N/A","N/A","N/A","N/A","N/A","N/A","N/A","N/A","N/A","N/A","N/A","N/A","N/A","N/A","N/A","N/A","N/A","N/A","N/A","N/A","N/A","N/A","N/A","N/A","N/A","N/A","N/A","N/A","N/A","N/A","N/A","N/A","N/A","N/A","N/A","N/A","N/A","N/A","N/A","N/A","N/A","N/A","N/A","N/A","N/A","N/A","N/A","N/A","N/A","N/A","N/A","N/A","N/A","N/A","N/A","N/A","N/A","N/A","N/A","N/A","N/A","N/A","N/A","N/A","N/A","N/A","N/A","N/A","N/A","N/A","N/A","N/A","N/A","N/A","N/A","N/A","N/A"
"Simaliya(block 6), Chhota Udepur- 2023","Gujarat","Vadodara","https://storage.googleapis.com/download/storage/v1/b/ved_prod__media/o/pdfs%2F5ada7b02-82d0-4c58-a2f8-231e57d0436b.pdf?generation=1687329113495475&alt=media",1,"Orsang",1,"N/A",76215,"N/A","Chhota Udaipur","Orsang","Serial Number,Latitude,Longitude
1,22° 16' 11.3055"" N,73° 44' 17.0184"" E 
2,22° 16' 11.3055"" N,73° 44' 12.1940"" E
3,22° 16' 06.2826"" N,73° 44' 17.0184"" E 
4,22° 16' 06.2826"" N,73° 44' 12.1940"" E
","N/A","N/A","N/A","N/A","N/A","Chhota Udaipur","14-06-2023 18:30:00","Commissioner of Geology and Mining ","Mines and Geology Department","Mines and Geology Department","21-06-2023","Simaliya Ordinary sand gravel block 6","1.2","N/A","N/A","N/A","N/A","N/A","N/A","N/A","N/A","N/A","N/A","N/A","N/A","N/A","N/A","N/A","N/A","N/A","N/A","N/A","N/A","N/A","N/A","N/A","N/A","N/A","N/A","N/A","N/A","N/A","N/A","N/A","N/A","N/A","N/A","N/A","N/A","N/A","N/A","N/A","N/A","N/A","N/A","N/A","N/A","N/A","N/A","N/A","N/A","N/A","N/A","N/A","N/A","N/A","N/A","N/A","N/A","N/A","N/A","N/A","N/A","N/A","N/A","N/A","N/A","N/A","N/A","N/A","N/A","N/A","N/A","N/A","N/A","N/A","N/A","N/A","N/A","N/A","N/A","N/A","N/A","N/A","N/A","N/A","N/A","N/A","N/A","N/A","N/A","N/A","N/A","N/A","N/A","N/A","N/A","N/A","N/A","N/A","N/A","N/A","N/A","N/A","N/A","N/A","N/A","N/A","N/A","N/A","N/A","N/A","N/A","N/A","N/A","N/A","N/A","N/A","N/A","N/A","N/A","N/A","N/A","N/A","N/A","N/A","N/A","N/A","N/A","N/A","N/A","N/A","N/A","N/A","N/A","N/A","N/A","N/A","N/A","N/A","N/A","N/A","N/A","N/A","N/A","N/A","N/A","N/A","N/A","N/A","N/A","N/A","N/A","N/A","N/A","N/A","N/A","N/A","N/A","N/A","N/A","N/A","N/A","N/A","N/A","N/A","N/A","N/A","N/A","N/A","N/A","N/A","N/A","N/A","N/A","N/A","N/A","N/A","N/A","N/A","N/A","N/A","N/A","N/A","N/A","N/A","N/A","N/A","N/A","N/A","N/A","N/A","N/A","N/A","N/A","N/A","N/A","N/A","N/A","N/A","N/A","N/A","N/A","N/A","N/A","N/A","N/A","N/A","N/A","N/A","N/A","N/A","N/A","N/A","N/A","N/A","N/A","N/A","N/A","N/A","N/A","N/A","N/A","N/A","N/A","N/A","N/A","N/A","N/A","N/A","N/A","N/A","N/A","N/A","N/A","N/A","N/A","N/A","N/A","N/A","N/A","N/A","N/A","N/A","N/A","N/A","N/A","N/A","N/A"
"Simaliya(block 7), Chhota Udepur- 2023","Gujarat","Vadodara","https://storage.googleapis.com/download/storage/v1/b/ved_prod__media/o/pdfs%2F9003b323-f7e6-4cdb-908e-f8c15f084731.pdf?generation=1687329472123877&alt=media",1,"Orsang",1,"N/A",122705,"N/A","Chhota Udaipur","Orsang","Serial Number,Latitude,Longitude
1,22° 16' 12.7929"" N,73° 44' 20.2269"" E
2,22° 16' 12.7929"" N,73° 44' 15.2999"" E
3,22° 16' 07.7936"" N,73° 44' 20.2269"" E
4,22° 16' 07.7936"" N,73° 44' 15.2999"" E
","N/A","N/A","N/A","N/A","N/A","Chhota Udaipur","14-06-2023 18:30:00","Commissioner of Geology and Mines","Mines and Geology Department","Mines and Geology Department","21-06-2023","Simaliya Ordinary sand gravel block 7","1.2","N/A","N/A","N/A","N/A","N/A","N/A","N/A","N/A","N/A","N/A","N/A","N/A","N/A","N/A","N/A","N/A","N/A","N/A","N/A","N/A","N/A","N/A","N/A","N/A","N/A","N/A","N/A","N/A","N/A","N/A","N/A","N/A","N/A","N/A","N/A","N/A","N/A","N/A","N/A","N/A","N/A","N/A","N/A","N/A","N/A","N/A","N/A","N/A","N/A","N/A","N/A","N/A","N/A","N/A","N/A","N/A","N/A","N/A","N/A","N/A","N/A","N/A","N/A","N/A","N/A","N/A","N/A","N/A","N/A","N/A","N/A","N/A","N/A","N/A","N/A","N/A","N/A","N/A","N/A","N/A","N/A","N/A","N/A","N/A","N/A","N/A","N/A","N/A","N/A","N/A","N/A","N/A","N/A","N/A","N/A","N/A","N/A","N/A","N/A","N/A","N/A","N/A","N/A","N/A","N/A","N/A","N/A","N/A","N/A","N/A","N/A","N/A","N/A","N/A","N/A","N/A","N/A","N/A","N/A","N/A","N/A","N/A","N/A","N/A","N/A","N/A","N/A","N/A","N/A","N/A","N/A","N/A","N/A","N/A","N/A","N/A","N/A","N/A","N/A","N/A","N/A","N/A","N/A","N/A","N/A","N/A","N/A","N/A","N/A","N/A","N/A","N/A","N/A","N/A","N/A","N/A","N/A","N/A","N/A","N/A","N/A","N/A","N/A","N/A","N/A","N/A","N/A","N/A","N/A","N/A","N/A","N/A","N/A","N/A","N/A","N/A","N/A","N/A","N/A","N/A","N/A","N/A","N/A","N/A","N/A","N/A","N/A","N/A","N/A","N/A","N/A","N/A","N/A","N/A","N/A","N/A","N/A","N/A","N/A","N/A","N/A","N/A","N/A","N/A","N/A","N/A","N/A","N/A","N/A","N/A","N/A","N/A","N/A","N/A","N/A","N/A","N/A","N/A","N/A","N/A","N/A","N/A","N/A","N/A","N/A","N/A","N/A","N/A","N/A","N/A","N/A","N/A","N/A","N/A","N/A","N/A","N/A","N/A","N/A","N/A","N/A","N/A","N/A","N/A","N/A","N/A"
"Simaliya(block 8), Chhota Udepur -2023","Gujarat","Vadodara","https://storage.googleapis.com/download/storage/v1/b/ved_prod__media/o/pdfs%2F94a26c8b-e5b5-44d8-a12f-67fe333627f8.pdf?generation=1687329715620077&alt=media",1,"Orsang",1,"N/A",103990,"N/A","Chhota Udaipur","Orsang","Serial Number,Latitude,Longitude
1,22° 16' 14.2803"" N ,73° 44' 23.3359"" E
2,22° 16' 14.2803"" N ,73° 44' 18.3166"" E
3,22° 16' 09.2952"" N,73° 44' 23.3359"" E
4,22° 16' 09.2952"" N,73° 44' 18.3166"" E
","N/A","N/A","N/A","N/A","N/A","Chhota Udaipur","14-06-2023 18:30:00","Commissioner of Geology and Mining ","Mines and Geology Department","Mines and Geology Department","21-06-2023","Simaliya Ordinary sand gravel block 8","1.2","N/A","N/A","N/A","N/A","N/A","N/A","N/A","N/A","N/A","N/A","N/A","N/A","N/A","N/A","N/A","N/A","N/A","N/A","N/A","N/A","N/A","N/A","N/A","N/A","N/A","N/A","N/A","N/A","N/A","N/A","N/A","N/A","N/A","N/A","N/A","N/A","N/A","N/A","N/A","N/A","N/A","N/A","N/A","N/A","N/A","N/A","N/A","N/A","N/A","N/A","N/A","N/A","N/A","N/A","N/A","N/A","N/A","N/A","N/A","N/A","N/A","N/A","N/A","N/A","N/A","N/A","N/A","N/A","N/A","N/A","N/A","N/A","N/A","N/A","N/A","N/A","N/A","N/A","N/A","N/A","N/A","N/A","N/A","N/A","N/A","N/A","N/A","N/A","N/A","N/A","N/A","N/A","N/A","N/A","N/A","N/A","N/A","N/A","N/A","N/A","N/A","N/A","N/A","N/A","N/A","N/A","N/A","N/A","N/A","N/A","N/A","N/A","N/A","N/A","N/A","N/A","N/A","N/A","N/A","N/A","N/A","N/A","N/A","N/A","N/A","N/A","N/A","N/A","N/A","N/A","N/A","N/A","N/A","N/A","N/A","N/A","N/A","N/A","N/A","N/A","N/A","N/A","N/A","N/A","N/A","N/A","N/A","N/A","N/A","N/A","N/A","N/A","N/A","N/A","N/A","N/A","N/A","N/A","N/A","N/A","N/A","N/A","N/A","N/A","N/A","N/A","N/A","N/A","N/A","N/A","N/A","N/A","N/A","N/A","N/A","N/A","N/A","N/A","N/A","N/A","N/A","N/A","N/A","N/A","N/A","N/A","N/A","N/A","N/A","N/A","N/A","N/A","N/A","N/A","N/A","N/A","N/A","N/A","N/A","N/A","N/A","N/A","N/A","N/A","N/A","N/A","N/A","N/A","N/A","N/A","N/A","N/A","N/A","N/A","N/A","N/A","N/A","N/A","N/A","N/A","N/A","N/A","N/A","N/A","N/A","N/A","N/A","N/A","N/A","N/A","N/A","N/A","N/A","N/A","N/A","N/A","N/A","N/A","N/A","N/A","N/A","N/A","N/A","N/A","N/A","N/A"
"Paliya(block 6-A), Chhota Udepur-2023","Gujarat","Vadodara","https://storage.googleapis.com/download/storage/v1/b/ved_prod__media/o/pdfs%2Fbb984c6d-5e26-4ef2-b79d-37b02aba634d.pdf?generation=1687342149953952&alt=media",1,"Bharaj",1,"N/A",189000,"N/A","Jetpur Pavi","Bharaj","Serial Number,Latitude,Longitude
1,22° 22' 09.1711"" N,73° 49' 07.7969"" E 
2,22° 22' 09.1711"" N,73° 49' 14.8458"" E
3,22° 22' 03.7378"" N,73° 49' 07.7969"" E 
4,22° 22' 03.7378"" N,73° 49' 14.8458"" E
","N/A","N/A","N/A","N/A","N/A","Chhota Udaipur","14-06-2023 18:30:00","Commissioner of Geology and Mining ","Mines and Geology Department","Mines and Geology Department","21-06-2023","Paliya Ordinary Sand Block 6-A","1.35","N/A","N/A","N/A","N/A","N/A","N/A","N/A","N/A","N/A","N/A","N/A","N/A","N/A","N/A","N/A","N/A","N/A","N/A","N/A","N/A","N/A","N/A","N/A","N/A","N/A","N/A","N/A","N/A","N/A","N/A","N/A","N/A","N/A","N/A","N/A","N/A","N/A","N/A","N/A","N/A","N/A","N/A","N/A","N/A","N/A","N/A","N/A","N/A","N/A","N/A","N/A","N/A","N/A","N/A","N/A","N/A","N/A","N/A","N/A","N/A","N/A","N/A","N/A","N/A","N/A","N/A","N/A","N/A","N/A","N/A","N/A","N/A","N/A","N/A","N/A","N/A","N/A","N/A","N/A","N/A","N/A","N/A","N/A","N/A","N/A","N/A","N/A","N/A","N/A","N/A","N/A","N/A","N/A","N/A","N/A","N/A","N/A","N/A","N/A","N/A","N/A","N/A","N/A","N/A","N/A","N/A","N/A","N/A","N/A","N/A","N/A","N/A","N/A","N/A","N/A","N/A","N/A","N/A","N/A","N/A","N/A","N/A","N/A","N/A","N/A","N/A","N/A","N/A","N/A","N/A","N/A","N/A","N/A","N/A","N/A","N/A","N/A","N/A","N/A","N/A","N/A","N/A","N/A","N/A","N/A","N/A","N/A","N/A","N/A","N/A","N/A","N/A","N/A","N/A","N/A","N/A","N/A","N/A","N/A","N/A","N/A","N/A","N/A","N/A","N/A","N/A","N/A","N/A","N/A","N/A","N/A","N/A","N/A","N/A","N/A","N/A","N/A","N/A","N/A","N/A","N/A","N/A","N/A","N/A","N/A","N/A","N/A","N/A","N/A","N/A","N/A","N/A","N/A","N/A","N/A","N/A","N/A","N/A","N/A","N/A","N/A","N/A","N/A","N/A","N/A","N/A","N/A","N/A","N/A","N/A","N/A","N/A","N/A","N/A","N/A","N/A","N/A","N/A","N/A","N/A","N/A","N/A","N/A","N/A","N/A","N/A","N/A","N/A","N/A","N/A","N/A","N/A","N/A","N/A","N/A","N/A","N/A","N/A","N/A","N/A","N/A","N/A","N/A","N/A","N/A","N/A"
"Paliya(block 6-B),Chhota Udepur- 2023","Gujarat","Vadodara","https://storage.googleapis.com/download/storage/v1/b/ved_prod__media/o/pdfs%2F04e35b9b-bf03-4f79-bff4-2f139f326f32.pdf?generation=1687342551276088&alt=media",1,"Bharaj",1,"N/A",189000,"N/A","Jetpur Pavi","Bharaj","Serial Number,Latitude,Longitude
1,22° 22' 11.7960"" N ,73° 49' 09.3596"" E 
2,22° 22' 11.7960"" N ,73° 49' 16.3628"" E
3,22° 22' 08.1477"" N,73° 49' 09.3596"" E 
4,22° 22' 08.1477"" N,73° 49' 16.3628"" E
","N/A","N/A","N/A","N/A","N/A","Chhota Udaipur","14-06-2023 18:30:00","Commissioner of Geology and Mining ","Mines and Geology Department","Mines and Geology Department","21-06-2023","Paliya Ordinary Sand Block 6-B","1.35","N/A","N/A","N/A","N/A","N/A","N/A","N/A","N/A","N/A","N/A","N/A","N/A","N/A","N/A","N/A","N/A","N/A","N/A","N/A","N/A","N/A","N/A","N/A","N/A","N/A","N/A","N/A","N/A","N/A","N/A","N/A","N/A","N/A","N/A","N/A","N/A","N/A","N/A","N/A","N/A","N/A","N/A","N/A","N/A","N/A","N/A","N/A","N/A","N/A","N/A","N/A","N/A","N/A","N/A","N/A","N/A","N/A","N/A","N/A","N/A","N/A","N/A","N/A","N/A","N/A","N/A","N/A","N/A","N/A","N/A","N/A","N/A","N/A","N/A","N/A","N/A","N/A","N/A","N/A","N/A","N/A","N/A","N/A","N/A","N/A","N/A","N/A","N/A","N/A","N/A","N/A","N/A","N/A","N/A","N/A","N/A","N/A","N/A","N/A","N/A","N/A","N/A","N/A","N/A","N/A","N/A","N/A","N/A","N/A","N/A","N/A","N/A","N/A","N/A","N/A","N/A","N/A","N/A","N/A","N/A","N/A","N/A","N/A","N/A","N/A","N/A","N/A","N/A","N/A","N/A","N/A","N/A","N/A","N/A","N/A","N/A","N/A","N/A","N/A","N/A","N/A","N/A","N/A","N/A","N/A","N/A","N/A","N/A","N/A","N/A","N/A","N/A","N/A","N/A","N/A","N/A","N/A","N/A","N/A","N/A","N/A","N/A","N/A","N/A","N/A","N/A","N/A","N/A","N/A","N/A","N/A","N/A","N/A","N/A","N/A","N/A","N/A","N/A","N/A","N/A","N/A","N/A","N/A","N/A","N/A","N/A","N/A","N/A","N/A","N/A","N/A","N/A","N/A","N/A","N/A","N/A","N/A","N/A","N/A","N/A","N/A","N/A","N/A","N/A","N/A","N/A","N/A","N/A","N/A","N/A","N/A","N/A","N/A","N/A","N/A","N/A","N/A","N/A","N/A","N/A","N/A","N/A","N/A","N/A","N/A","N/A","N/A","N/A","N/A","N/A","N/A","N/A","N/A","N/A","N/A","N/A","N/A","N/A","N/A","N/A","N/A","N/A","N/A","N/A","N/A","N/A"
"Paliya(block 7), Chhota Udepur- 2023","Gujarat","Vadodara","https://storage.googleapis.com/download/storage/v1/b/ved_prod__media/o/pdfs%2F433c2687-376c-42c7-976c-368c0e1312a4.pdf?generation=1687342894243860&alt=media",1,"Bharaj",1,"N/A",238850,"N/A","Jetpur Pavi","Bharaj","Serial Number,Latitude,Longitude
1,22° 22' 14.3696"" N,73° 49' 16.5505"" E 
2,22° 22' 14.3696"" N,73° 49' 10.1145"" E
3,22° 22' 10.5254"" N,73° 49' 16.5505"" E 
4,22° 22' 10.5254"" N,73° 49' 10.1145"" E
","N/A","N/A","N/A","N/A","N/A","Chhota Udaipur","14-06-2023 18:30:00","Commissioner of Geology and Mining ","Mines and Geology Department","Mines and Geology Department","21-06-2023","Paliya Ordinary sand block 7","1.7","N/A","N/A","N/A","N/A","N/A","N/A","N/A","N/A","N/A","N/A","N/A","N/A","N/A","N/A","N/A","N/A","N/A","N/A","N/A","N/A","N/A","N/A","N/A","N/A","N/A","N/A","N/A","N/A","N/A","N/A","N/A","N/A","N/A","N/A","N/A","N/A","N/A","N/A","N/A","N/A","N/A","N/A","N/A","N/A","N/A","N/A","N/A","N/A","N/A","N/A","N/A","N/A","N/A","N/A","N/A","N/A","N/A","N/A","N/A","N/A","N/A","N/A","N/A","N/A","N/A","N/A","N/A","N/A","N/A","N/A","N/A","N/A","N/A","N/A","N/A","N/A","N/A","N/A","N/A","N/A","N/A","N/A","N/A","N/A","N/A","N/A","N/A","N/A","N/A","N/A","N/A","N/A","N/A","N/A","N/A","N/A","N/A","N/A","N/A","N/A","N/A","N/A","N/A","N/A","N/A","N/A","N/A","N/A","N/A","N/A","N/A","N/A","N/A","N/A","N/A","N/A","N/A","N/A","N/A","N/A","N/A","N/A","N/A","N/A","N/A","N/A","N/A","N/A","N/A","N/A","N/A","N/A","N/A","N/A","N/A","N/A","N/A","N/A","N/A","N/A","N/A","N/A","N/A","N/A","N/A","N/A","N/A","N/A","N/A","N/A","N/A","N/A","N/A","N/A","N/A","N/A","N/A","N/A","N/A","N/A","N/A","N/A","N/A","N/A","N/A","N/A","N/A","N/A","N/A","N/A","N/A","N/A","N/A","N/A","N/A","N/A","N/A","N/A","N/A","N/A","N/A","N/A","N/A","N/A","N/A","N/A","N/A","N/A","N/A","N/A","N/A","N/A","N/A","N/A","N/A","N/A","N/A","N/A","N/A","N/A","N/A","N/A","N/A","N/A","N/A","N/A","N/A","N/A","N/A","N/A","N/A","N/A","N/A","N/A","N/A","N/A","N/A","N/A","N/A","N/A","N/A","N/A","N/A","N/A","N/A","N/A","N/A","N/A","N/A","N/A","N/A","N/A","N/A","N/A","N/A","N/A","N/A","N/A","N/A","N/A","N/A","N/A","N/A","N/A","N/A","N/A"
"Paliya(block 8), Chhota Udepur-2023","Gujarat","Vadodara","https://storage.googleapis.com/download/storage/v1/b/ved_prod__media/o/pdfs%2F5afd635e-cbe8-4ff3-a00a-ae5e4a91eca4.pdf?generation=1687343241547899&alt=media",1,"Bharaj",1,"N/A",243950,"N/A","Jetpur Pavi","Bharaj","Serial Number,Latitude,Longitude
1,22° 22' 18.2187"" N ,73° 49' 16.8495"" E 
2,22° 22' 18.2187"" N ,73° 49' 10.6690"" E
3,22° 22' 14.2609"" N,73° 49' 16.8495"" E 
4,22° 22' 14.2609"" N,73° 49' 10.6690"" E
","N/A","N/A","N/A","N/A","N/A","Chhota Udaipur","14-06-2023 18:30:00","Commissioner of Geology and Mining ","Mines and Geology Department","Mines and Geology Department","21-06-2023","Paliya Ordinary Sand Block 8","1.7","N/A","N/A","N/A","N/A","N/A","N/A","N/A","N/A","N/A","N/A","N/A","N/A","N/A","N/A","N/A","N/A","N/A","N/A","N/A","N/A","N/A","N/A","N/A","N/A","N/A","N/A","N/A","N/A","N/A","N/A","N/A","N/A","N/A","N/A","N/A","N/A","N/A","N/A","N/A","N/A","N/A","N/A","N/A","N/A","N/A","N/A","N/A","N/A","N/A","N/A","N/A","N/A","N/A","N/A","N/A","N/A","N/A","N/A","N/A","N/A","N/A","N/A","N/A","N/A","N/A","N/A","N/A","N/A","N/A","N/A","N/A","N/A","N/A","N/A","N/A","N/A","N/A","N/A","N/A","N/A","N/A","N/A","N/A","N/A","N/A","N/A","N/A","N/A","N/A","N/A","N/A","N/A","N/A","N/A","N/A","N/A","N/A","N/A","N/A","N/A","N/A","N/A","N/A","N/A","N/A","N/A","N/A","N/A","N/A","N/A","N/A","N/A","N/A","N/A","N/A","N/A","N/A","N/A","N/A","N/A","N/A","N/A","N/A","N/A","N/A","N/A","N/A","N/A","N/A","N/A","N/A","N/A","N/A","N/A","N/A","N/A","N/A","N/A","N/A","N/A","N/A","N/A","N/A","N/A","N/A","N/A","N/A","N/A","N/A","N/A","N/A","N/A","N/A","N/A","N/A","N/A","N/A","N/A","N/A","N/A","N/A","N/A","N/A","N/A","N/A","N/A","N/A","N/A","N/A","N/A","N/A","N/A","N/A","N/A","N/A","N/A","N/A","N/A","N/A","N/A","N/A","N/A","N/A","N/A","N/A","N/A","N/A","N/A","N/A","N/A","N/A","N/A","N/A","N/A","N/A","N/A","N/A","N/A","N/A","N/A","N/A","N/A","N/A","N/A","N/A","N/A","N/A","N/A","N/A","N/A","N/A","N/A","N/A","N/A","N/A","N/A","N/A","N/A","N/A","N/A","N/A","N/A","N/A","N/A","N/A","N/A","N/A","N/A","N/A","N/A","N/A","N/A","N/A","N/A","N/A","N/A","N/A","N/A","N/A","N/A","N/A","N/A","N/A","N/A","N/A","N/A"
"Bhavda and Vadod(block 1), Ahmedabad-2022","Gujarat","Ahmadabad","https://storage.googleapis.com/download/storage/v1/b/ved_prod__media/o/pdfs%2F6be84352-c5f6-4f0f-895e-db55c9e70b88.pdf?generation=1687416100897469&alt=media",1,"Meshwo",1,"N/A",77200,"N/A","Daskroi","Meshwo","Serial Number,Latitude,Longitude
1,22° 58' 47.9348"" N,72° 47' 21.9114"" E
2,22° 58' 47.9348"" N,72° 47' 18.1037"" E
3,22° 58' 41.1425"" N,72° 47' 21.9114"" E
4,22° 58' 41.1425"" N,72° 47' 18.1037"" E
","N/A","N/A","N/A","N/A","N/A","Daskroi","29-08-2022 18:30:00","Commissioner of Geology and Mining ","Mines and Geology Department","Mines and Geology Department","22-06-2023","Bhavda and Vadod Ordinary Sand Block 1","1","N/A","N/A","N/A","N/A","N/A","N/A","N/A","N/A","N/A","N/A","N/A","N/A","N/A","N/A","N/A","N/A","N/A","N/A","N/A","N/A","N/A","N/A","N/A","N/A","N/A","N/A","N/A","N/A","N/A","N/A","N/A","N/A","N/A","N/A","N/A","N/A","N/A","N/A","N/A","N/A","N/A","N/A","N/A","N/A","N/A","N/A","N/A","N/A","N/A","N/A","N/A","N/A","N/A","N/A","N/A","N/A","N/A","N/A","N/A","N/A","N/A","N/A","N/A","N/A","N/A","N/A","N/A","N/A","N/A","N/A","N/A","N/A","N/A","N/A","N/A","N/A","N/A","N/A","N/A","N/A","N/A","N/A","N/A","N/A","N/A","N/A","N/A","N/A","N/A","N/A","N/A","N/A","N/A","N/A","N/A","N/A","N/A","N/A","N/A","N/A","N/A","N/A","N/A","N/A","N/A","N/A","N/A","N/A","N/A","N/A","N/A","N/A","N/A","N/A","N/A","N/A","N/A","N/A","N/A","N/A","N/A","N/A","N/A","N/A","N/A","N/A","N/A","N/A","N/A","N/A","N/A","N/A","N/A","N/A","N/A","N/A","N/A","N/A","N/A","N/A","N/A","N/A","N/A","N/A","N/A","N/A","N/A","N/A","N/A","N/A","N/A","N/A","N/A","N/A","N/A","N/A","N/A","N/A","N/A","N/A","N/A","N/A","N/A","N/A","N/A","N/A","N/A","N/A","N/A","N/A","N/A","N/A","N/A","N/A","N/A","N/A","N/A","N/A","N/A","N/A","N/A","N/A","N/A","N/A","N/A","N/A","N/A","N/A","N/A","N/A","N/A","N/A","N/A","N/A","N/A","N/A","N/A","N/A","N/A","N/A","N/A","N/A","N/A","N/A","N/A","N/A","N/A","N/A","N/A","N/A","N/A","N/A","N/A","N/A","N/A","N/A","N/A","N/A","N/A","N/A","N/A","N/A","N/A","N/A","N/A","N/A","N/A","N/A","N/A","N/A","N/A","N/A","N/A","N/A","N/A","N/A","N/A","N/A","N/A","N/A","N/A","N/A","N/A","N/A","N/A","N/A"
"Bhavda and Vadod(block 2), Ahmedabad- 2022","Gujarat","Ahmadabad","https://storage.googleapis.com/download/storage/v1/b/ved_prod__media/o/pdfs%2Fcf0ec146-e064-432b-b7b0-1c8e2db8753c.pdf?generation=1687416425472952&alt=media",1,"Meshwo",1,"N/A",85800,"N/A","Daskroi","Meshwo","Serial Number,Latitude,Longitude
1,22° 58' 41.7800"" N,72° 47' 19.7534"" E 
2,22° 58' 41.7800"" N,72° 47' 15.2869"" E
3,22° 58' 34.6978"" N,72° 47' 19.7534"" E 
4,22° 58' 34.6978"" N,72° 47' 15.2869"" E
","N/A","N/A","N/A","N/A","N/A","Daskroi","29-08-2022 18:30:00","Commissioner of Geology and Mining ","Mines and Geology Department","Mines and Geology Department","22-06-2023","Bhavda and Vadod Ordinary Sand Block 2","1","N/A","N/A","N/A","N/A","N/A","N/A","N/A","N/A","N/A","N/A","N/A","N/A","N/A","N/A","N/A","N/A","N/A","N/A","N/A","N/A","N/A","N/A","N/A","N/A","N/A","N/A","N/A","N/A","N/A","N/A","N/A","N/A","N/A","N/A","N/A","N/A","N/A","N/A","N/A","N/A","N/A","N/A","N/A","N/A","N/A","N/A","N/A","N/A","N/A","N/A","N/A","N/A","N/A","N/A","N/A","N/A","N/A","N/A","N/A","N/A","N/A","N/A","N/A","N/A","N/A","N/A","N/A","N/A","N/A","N/A","N/A","N/A","N/A","N/A","N/A","N/A","N/A","N/A","N/A","N/A","N/A","N/A","N/A","N/A","N/A","N/A","N/A","N/A","N/A","N/A","N/A","N/A","N/A","N/A","N/A","N/A","N/A","N/A","N/A","N/A","N/A","N/A","N/A","N/A","N/A","N/A","N/A","N/A","N/A","N/A","N/A","N/A","N/A","N/A","N/A","N/A","N/A","N/A","N/A","N/A","N/A","N/A","N/A","N/A","N/A","N/A","N/A","N/A","N/A","N/A","N/A","N/A","N/A","N/A","N/A","N/A","N/A","N/A","N/A","N/A","N/A","N/A","N/A","N/A","N/A","N/A","N/A","N/A","N/A","N/A","N/A","N/A","N/A","N/A","N/A","N/A","N/A","N/A","N/A","N/A","N/A","N/A","N/A","N/A","N/A","N/A","N/A","N/A","N/A","N/A","N/A","N/A","N/A","N/A","N/A","N/A","N/A","N/A","N/A","N/A","N/A","N/A","N/A","N/A","N/A","N/A","N/A","N/A","N/A","N/A","N/A","N/A","N/A","N/A","N/A","N/A","N/A","N/A","N/A","N/A","N/A","N/A","N/A","N/A","N/A","N/A","N/A","N/A","N/A","N/A","N/A","N/A","N/A","N/A","N/A","N/A","N/A","N/A","N/A","N/A","N/A","N/A","N/A","N/A","N/A","N/A","N/A","N/A","N/A","N/A","N/A","N/A","N/A","N/A","N/A","N/A","N/A","N/A","N/A","N/A","N/A","N/A","N/A","N/A","N/A","N/A"
"Bhavda and Vadod(block 3), Ahmedabad-2022","Gujarat","Ahmadabad","https://storage.googleapis.com/download/storage/v1/b/ved_prod__media/o/pdfs%2F375f08cc-4167-4b8b-a7d6-d16486d63fb5.pdf?generation=1687417143726677&alt=media",1,"Meshwo",1,"N/A",84300,"N/A","Daskroi","Meshwo","Serial Number,Latitude,Longitude
1,22° 57' 56.7806"" N ,72° 47' 13.1699"" E 
2,22° 57' 56.7806"" N ,72° 47' 06.1377"" E
3,22° 57' 50.1277"" N,72° 47' 13.1699"" E 
4,22° 57' 50.1277"" N,72° 47' 06.1377"" E
","N/A","N/A","N/A","N/A","N/A","Daskroi","29-08-2022 18:30:00","Commissioner of Geology and Mining ","Mines and Geology Department","Mines and Geology Department","22-06-2023","Bhavda and Vadod Ordinary Sand Block 3","1","N/A","N/A","N/A","N/A","N/A","N/A","N/A","N/A","N/A","N/A","N/A","N/A","N/A","N/A","N/A","N/A","N/A","N/A","N/A","N/A","N/A","N/A","N/A","N/A","N/A","N/A","N/A","N/A","N/A","N/A","N/A","N/A","N/A","N/A","N/A","N/A","N/A","N/A","N/A","N/A","N/A","N/A","N/A","N/A","N/A","N/A","N/A","N/A","N/A","N/A","N/A","N/A","N/A","N/A","N/A","N/A","N/A","N/A","N/A","N/A","N/A","N/A","N/A","N/A","N/A","N/A","N/A","N/A","N/A","N/A","N/A","N/A","N/A","N/A","N/A","N/A","N/A","N/A","N/A","N/A","N/A","N/A","N/A","N/A","N/A","N/A","N/A","N/A","N/A","N/A","N/A","N/A","N/A","N/A","N/A","N/A","N/A","N/A","N/A","N/A","N/A","N/A","N/A","N/A","N/A","N/A","N/A","N/A","N/A","N/A","N/A","N/A","N/A","N/A","N/A","N/A","N/A","N/A","N/A","N/A","N/A","N/A","N/A","N/A","N/A","N/A","N/A","N/A","N/A","N/A","N/A","N/A","N/A","N/A","N/A","N/A","N/A","N/A","N/A","N/A","N/A","N/A","N/A","N/A","N/A","N/A","N/A","N/A","N/A","N/A","N/A","N/A","N/A","N/A","N/A","N/A","N/A","N/A","N/A","N/A","N/A","N/A","N/A","N/A","N/A","N/A","N/A","N/A","N/A","N/A","N/A","N/A","N/A","N/A","N/A","N/A","N/A","N/A","N/A","N/A","N/A","N/A","N/A","N/A","N/A","N/A","N/A","N/A","N/A","N/A","N/A","N/A","N/A","N/A","N/A","N/A","N/A","N/A","N/A","N/A","N/A","N/A","N/A","N/A","N/A","N/A","N/A","N/A","N/A","N/A","N/A","N/A","N/A","N/A","N/A","N/A","N/A","N/A","N/A","N/A","N/A","N/A","N/A","N/A","N/A","N/A","N/A","N/A","N/A","N/A","N/A","N/A","N/A","N/A","N/A","N/A","N/A","N/A","N/A","N/A","N/A","N/A","N/A","N/A","N/A","N/A"
"Bhavda and Vadod(block 4), Ahmedabad - 2022","Gujarat","Ahmadabad","https://storage.googleapis.com/download/storage/v1/b/ved_prod__media/o/pdfs%2Fe944771e-3f8c-44de-8337-5a2818a1895b.pdf?generation=1687417936331724&alt=media",1,"Meshwo",1,"N/A",85200,"N/A","Daskroi","Meshwo","Serial Number,Latitude,Longitude
1,22° 57' 51.4101"" N,72° 47' 07.2519"" E
2,22° 57' 51.4101"" N,72° 47' 00.7526"" E
3,22° 57' 44.7777"" N,72° 47' 07.2519"" E
4,22° 57' 44.7777"" N,72° 47' 00.7526"" E
","N/A","N/A","N/A","N/A","N/A","Daskroi","29-08-2022 18:30:00","Commissioner of Geology and Mining ","Mines and Geology Department","Mines and Geology Department","22-06-2023","Bhavda and Vadod Ordinary Sand Block 4","1","N/A","N/A","N/A","N/A","N/A","N/A","N/A","N/A","N/A","N/A","N/A","N/A","N/A","N/A","N/A","N/A","N/A","N/A","N/A","N/A","N/A","N/A","N/A","N/A","N/A","N/A","N/A","N/A","N/A","N/A","N/A","N/A","N/A","N/A","N/A","N/A","N/A","N/A","N/A","N/A","N/A","N/A","N/A","N/A","N/A","N/A","N/A","N/A","N/A","N/A","N/A","N/A","N/A","N/A","N/A","N/A","N/A","N/A","N/A","N/A","N/A","N/A","N/A","N/A","N/A","N/A","N/A","N/A","N/A","N/A","N/A","N/A","N/A","N/A","N/A","N/A","N/A","N/A","N/A","N/A","N/A","N/A","N/A","N/A","N/A","N/A","N/A","N/A","N/A","N/A","N/A","N/A","N/A","N/A","N/A","N/A","N/A","N/A","N/A","N/A","N/A","N/A","N/A","N/A","N/A","N/A","N/A","N/A","N/A","N/A","N/A","N/A","N/A","N/A","N/A","N/A","N/A","N/A","N/A","N/A","N/A","N/A","N/A","N/A","N/A","N/A","N/A","N/A","N/A","N/A","N/A","N/A","N/A","N/A","N/A","N/A","N/A","N/A","N/A","N/A","N/A","N/A","N/A","N/A","N/A","N/A","N/A","N/A","N/A","N/A","N/A","N/A","N/A","N/A","N/A","N/A","N/A","N/A","N/A","N/A","N/A","N/A","N/A","N/A","N/A","N/A","N/A","N/A","N/A","N/A","N/A","N/A","N/A","N/A","N/A","N/A","N/A","N/A","N/A","N/A","N/A","N/A","N/A","N/A","N/A","N/A","N/A","N/A","N/A","N/A","N/A","N/A","N/A","N/A","N/A","N/A","N/A","N/A","N/A","N/A","N/A","N/A","N/A","N/A","N/A","N/A","N/A","N/A","N/A","N/A","N/A","N/A","N/A","N/A","N/A","N/A","N/A","N/A","N/A","N/A","N/A","N/A","N/A","N/A","N/A","N/A","N/A","N/A","N/A","N/A","N/A","N/A","N/A","N/A","N/A","N/A","N/A","N/A","N/A","N/A","N/A","N/A","N/A","N/A","N/A","N/A"
"Chandiyel (block 1), Ahmedabad-2022","Gujarat","Ahmadabad","https://storage.googleapis.com/download/storage/v1/b/ved_prod__media/o/pdfs%2F1dc74621-fed9-49cf-8572-22078219ada0.pdf?generation=1687429886961201&alt=media",1,"Meshwo",1,"N/A",106500,"N/A","Daskroi","Meshwo","Serial Number,Latitude,Longitude
1,23° 00' 37.2771"" N ,72° 48' 45.2910"" E 
2,23° 00' 37.2771"" N ,72° 48' 39.9659"" E
3,23° 00' 29.0062"" N,72° 48' 45.2910"" E 
4,23° 00' 29.0062"" N,72° 48' 39.9659"" E
","N/A","N/A","N/A","N/A","N/A","Daskroi","29-08-2022 18:30:00","Commissioner of Geology and Mining ","Mines and Geology Department","Mines and Geology Department","22-06-2023","Chandiyel Ordinary Sand Block 1","1.25","N/A","N/A","N/A","N/A","N/A","N/A","N/A","N/A","N/A","N/A","N/A","N/A","N/A","N/A","N/A","N/A","N/A","N/A","N/A","N/A","N/A","N/A","N/A","N/A","N/A","N/A","N/A","N/A","N/A","N/A","N/A","N/A","N/A","N/A","N/A","N/A","N/A","N/A","N/A","N/A","N/A","N/A","N/A","N/A","N/A","N/A","N/A","N/A","N/A","N/A","N/A","N/A","N/A","N/A","N/A","N/A","N/A","N/A","N/A","N/A","N/A","N/A","N/A","N/A","N/A","N/A","N/A","N/A","N/A","N/A","N/A","N/A","N/A","N/A","N/A","N/A","N/A","N/A","N/A","N/A","N/A","N/A","N/A","N/A","N/A","N/A","N/A","N/A","N/A","N/A","N/A","N/A","N/A","N/A","N/A","N/A","N/A","N/A","N/A","N/A","N/A","N/A","N/A","N/A","N/A","N/A","N/A","N/A","N/A","N/A","N/A","N/A","N/A","N/A","N/A","N/A","N/A","N/A","N/A","N/A","N/A","N/A","N/A","N/A","N/A","N/A","N/A","N/A","N/A","N/A","N/A","N/A","N/A","N/A","N/A","N/A","N/A","N/A","N/A","N/A","N/A","N/A","N/A","N/A","N/A","N/A","N/A","N/A","N/A","N/A","N/A","N/A","N/A","N/A","N/A","N/A","N/A","N/A","N/A","N/A","N/A","N/A","N/A","N/A","N/A","N/A","N/A","N/A","N/A","N/A","N/A","N/A","N/A","N/A","N/A","N/A","N/A","N/A","N/A","N/A","N/A","N/A","N/A","N/A","N/A","N/A","N/A","N/A","N/A","N/A","N/A","N/A","N/A","N/A","N/A","N/A","N/A","N/A","N/A","N/A","N/A","N/A","N/A","N/A","N/A","N/A","N/A","N/A","N/A","N/A","N/A","N/A","N/A","N/A","N/A","N/A","N/A","N/A","N/A","N/A","N/A","N/A","N/A","N/A","N/A","N/A","N/A","N/A","N/A","N/A","N/A","N/A","N/A","N/A","N/A","N/A","N/A","N/A","N/A","N/A","N/A","N/A","N/A","N/A","N/A","N/A"
"Chandiyel(block 2), Ahmedabad- 2022","Gujarat","Ahmadabad","https://storage.googleapis.com/download/storage/v1/b/ved_prod__media/o/pdfs%2Ffafe373b-e9b5-4cdf-955d-4c5cd1e8eafc.pdf?generation=1687430268234812&alt=media",1,"Meshwo",1,"N/A",105750,"N/A","Daskroi","Meshwo","Serial Number,Latitude,Longitude
1,23° 00' 29.0076"" N ,72° 48' 43.8648"" E 
2,23° 00' 29.0076"" N ,72° 48' 39.7827"" E
3,23° 00' 21.2982"" N,72° 48' 43.8648"" E 
4,23° 00' 21.2982"" N,72° 48' 39.7827"" E
-,-,-
","","N/A","N/A","N/A","N/A","Daskroi","29-08-2022 18:30:00","Commissioner of Geology and Mining ","Mines and Geology Department","Mines and Geology Department","22-06-2023","Chandiyel Ordinary Sand Block 2","1.25","N/A","N/A","N/A","N/A","N/A","N/A","N/A","N/A","N/A","N/A","N/A","N/A","N/A","N/A","N/A","N/A","N/A","N/A","N/A","N/A","N/A","N/A","N/A","N/A","N/A","N/A","N/A","N/A","N/A","N/A","N/A","N/A","N/A","N/A","N/A","N/A","N/A","N/A","N/A","N/A","N/A","N/A","N/A","N/A","N/A","N/A","N/A","N/A","N/A","N/A","N/A","N/A","N/A","N/A","N/A","N/A","N/A","N/A","N/A","N/A","N/A","N/A","N/A","N/A","N/A","N/A","N/A","N/A","N/A","N/A","N/A","N/A","N/A","N/A","N/A","N/A","N/A","N/A","N/A","N/A","N/A","N/A","N/A","N/A","N/A","N/A","N/A","N/A","N/A","N/A","N/A","N/A","N/A","N/A","N/A","N/A","N/A","N/A","N/A","N/A","N/A","N/A","N/A","N/A","N/A","N/A","N/A","N/A","N/A","N/A","N/A","N/A","N/A","N/A","N/A","N/A","N/A","N/A","N/A","N/A","N/A","N/A","N/A","N/A","N/A","N/A","N/A","N/A","N/A","N/A","N/A","N/A","N/A","N/A","N/A","N/A","N/A","N/A","N/A","N/A","N/A","N/A","N/A","N/A","N/A","N/A","N/A","N/A","N/A","N/A","N/A","N/A","N/A","N/A","N/A","N/A","N/A","N/A","N/A","N/A","N/A","N/A","N/A","N/A","N/A","N/A","N/A","N/A","N/A","N/A","N/A","N/A","N/A","N/A","N/A","N/A","N/A","N/A","N/A","N/A","N/A","N/A","N/A","N/A","N/A","N/A","N/A","N/A","N/A","N/A","N/A","N/A","N/A","N/A","N/A","N/A","N/A","N/A","N/A","N/A","N/A","N/A","N/A","N/A","N/A","N/A","N/A","N/A","N/A","N/A","N/A","N/A","N/A","N/A","N/A","N/A","N/A","N/A","N/A","N/A","N/A","N/A","N/A","N/A","N/A","N/A","N/A","N/A","N/A","N/A","N/A","N/A","N/A","N/A","N/A","N/A","N/A","N/A","N/A","N/A","N/A","N/A","N/A","N/A","N/A","N/A"
"Kuha and Vadod(block 3), Ahmedabad-2022","Gujarat","Ahmadabad","https://storage.googleapis.com/download/storage/v1/b/ved_prod__media/o/pdfs%2Ffe018d4c-3db9-410c-b776-a8eca09c56bd.pdf?generation=1687502263942122&alt=media",1,"Meshwo",1,"N/A",70250,"N/A","Daskroi","Meshwo","Serial Number,Latitude,Longitude
1,22° 58' 47.3227"" N ,72° 47' 41.4802"" E 
2,22° 58' 47.3227"" N ,72° 47' 32.9839"" E
3,22° 58' 37.9562"" N,72° 47' 41.4802"" E 
4,22° 58' 37.9562"" N,72° 47' 32.9839"" E
","N/A","N/A","N/A","N/A","N/A","Daskroi","29-08-2022 18:30:00","Commissioner of Geology and Mining ","Mines and Geology Department","Mines and Geology Department","23-06-2023","Kuha and Vadod Ordinary Sand Block 3","1","N/A","N/A","N/A","N/A","N/A","N/A","N/A","N/A","N/A","N/A","N/A","N/A","N/A","N/A","N/A","N/A","N/A","N/A","N/A","N/A","N/A","N/A","N/A","N/A","N/A","N/A","N/A","N/A","N/A","N/A","N/A","N/A","N/A","N/A","N/A","N/A","N/A","N/A","N/A","N/A","N/A","N/A","N/A","N/A","N/A","N/A","N/A","N/A","N/A","N/A","N/A","N/A","N/A","N/A","N/A","N/A","N/A","N/A","N/A","N/A","N/A","N/A","N/A","N/A","N/A","N/A","N/A","N/A","N/A","N/A","N/A","N/A","N/A","N/A","N/A","N/A","N/A","N/A","N/A","N/A","N/A","N/A","N/A","N/A","N/A","N/A","N/A","N/A","N/A","N/A","N/A","N/A","N/A","N/A","N/A","N/A","N/A","N/A","N/A","N/A","N/A","N/A","N/A","N/A","N/A","N/A","N/A","N/A","N/A","N/A","N/A","N/A","N/A","N/A","N/A","N/A","N/A","N/A","N/A","N/A","N/A","N/A","N/A","N/A","N/A","N/A","N/A","N/A","N/A","N/A","N/A","N/A","N/A","N/A","N/A","N/A","N/A","N/A","N/A","N/A","N/A","N/A","N/A","N/A","N/A","N/A","N/A","N/A","N/A","N/A","N/A","N/A","N/A","N/A","N/A","N/A","N/A","N/A","N/A","N/A","N/A","N/A","N/A","N/A","N/A","N/A","N/A","N/A","N/A","N/A","N/A","N/A","N/A","N/A","N/A","N/A","N/A","N/A","N/A","N/A","N/A","N/A","N/A","N/A","N/A","N/A","N/A","N/A","N/A","N/A","N/A","N/A","N/A","N/A","N/A","N/A","N/A","N/A","N/A","N/A","N/A","N/A","N/A","N/A","N/A","N/A","N/A","N/A","N/A","N/A","N/A","N/A","N/A","N/A","N/A","N/A","N/A","N/A","N/A","N/A","N/A","N/A","N/A","N/A","N/A","N/A","N/A","N/A","N/A","N/A","N/A","N/A","N/A","N/A","N/A","N/A","N/A","N/A","N/A","N/A","N/A","N/A","N/A","N/A","N/A","N/A"
"Kuha and Vadod(block 4), Ahmedabad- 2022","Gujarat","Ahmadabad","https://storage.googleapis.com/download/storage/v1/b/ved_prod__media/o/pdfs%2F5dcaef47-67ff-48ff-b082-e36e4fbf2d7f.pdf?generation=1687502517484635&alt=media",1,"Meshwo",1,"N/A",70750,"N/A","Daskroi","Meshwo","Serial Number,Latitude,Longitude
1,22° 58' 27.5153"" N,72° 47' 56.1781"" E 
2,22° 58' 27.5153"" N,72° 47' 50.3424"" E
3,22° 58' 22.9917"" N,72° 47' 56.1781"" E 
4,22° 58' 22.9917"" N,72° 47' 50.3424"" E
","N/A","N/A","N/A","N/A","N/A","Daskroi","29-08-2022 18:30:00","Commissioner of Geology and Mining ","Mines and Geology Department","Mines and Geology Department","23-06-2023","Kuha and Vadod Ordinary Sand Block 4","1","N/A","N/A","N/A","N/A","N/A","N/A","N/A","N/A","N/A","N/A","N/A","N/A","N/A","N/A","N/A","N/A","N/A","N/A","N/A","N/A","N/A","N/A","N/A","N/A","N/A","N/A","N/A","N/A","N/A","N/A","N/A","N/A","N/A","N/A","N/A","N/A","N/A","N/A","N/A","N/A","N/A","N/A","N/A","N/A","N/A","N/A","N/A","N/A","N/A","N/A","N/A","N/A","N/A","N/A","N/A","N/A","N/A","N/A","N/A","N/A","N/A","N/A","N/A","N/A","N/A","N/A","N/A","N/A","N/A","N/A","N/A","N/A","N/A","N/A","N/A","N/A","N/A","N/A","N/A","N/A","N/A","N/A","N/A","N/A","N/A","N/A","N/A","N/A","N/A","N/A","N/A","N/A","N/A","N/A","N/A","N/A","N/A","N/A","N/A","N/A","N/A","N/A","N/A","N/A","N/A","N/A","N/A","N/A","N/A","N/A","N/A","N/A","N/A","N/A","N/A","N/A","N/A","N/A","N/A","N/A","N/A","N/A","N/A","N/A","N/A","N/A","N/A","N/A","N/A","N/A","N/A","N/A","N/A","N/A","N/A","N/A","N/A","N/A","N/A","N/A","N/A","N/A","N/A","N/A","N/A","N/A","N/A","N/A","N/A","N/A","N/A","N/A","N/A","N/A","N/A","N/A","N/A","N/A","N/A","N/A","N/A","N/A","N/A","N/A","N/A","N/A","N/A","N/A","N/A","N/A","N/A","N/A","N/A","N/A","N/A","N/A","N/A","N/A","N/A","N/A","N/A","N/A","N/A","N/A","N/A","N/A","N/A","N/A","N/A","N/A","N/A","N/A","N/A","N/A","N/A","N/A","N/A","N/A","N/A","N/A","N/A","N/A","N/A","N/A","N/A","N/A","N/A","N/A","N/A","N/A","N/A","N/A","N/A","N/A","N/A","N/A","N/A","N/A","N/A","N/A","N/A","N/A","N/A","N/A","N/A","N/A","N/A","N/A","N/A","N/A","N/A","N/A","N/A","N/A","N/A","N/A","N/A","N/A","N/A","N/A","N/A","N/A","N/A","N/A","N/A","N/A"
"Kuha and Vadod(block 5), Ahmedabad-2022","Gujarat","Ahmadabad","https://storage.googleapis.com/download/storage/v1/b/ved_prod__media/o/pdfs%2F19f8b227-9e85-4e7b-bc80-8fd5870c47e9.pdf?generation=1687502756539362&alt=media",1,"Meshwo",1,"N/A",71250,"N/A","Daskroi","Meshwo","Serial Number,Latitude,Longitude
1,22° 58' 33.0673"" N ,72° 47' 58.1871"" E
2,22° 58' 33.0673"" N ,72° 47' 54.9095"" E
3,22° 58' 26.7449"" N,72° 47' 58.1871"" E
4,22° 58' 26.7449"" N,72° 47' 54.9095"" E
","N/A","N/A","N/A","N/A","N/A","Daskroi","29-08-2022 18:30:00","Commissioner Of Geology and Mining ","Mines and Geology Department","Mines and Geology Department","23-06-2023","Kuha and Vadod Ordinary sand block 5","1","N/A","N/A","N/A","N/A","N/A","N/A","N/A","N/A","N/A","N/A","N/A","N/A","N/A","N/A","N/A","N/A","N/A","N/A","N/A","N/A","N/A","N/A","N/A","N/A","N/A","N/A","N/A","N/A","N/A","N/A","N/A","N/A","N/A","N/A","N/A","N/A","N/A","N/A","N/A","N/A","N/A","N/A","N/A","N/A","N/A","N/A","N/A","N/A","N/A","N/A","N/A","N/A","N/A","N/A","N/A","N/A","N/A","N/A","N/A","N/A","N/A","N/A","N/A","N/A","N/A","N/A","N/A","N/A","N/A","N/A","N/A","N/A","N/A","N/A","N/A","N/A","N/A","N/A","N/A","N/A","N/A","N/A","N/A","N/A","N/A","N/A","N/A","N/A","N/A","N/A","N/A","N/A","N/A","N/A","N/A","N/A","N/A","N/A","N/A","N/A","N/A","N/A","N/A","N/A","N/A","N/A","N/A","N/A","N/A","N/A","N/A","N/A","N/A","N/A","N/A","N/A","N/A","N/A","N/A","N/A","N/A","N/A","N/A","N/A","N/A","N/A","N/A","N/A","N/A","N/A","N/A","N/A","N/A","N/A","N/A","N/A","N/A","N/A","N/A","N/A","N/A","N/A","N/A","N/A","N/A","N/A","N/A","N/A","N/A","N/A","N/A","N/A","N/A","N/A","N/A","N/A","N/A","N/A","N/A","N/A","N/A","N/A","N/A","N/A","N/A","N/A","N/A","N/A","N/A","N/A","N/A","N/A","N/A","N/A","N/A","N/A","N/A","N/A","N/A","N/A","N/A","N/A","N/A","N/A","N/A","N/A","N/A","N/A","N/A","N/A","N/A","N/A","N/A","N/A","N/A","N/A","N/A","N/A","N/A","N/A","N/A","N/A","N/A","N/A","N/A","N/A","N/A","N/A","N/A","N/A","N/A","N/A","N/A","N/A","N/A","N/A","N/A","N/A","N/A","N/A","N/A","N/A","N/A","N/A","N/A","N/A","N/A","N/A","N/A","N/A","N/A","N/A","N/A","N/A","N/A","N/A","N/A","N/A","N/A","N/A","N/A","N/A","N/A","N/A","N/A","N/A"
"Kuha and Vadod(block 6), Ahmedabad-2022","Gujarat","Ahmadabad","https://storage.googleapis.com/download/storage/v1/b/ved_prod__media/o/pdfs%2F6638ec3d-7991-482d-9f9e-a0a7d4fede82.pdf?generation=1687503005923266&alt=media",1,"Meshwo",1,"N/A",74900,"N/A","Daskroi","Meshwo","Serial Number,Latitude,Longitude
1,22° 58' 38.0718"" N,72° 47' 57.1862"" E
2,22° 58' 38.0718"" N,72° 47' 51.3729"" E
3,22° 58' 32.2738"" N,72° 47' 57.1862"" E
4,22° 58' 32.2738"" N,72° 47' 51.3729"" E
","N/A","N/A","N/A","N/A","N/A","Daskroi","29-08-2022 18:30:00","Commissioner of Geology and Mining","Mines and Geology Department","Mines and Geology Department","23-06-2023","Kuha and Vadod Ordinary sand block 6","1.07","N/A","N/A","N/A","N/A","N/A","N/A","N/A","N/A","N/A","N/A","N/A","N/A","N/A","N/A","N/A","N/A","N/A","N/A","N/A","N/A","N/A","N/A","N/A","N/A","N/A","N/A","N/A","N/A","N/A","N/A","N/A","N/A","N/A","N/A","N/A","N/A","N/A","N/A","N/A","N/A","N/A","N/A","N/A","N/A","N/A","N/A","N/A","N/A","N/A","N/A","N/A","N/A","N/A","N/A","N/A","N/A","N/A","N/A","N/A","N/A","N/A","N/A","N/A","N/A","N/A","N/A","N/A","N/A","N/A","N/A","N/A","N/A","N/A","N/A","N/A","N/A","N/A","N/A","N/A","N/A","N/A","N/A","N/A","N/A","N/A","N/A","N/A","N/A","N/A","N/A","N/A","N/A","N/A","N/A","N/A","N/A","N/A","N/A","N/A","N/A","N/A","N/A","N/A","N/A","N/A","N/A","N/A","N/A","N/A","N/A","N/A","N/A","N/A","N/A","N/A","N/A","N/A","N/A","N/A","N/A","N/A","N/A","N/A","N/A","N/A","N/A","N/A","N/A","N/A","N/A","N/A","N/A","N/A","N/A","N/A","N/A","N/A","N/A","N/A","N/A","N/A","N/A","N/A","N/A","N/A","N/A","N/A","N/A","N/A","N/A","N/A","N/A","N/A","N/A","N/A","N/A","N/A","N/A","N/A","N/A","N/A","N/A","N/A","N/A","N/A","N/A","N/A","N/A","N/A","N/A","N/A","N/A","N/A","N/A","N/A","N/A","N/A","N/A","N/A","N/A","N/A","N/A","N/A","N/A","N/A","N/A","N/A","N/A","N/A","N/A","N/A","N/A","N/A","N/A","N/A","N/A","N/A","N/A","N/A","N/A","N/A","N/A","N/A","N/A","N/A","N/A","N/A","N/A","N/A","N/A","N/A","N/A","N/A","N/A","N/A","N/A","N/A","N/A","N/A","N/A","N/A","N/A","N/A","N/A","N/A","N/A","N/A","N/A","N/A","N/A","N/A","N/A","N/A","N/A","N/A","N/A","N/A","N/A","N/A","N/A","N/A","N/A","N/A","N/A","N/A","N/A"
"Kuha and Vadod(block 7), Ahmedabad-2022","Gujarat","Ahmadabad","https://storage.googleapis.com/download/storage/v1/b/ved_prod__media/o/pdfs%2F472bc31c-a357-4d42-810a-b04726d70664.pdf?generation=1687503327769034&alt=media",1,"Meshwo",1,"N/A",71500,"N/A","Daskroi","Meshwo","Serial Number,Latitude,Longitude
1,22° 58' 43.8160"" N ,72° 47' 52.1701"" E 
2,22° 58' 43.8160"" N ,72° 47' 43.7834"" E
3,22° 58' 37.1705"" N,72° 47' 52.1701"" E 
4,22° 58' 37.1705"" N,72° 47' 43.7834"" E
","N/A","N/A","N/A","N/A","N/A","Daskroi","29-08-2022 18:30:00","Commissioner of Geology and Mining ","Mines and Geology Department","Mines and Geology Department","23-06-2023","Kuha and Vadod Ordinary Sand Block 7","1","N/A","N/A","N/A","N/A","N/A","N/A","N/A","N/A","N/A","N/A","N/A","N/A","N/A","N/A","N/A","N/A","N/A","N/A","N/A","N/A","N/A","N/A","N/A","N/A","N/A","N/A","N/A","N/A","N/A","N/A","N/A","N/A","N/A","N/A","N/A","N/A","N/A","N/A","N/A","N/A","N/A","N/A","N/A","N/A","N/A","N/A","N/A","N/A","N/A","N/A","N/A","N/A","N/A","N/A","N/A","N/A","N/A","N/A","N/A","N/A","N/A","N/A","N/A","N/A","N/A","N/A","N/A","N/A","N/A","N/A","N/A","N/A","N/A","N/A","N/A","N/A","N/A","N/A","N/A","N/A","N/A","N/A","N/A","N/A","N/A","N/A","N/A","N/A","N/A","N/A","N/A","N/A","N/A","N/A","N/A","N/A","N/A","N/A","N/A","N/A","N/A","N/A","N/A","N/A","N/A","N/A","N/A","N/A","N/A","N/A","N/A","N/A","N/A","N/A","N/A","N/A","N/A","N/A","N/A","N/A","N/A","N/A","N/A","N/A","N/A","N/A","N/A","N/A","N/A","N/A","N/A","N/A","N/A","N/A","N/A","N/A","N/A","N/A","N/A","N/A","N/A","N/A","N/A","N/A","N/A","N/A","N/A","N/A","N/A","N/A","N/A","N/A","N/A","N/A","N/A","N/A","N/A","N/A","N/A","N/A","N/A","N/A","N/A","N/A","N/A","N/A","N/A","N/A","N/A","N/A","N/A","N/A","N/A","N/A","N/A","N/A","N/A","N/A","N/A","N/A","N/A","N/A","N/A","N/A","N/A","N/A","N/A","N/A","N/A","N/A","N/A","N/A","N/A","N/A","N/A","N/A","N/A","N/A","N/A","N/A","N/A","N/A","N/A","N/A","N/A","N/A","N/A","N/A","N/A","N/A","N/A","N/A","N/A","N/A","N/A","N/A","N/A","N/A","N/A","N/A","N/A","N/A","N/A","N/A","N/A","N/A","N/A","N/A","N/A","N/A","N/A","N/A","N/A","N/A","N/A","N/A","N/A","N/A","N/A","N/A","N/A","N/A","N/A","N/A","N/A","N/A"
"Kuha and Vadod(block 8), Ahmedabad-2022","Gujarat","Ahmadabad","https://storage.googleapis.com/download/storage/v1/b/ved_prod__media/o/pdfs%2F6d5bd546-e816-4582-b3b4-3b6be3bd1801.pdf?generation=1687503590791108&alt=media",1,"Meshwo",1,"N/A",70750,"N/A","Daskroi","Meshwo","Serial Number,Latitude,Longitude
1,22° 58' 50.5851"" N ,72° 47' 44.9627"" E 
2,22° 58' 50.5851"" N ,72° 47' 38.5153"" E
3,22° 58' 42.7374"" N,72° 47' 44.9627"" E 
4,22° 58' 42.7374"" N,72° 47' 38.5153"" E
","","N/A","N/A","N/A","N/A","Daskroi","29-08-2022 18:30:00","Commissioner of Geology and Mining ","Mines and Geology Department","Mines and Geology Department","23-06-2023","Kuha and Vadod Ordinary Sand Block 8","1","N/A","N/A","N/A","N/A","N/A","N/A","N/A","N/A","N/A","N/A","N/A","N/A","N/A","N/A","N/A","N/A","N/A","N/A","N/A","N/A","N/A","N/A","N/A","N/A","N/A","N/A","N/A","N/A","N/A","N/A","N/A","N/A","N/A","N/A","N/A","N/A","N/A","N/A","N/A","N/A","N/A","N/A","N/A","N/A","N/A","N/A","N/A","N/A","N/A","N/A","N/A","N/A","N/A","N/A","N/A","N/A","N/A","N/A","N/A","N/A","N/A","N/A","N/A","N/A","N/A","N/A","N/A","N/A","N/A","N/A","N/A","N/A","N/A","N/A","N/A","N/A","N/A","N/A","N/A","N/A","N/A","N/A","N/A","N/A","N/A","N/A","N/A","N/A","N/A","N/A","N/A","N/A","N/A","N/A","N/A","N/A","N/A","N/A","N/A","N/A","N/A","N/A","N/A","N/A","N/A","N/A","N/A","N/A","N/A","N/A","N/A","N/A","N/A","N/A","N/A","N/A","N/A","N/A","N/A","N/A","N/A","N/A","N/A","N/A","N/A","N/A","N/A","N/A","N/A","N/A","N/A","N/A","N/A","N/A","N/A","N/A","N/A","N/A","N/A","N/A","N/A","N/A","N/A","N/A","N/A","N/A","N/A","N/A","N/A","N/A","N/A","N/A","N/A","N/A","N/A","N/A","N/A","N/A","N/A","N/A","N/A","N/A","N/A","N/A","N/A","N/A","N/A","N/A","N/A","N/A","N/A","N/A","N/A","N/A","N/A","N/A","N/A","N/A","N/A","N/A","N/A","N/A","N/A","N/A","N/A","N/A","N/A","N/A","N/A","N/A","N/A","N/A","N/A","N/A","N/A","N/A","N/A","N/A","N/A","N/A","N/A","N/A","N/A","N/A","N/A","N/A","N/A","N/A","N/A","N/A","N/A","N/A","N/A","N/A","N/A","N/A","N/A","N/A","N/A","N/A","N/A","N/A","N/A","N/A","N/A","N/A","N/A","N/A","N/A","N/A","N/A","N/A","N/A","N/A","N/A","N/A","N/A","N/A","N/A","N/A","N/A","N/A","N/A","N/A","N/A","N/A"
"Chandisar(block B), Ahmedabad-2022","Gujarat","Ahmadabad","https://storage.googleapis.com/download/storage/v1/b/ved_prod__media/o/pdfs%2F8b287976-b663-4ba5-b76d-5af043e9d28f.pdf?generation=1687503867578393&alt=media",1,"Sabarmati",1,"N/A",44416,"N/A","Dholka","Sabarmati","Serial Number,Latitude,Longitude
1,22° 47' 23.1505"" N ,72° 30' 20.2897"" E
2,22° 47' 23.1505"" N ,72° 30' 26.4376"" E
3,22° 47' 18.8340"" N,72° 30' 20.2897"" E
4,22° 47' 18.8340"" N,72° 30' 26.4376"" E
","N/A","N/A","N/A","N/A","N/A","Dholka","25-01-2022 18:30:00","Commissioner of Geology and Mining ","Mines and Geology Department","Mines and Geology Department","23-06-2023","Chandisar Ordinary clay and ordinary sand block B","1.36","N/A","N/A","N/A","N/A","N/A","N/A","N/A","N/A","N/A","N/A","N/A","N/A","N/A","N/A","N/A","N/A","N/A","N/A","N/A","N/A","N/A","N/A","N/A","N/A","N/A","N/A","N/A","N/A","N/A","N/A","N/A","N/A","N/A","N/A","N/A","N/A","N/A","N/A","N/A","N/A","N/A","N/A","N/A","N/A","N/A","N/A","N/A","N/A","N/A","N/A","N/A","N/A","N/A","N/A","N/A","N/A","N/A","N/A","N/A","N/A","N/A","N/A","N/A","N/A","N/A","N/A","N/A","N/A","N/A","N/A","N/A","N/A","N/A","N/A","N/A","N/A","N/A","N/A","N/A","N/A","N/A","N/A","N/A","N/A","N/A","N/A","N/A","N/A","N/A","N/A","N/A","N/A","N/A","N/A","N/A","N/A","N/A","N/A","N/A","N/A","N/A","N/A","N/A","N/A","N/A","N/A","N/A","N/A","N/A","N/A","N/A","N/A","N/A","N/A","N/A","N/A","N/A","N/A","N/A","N/A","N/A","N/A","N/A","N/A","N/A","N/A","N/A","N/A","N/A","N/A","N/A","N/A","N/A","N/A","N/A","N/A","N/A","N/A","N/A","N/A","N/A","N/A","N/A","N/A","N/A","N/A","N/A","N/A","N/A","N/A","N/A","N/A","N/A","N/A","N/A","N/A","N/A","N/A","N/A","N/A","N/A","N/A","N/A","N/A","N/A","N/A","N/A","N/A","N/A","N/A","N/A","N/A","N/A","N/A","N/A","N/A","N/A","N/A","N/A","N/A","N/A","N/A","N/A","N/A","N/A","N/A","N/A","N/A","N/A","N/A","N/A","N/A","N/A","N/A","N/A","N/A","N/A","N/A","N/A","N/A","N/A","N/A","N/A","N/A","N/A","N/A","N/A","N/A","N/A","N/A","N/A","N/A","N/A","N/A","N/A","N/A","N/A","N/A","N/A","N/A","N/A","N/A","N/A","N/A","N/A","N/A","N/A","N/A","N/A","N/A","N/A","N/A","N/A","N/A","N/A","N/A","N/A","N/A","N/A","N/A","N/A","N/A","N/A","N/A","N/A","N/A"
"Indore(block 1), bharuch 2022","Gujarat","Bharuch","https://storage.googleapis.com/download/storage/v1/b/ved_prod__media/o/pdfs%2Fb56753ae-679c-48ed-8721-28cce3363e35.pdf?generation=1687690331841656&alt=media",1,"Narmada",1,"N/A",60734,"N/A","Jhagadia","Narmada","Serial Number,Latitude,Longitude
1,21° 55' 07.9053"" N ,73° 13' 44.4746"" E
2,21° 55' 07.9053"" N ,73° 13' 50.3888"" E
3,21° 55' 02.7711"" N,73° 13' 44.4746"" E
4,21° 55' 02.7711"" N,73° 13' 50.3888"" E
","N/A","N/A","N/A","N/A","N/A","Jhagadia","26-04-2022 18:30:00","Commissioner of Geology and Mining ","Mines and Geology Department","Mines and Geology Department","25-06-2023","Indore Ordinary Sand and Gravel block 1","1","N/A","N/A","N/A","N/A","N/A","N/A","N/A","N/A","N/A","N/A","N/A","N/A","N/A","N/A","N/A","N/A","N/A","N/A","N/A","N/A","N/A","N/A","N/A","N/A","N/A","N/A","N/A","N/A","N/A","N/A","N/A","N/A","N/A","N/A","N/A","N/A","N/A","N/A","N/A","N/A","N/A","N/A","N/A","N/A","N/A","N/A","N/A","N/A","N/A","N/A","N/A","N/A","N/A","N/A","N/A","N/A","N/A","N/A","N/A","N/A","N/A","N/A","N/A","N/A","N/A","N/A","N/A","N/A","N/A","N/A","N/A","N/A","N/A","N/A","N/A","N/A","N/A","N/A","N/A","N/A","N/A","N/A","N/A","N/A","N/A","N/A","N/A","N/A","N/A","N/A","N/A","N/A","N/A","N/A","N/A","N/A","N/A","N/A","N/A","N/A","N/A","N/A","N/A","N/A","N/A","N/A","N/A","N/A","N/A","N/A","N/A","N/A","N/A","N/A","N/A","N/A","N/A","N/A","N/A","N/A","N/A","N/A","N/A","N/A","N/A","N/A","N/A","N/A","N/A","N/A","N/A","N/A","N/A","N/A","N/A","N/A","N/A","N/A","N/A","N/A","N/A","N/A","N/A","N/A","N/A","N/A","N/A","N/A","N/A","N/A","N/A","N/A","N/A","N/A","N/A","N/A","N/A","N/A","N/A","N/A","N/A","N/A","N/A","N/A","N/A","N/A","N/A","N/A","N/A","N/A","N/A","N/A","N/A","N/A","N/A","N/A","N/A","N/A","N/A","N/A","N/A","N/A","N/A","N/A","N/A","N/A","N/A","N/A","N/A","N/A","N/A","N/A","N/A","N/A","N/A","N/A","N/A","N/A","N/A","N/A","N/A","N/A","N/A","N/A","N/A","N/A","N/A","N/A","N/A","N/A","N/A","N/A","N/A","N/A","N/A","N/A","N/A","N/A","N/A","N/A","N/A","N/A","N/A","N/A","N/A","N/A","N/A","N/A","N/A","N/A","N/A","N/A","N/A","N/A","N/A","N/A","N/A","N/A","N/A","N/A","N/A","N/A","N/A","N/A","N/A","N/A"
"Indore(block 2), Bharuch -2022","Gujarat","Bharuch","https://storage.googleapis.com/download/storage/v1/b/ved_prod__media/o/pdfs%2F186fe0c0-809f-40d1-98d9-3d8a328c9701.pdf?generation=1687691263670250&alt=media",1,"Narmada",1,"N/A",56328,"N/A","Jhagadia","Narmada","Serial Number,Latitude,Longitude
1,21° 55' 04.3004"" N,73° 13' 49.2660"" E
2,21° 55' 04.3004"" N,73° 13' 55.0666"" E
3,21° 54' 59.1067"" N,73° 13' 49.2660"" E
4,21° 54' 59.1067"" N,73° 13' 55.0666"" E
","N/A","N/A","N/A","N/A","N/A","Jhagadia","26-04-2022 18:30:00","Commissioner of Geology and Mining ","Mines and Geology Department","Mines and Geology Department","25-06-2023","Indore Ordinary sand and gravel block 2","1","N/A","N/A","N/A","N/A","N/A","N/A","N/A","N/A","N/A","N/A","N/A","N/A","N/A","N/A","N/A","N/A","N/A","N/A","N/A","N/A","N/A","N/A","N/A","N/A","N/A","N/A","N/A","N/A","N/A","N/A","N/A","N/A","N/A","N/A","N/A","N/A","N/A","N/A","N/A","N/A","N/A","N/A","N/A","N/A","N/A","N/A","N/A","N/A","N/A","N/A","N/A","N/A","N/A","N/A","N/A","N/A","N/A","N/A","N/A","N/A","N/A","N/A","N/A","N/A","N/A","N/A","N/A","N/A","N/A","N/A","N/A","N/A","N/A","N/A","N/A","N/A","N/A","N/A","N/A","N/A","N/A","N/A","N/A","N/A","N/A","N/A","N/A","N/A","N/A","N/A","N/A","N/A","N/A","N/A","N/A","N/A","N/A","N/A","N/A","N/A","N/A","N/A","N/A","N/A","N/A","N/A","N/A","N/A","N/A","N/A","N/A","N/A","N/A","N/A","N/A","N/A","N/A","N/A","N/A","N/A","N/A","N/A","N/A","N/A","N/A","N/A","N/A","N/A","N/A","N/A","N/A","N/A","N/A","N/A","N/A","N/A","N/A","N/A","N/A","N/A","N/A","N/A","N/A","N/A","N/A","N/A","N/A","N/A","N/A","N/A","N/A","N/A","N/A","N/A","N/A","N/A","N/A","N/A","N/A","N/A","N/A","N/A","N/A","N/A","N/A","N/A","N/A","N/A","N/A","N/A","N/A","N/A","N/A","N/A","N/A","N/A","N/A","N/A","N/A","N/A","N/A","N/A","N/A","N/A","N/A","N/A","N/A","N/A","N/A","N/A","N/A","N/A","N/A","N/A","N/A","N/A","N/A","N/A","N/A","N/A","N/A","N/A","N/A","N/A","N/A","N/A","N/A","N/A","N/A","N/A","N/A","N/A","N/A","N/A","N/A","N/A","N/A","N/A","N/A","N/A","N/A","N/A","N/A","N/A","N/A","N/A","N/A","N/A","N/A","N/A","N/A","N/A","N/A","N/A","N/A","N/A","N/A","N/A","N/A","N/A","N/A","N/A","N/A","N/A","N/A","N/A"
"Indore(block 3), bharuch -2022","Gujarat","Bharuch","https://storage.googleapis.com/download/storage/v1/b/ved_prod__media/o/pdfs%2Ff8dff3ce-e05b-4f8f-ad13-1a83c0cbbafa.pdf?generation=1687691874597036&alt=media",1,"Narmada",1,"N/A",69066,"N/A","Jhagadia","Narmada","Serial Number,Latitude,Longitude
1,21° 55' 09.3749"" N ,73° 13' 45.7360"" E 
2,21° 55' 09.3749"" N ,73° 13' 51.5423"" E
3,21° 55' 04.3004"" N,73° 13' 45.7360"" E 
4,21° 55' 04.3004"" N,73° 13' 51.5423"" E
","N/A","N/A","N/A","N/A","N/A","Jhagadia","26-04-2022 18:30:00","Commissioner Of Geology and Mining ","Mines and Geology Department","Mines and Geology Department","25-06-2023","Indore Ordinary Sand and Gravel block 3","1","N/A","N/A","N/A","N/A","N/A","N/A","N/A","N/A","N/A","N/A","N/A","N/A","N/A","N/A","N/A","N/A","N/A","N/A","N/A","N/A","N/A","N/A","N/A","N/A","N/A","N/A","N/A","N/A","N/A","N/A","N/A","N/A","N/A","N/A","N/A","N/A","N/A","N/A","N/A","N/A","N/A","N/A","N/A","N/A","N/A","N/A","N/A","N/A","N/A","N/A","N/A","N/A","N/A","N/A","N/A","N/A","N/A","N/A","N/A","N/A","N/A","N/A","N/A","N/A","N/A","N/A","N/A","N/A","N/A","N/A","N/A","N/A","N/A","N/A","N/A","N/A","N/A","N/A","N/A","N/A","N/A","N/A","N/A","N/A","N/A","N/A","N/A","N/A","N/A","N/A","N/A","N/A","N/A","N/A","N/A","N/A","N/A","N/A","N/A","N/A","N/A","N/A","N/A","N/A","N/A","N/A","N/A","N/A","N/A","N/A","N/A","N/A","N/A","N/A","N/A","N/A","N/A","N/A","N/A","N/A","N/A","N/A","N/A","N/A","N/A","N/A","N/A","N/A","N/A","N/A","N/A","N/A","N/A","N/A","N/A","N/A","N/A","N/A","N/A","N/A","N/A","N/A","N/A","N/A","N/A","N/A","N/A","N/A","N/A","N/A","N/A","N/A","N/A","N/A","N/A","N/A","N/A","N/A","N/A","N/A","N/A","N/A","N/A","N/A","N/A","N/A","N/A","N/A","N/A","N/A","N/A","N/A","N/A","N/A","N/A","N/A","N/A","N/A","N/A","N/A","N/A","N/A","N/A","N/A","N/A","N/A","N/A","N/A","N/A","N/A","N/A","N/A","N/A","N/A","N/A","N/A","N/A","N/A","N/A","N/A","N/A","N/A","N/A","N/A","N/A","N/A","N/A","N/A","N/A","N/A","N/A","N/A","N/A","N/A","N/A","N/A","N/A","N/A","N/A","N/A","N/A","N/A","N/A","N/A","N/A","N/A","N/A","N/A","N/A","N/A","N/A","N/A","N/A","N/A","N/A","N/A","N/A","N/A","N/A","N/A","N/A","N/A","N/A","N/A","N/A","N/A"
"Indore(block 4), bharuch -2022","Gujarat","Bharuch","https://storage.googleapis.com/download/storage/v1/b/ved_prod__media/o/pdfs%2F43902296-b610-4b8e-a031-78620f153467.pdf?generation=1687692168399546&alt=media",1,"Narmada",1,"N/A",53406,"N/A","Jhagadia","Narmada","Serial Number,Latitude,Longitude
1,21° 55' 00.7280"" N,73° 13' 50.3888"" E 
2,21° 55' 00.7280"" N,73° 13' 56.0872"" E
3,21° 55' 05.8712"" N,73° 13' 50.3888"" E 
4,21° 55' 05.8712"" N,73° 13' 56.0872"" E
-,-,-
","N/A","N/A","N/A","N/A","N/A","Jhagadia","26-04-2022 18:30:00","Commissioner of Geology and Mining ","Mines and Geology Department","Mines and Geology Department","25-06-2023","Indore Ordinary sand and gravel block 4","1","N/A","N/A","N/A","N/A","N/A","N/A","N/A","N/A","N/A","N/A","N/A","N/A","N/A","N/A","N/A","N/A","N/A","N/A","N/A","N/A","N/A","N/A","N/A","N/A","N/A","N/A","N/A","N/A","N/A","N/A","N/A","N/A","N/A","N/A","N/A","N/A","N/A","N/A","N/A","N/A","N/A","N/A","N/A","N/A","N/A","N/A","N/A","N/A","N/A","N/A","N/A","N/A","N/A","N/A","N/A","N/A","N/A","N/A","N/A","N/A","N/A","N/A","N/A","N/A","N/A","N/A","N/A","N/A","N/A","N/A","N/A","N/A","N/A","N/A","N/A","N/A","N/A","N/A","N/A","N/A","N/A","N/A","N/A","N/A","N/A","N/A","N/A","N/A","N/A","N/A","N/A","N/A","N/A","N/A","N/A","N/A","N/A","N/A","N/A","N/A","N/A","N/A","N/A","N/A","N/A","N/A","N/A","N/A","N/A","N/A","N/A","N/A","N/A","N/A","N/A","N/A","N/A","N/A","N/A","N/A","N/A","N/A","N/A","N/A","N/A","N/A","N/A","N/A","N/A","N/A","N/A","N/A","N/A","N/A","N/A","N/A","N/A","N/A","N/A","N/A","N/A","N/A","N/A","N/A","N/A","N/A","N/A","N/A","N/A","N/A","N/A","N/A","N/A","N/A","N/A","N/A","N/A","N/A","N/A","N/A","N/A","N/A","N/A","N/A","N/A","N/A","N/A","N/A","N/A","N/A","N/A","N/A","N/A","N/A","N/A","N/A","N/A","N/A","N/A","N/A","N/A","N/A","N/A","N/A","N/A","N/A","N/A","N/A","N/A","N/A","N/A","N/A","N/A","N/A","N/A","N/A","N/A","N/A","N/A","N/A","N/A","N/A","N/A","N/A","N/A","N/A","N/A","N/A","N/A","N/A","N/A","N/A","N/A","N/A","N/A","N/A","N/A","N/A","N/A","N/A","N/A","N/A","N/A","N/A","N/A","N/A","N/A","N/A","N/A","N/A","N/A","N/A","N/A","N/A","N/A","N/A","N/A","N/A","N/A","N/A","N/A","N/A","N/A","N/A","N/A","N/A"
"Indore(block 5), Bharuch- 2022","Gujarat","Bharuch","https://storage.googleapis.com/download/storage/v1/b/ved_prod__media/o/pdfs%2F4ef2d4e9-dff8-4272-88f0-30db386de7bb.pdf?generation=1687766471964534&alt=media",1,"Narmada",1,"N/A",55564,"N/A","Jhagadia","Narmada","Serial Number,Latitude,Longitude
1,21° 55' 00.7280"" N ,73° 13' 46.9973"" E 
2,21° 55' 00.7280"" N ,73° 13' 52.7264"" E
3,21° 55' 05.8712"" N,73° 13' 46.9973"" E 
4,21° 55' 05.8712"" N,73° 13' 52.7264"" E
","N/A","N/A","N/A","N/A","N/A","Jhagadia","26-04-2022 18:30:00","Commissioner of Geology and Mining","Mines and Geology Department","Mines and Geology Department","26-06-2023","Indore Ordinary Sand and Gravel block 5","1","N/A","N/A","N/A","N/A","N/A","N/A","N/A","N/A","N/A","N/A","N/A","N/A","N/A","N/A","N/A","N/A","N/A","N/A","N/A","N/A","N/A","N/A","N/A","N/A","N/A","N/A","N/A","N/A","N/A","N/A","N/A","N/A","N/A","N/A","N/A","N/A","N/A","N/A","N/A","N/A","N/A","N/A","N/A","N/A","N/A","N/A","N/A","N/A","N/A","N/A","N/A","N/A","N/A","N/A","N/A","N/A","N/A","N/A","N/A","N/A","N/A","N/A","N/A","N/A","N/A","N/A","N/A","N/A","N/A","N/A","N/A","N/A","N/A","N/A","N/A","N/A","N/A","N/A","N/A","N/A","N/A","N/A","N/A","N/A","N/A","N/A","N/A","N/A","N/A","N/A","N/A","N/A","N/A","N/A","N/A","N/A","N/A","N/A","N/A","N/A","N/A","N/A","N/A","N/A","N/A","N/A","N/A","N/A","N/A","N/A","N/A","N/A","N/A","N/A","N/A","N/A","N/A","N/A","N/A","N/A","N/A","N/A","N/A","N/A","N/A","N/A","N/A","N/A","N/A","N/A","N/A","N/A","N/A","N/A","N/A","N/A","N/A","N/A","N/A","N/A","N/A","N/A","N/A","N/A","N/A","N/A","N/A","N/A","N/A","N/A","N/A","N/A","N/A","N/A","N/A","N/A","N/A","N/A","N/A","N/A","N/A","N/A","N/A","N/A","N/A","N/A","N/A","N/A","N/A","N/A","N/A","N/A","N/A","N/A","N/A","N/A","N/A","N/A","N/A","N/A","N/A","N/A","N/A","N/A","N/A","N/A","N/A","N/A","N/A","N/A","N/A","N/A","N/A","N/A","N/A","N/A","N/A","N/A","N/A","N/A","N/A","N/A","N/A","N/A","N/A","N/A","N/A","N/A","N/A","N/A","N/A","N/A","N/A","N/A","N/A","N/A","N/A","N/A","N/A","N/A","N/A","N/A","N/A","N/A","N/A","N/A","N/A","N/A","N/A","N/A","N/A","N/A","N/A","N/A","N/A","N/A","N/A","N/A","N/A","N/A","N/A","N/A","N/A","N/A","N/A","N/A"
"Indore(block 6), Bharuch-2022","Gujarat","Bharuch","https://storage.googleapis.com/download/storage/v1/b/ved_prod__media/o/pdfs%2F64a945fb-cf1b-4b27-80a7-f01c3c891f00.pdf?generation=1687766863138200&alt=media",1,"Narmada",1,"N/A",55301,"N/A","Jhagadia","Narmada","Serial Number,Latitude,Longitude
1,21° 55' 07.4855"" N,73° 13' 51.5423"" E 
2,21° 55' 07.4855"" N,73° 13' 57.1673"" E
3,21° 55' 02.3675"" N,73° 13' 51.5423"" E 
4,21° 55' 02.3675"" N,73° 13' 57.1673"" E
","N/A","N/A","N/A","N/A","N/A","Jhagadia","26-04-2022 18:30:00","Commissioner of Geology and Mining","Mines and Geology Department","Mines and Geology Department","26-06-2023","Indore Ordinary Sand and Gravel block 6","1","N/A","N/A","N/A","N/A","N/A","N/A","N/A","N/A","N/A","N/A","N/A","N/A","N/A","N/A","N/A","N/A","N/A","N/A","N/A","N/A","N/A","N/A","N/A","N/A","N/A","N/A","N/A","N/A","N/A","N/A","N/A","N/A","N/A","N/A","N/A","N/A","N/A","N/A","N/A","N/A","N/A","N/A","N/A","N/A","N/A","N/A","N/A","N/A","N/A","N/A","N/A","N/A","N/A","N/A","N/A","N/A","N/A","N/A","N/A","N/A","N/A","N/A","N/A","N/A","N/A","N/A","N/A","N/A","N/A","N/A","N/A","N/A","N/A","N/A","N/A","N/A","N/A","N/A","N/A","N/A","N/A","N/A","N/A","N/A","N/A","N/A","N/A","N/A","N/A","N/A","N/A","N/A","N/A","N/A","N/A","N/A","N/A","N/A","N/A","N/A","N/A","N/A","N/A","N/A","N/A","N/A","N/A","N/A","N/A","N/A","N/A","N/A","N/A","N/A","N/A","N/A","N/A","N/A","N/A","N/A","N/A","N/A","N/A","N/A","N/A","N/A","N/A","N/A","N/A","N/A","N/A","N/A","N/A","N/A","N/A","N/A","N/A","N/A","N/A","N/A","N/A","N/A","N/A","N/A","N/A","N/A","N/A","N/A","N/A","N/A","N/A","N/A","N/A","N/A","N/A","N/A","N/A","N/A","N/A","N/A","N/A","N/A","N/A","N/A","N/A","N/A","N/A","N/A","N/A","N/A","N/A","N/A","N/A","N/A","N/A","N/A","N/A","N/A","N/A","N/A","N/A","N/A","N/A","N/A","N/A","N/A","N/A","N/A","N/A","N/A","N/A","N/A","N/A","N/A","N/A","N/A","N/A","N/A","N/A","N/A","N/A","N/A","N/A","N/A","N/A","N/A","N/A","N/A","N/A","N/A","N/A","N/A","N/A","N/A","N/A","N/A","N/A","N/A","N/A","N/A","N/A","N/A","N/A","N/A","N/A","N/A","N/A","N/A","N/A","N/A","N/A","N/A","N/A","N/A","N/A","N/A","N/A","N/A","N/A","N/A","N/A","N/A","N/A","N/A","N/A","N/A"
"Indore(block 7), Bharuch -2022","Gujarat","Bharuch","https://storage.googleapis.com/download/storage/v1/b/ved_prod__media/o/pdfs%2F4ca82680-fbc1-4b01-975a-b6ae6f47d39f.pdf?generation=1687951616846393&alt=media",1,"Narmada",1,"N/A",61223,"N/A","Jhagadia","Narmada","Serial Number,Latitude,Longitude
1,21° 55' 12.4650"" N,73° 13' 48.3234"" E 
2,21° 55' 12.4650"" N,73° 13' 53.9484"" E
3,21° 55' 07.4855"" N,73° 13' 48.3234"" E 
4,21° 55' 07.4855"" N,73° 13' 53.9484"" E
","N/A","N/A","N/A","N/A","N/A","Jhagadia","26-04-2022 18:30:00","Commissioner of Geology and Mining ","Mines and Geology Department","Mines and Geology Department","28-06-2023","Indore Ordinary sand and gravel block 7","1","N/A","N/A","N/A","N/A","N/A","N/A","N/A","N/A","N/A","N/A","N/A","N/A","N/A","N/A","N/A","N/A","N/A","N/A","N/A","N/A","N/A","N/A","N/A","N/A","N/A","N/A","N/A","N/A","N/A","N/A","N/A","N/A","N/A","N/A","N/A","N/A","N/A","N/A","N/A","N/A","N/A","N/A","N/A","N/A","N/A","N/A","N/A","N/A","N/A","N/A","N/A","N/A","N/A","N/A","N/A","N/A","N/A","N/A","N/A","N/A","N/A","N/A","N/A","N/A","N/A","N/A","N/A","N/A","N/A","N/A","N/A","N/A","N/A","N/A","N/A","N/A","N/A","N/A","N/A","N/A","N/A","N/A","N/A","N/A","N/A","N/A","N/A","N/A","N/A","N/A","N/A","N/A","N/A","N/A","N/A","N/A","N/A","N/A","N/A","N/A","N/A","N/A","N/A","N/A","N/A","N/A","N/A","N/A","N/A","N/A","N/A","N/A","N/A","N/A","N/A","N/A","N/A","N/A","N/A","N/A","N/A","N/A","N/A","N/A","N/A","N/A","N/A","N/A","N/A","N/A","N/A","N/A","N/A","N/A","N/A","N/A","N/A","N/A","N/A","N/A","N/A","N/A","N/A","N/A","N/A","N/A","N/A","N/A","N/A","N/A","N/A","N/A","N/A","N/A","N/A","N/A","N/A","N/A","N/A","N/A","N/A","N/A","N/A","N/A","N/A","N/A","N/A","N/A","N/A","N/A","N/A","N/A","N/A","N/A","N/A","N/A","N/A","N/A","N/A","N/A","N/A","N/A","N/A","N/A","N/A","N/A","N/A","N/A","N/A","N/A","N/A","N/A","N/A","N/A","N/A","N/A","N/A","N/A","N/A","N/A","N/A","N/A","N/A","N/A","N/A","N/A","N/A","N/A","N/A","N/A","N/A","N/A","N/A","N/A","N/A","N/A","N/A","N/A","N/A","N/A","N/A","N/A","N/A","N/A","N/A","N/A","N/A","N/A","N/A","N/A","N/A","N/A","N/A","N/A","N/A","N/A","N/A","N/A","N/A","N/A","N/A","N/A","N/A","N/A","N/A","N/A"
"Indore(block 8), Bharuch -2022","Gujarat","Bharuch","https://storage.googleapis.com/download/storage/v1/b/ved_prod__media/o/pdfs%2F7ea593ae-a64d-4b3b-8ffa-31a101024c12.pdf?generation=1687951928754510&alt=media",1,"Narmada",1,"N/A",65035,"N/A","Jhagadia","Narmada","Serial Number,Latitude,Longitude
1,21° 55' 09.1513"" N,73° 13' 52.7264"" E
2,21° 55' 09.1513"" N,73° 13' 58.2474"" E
3,21° 55' 04.1025"" N,73° 13' 52.7264"" E
4,21° 55' 04.1025"" N,73° 13' 58.2474"" E
","N/A","N/A","N/A","N/A","N/A","Jhagadia","26-04-2022 18:30:00","Commissioner of Geology and Mining","Mines and Geology Department","Mines and Geology Department","28-06-2023","Indore Ordinary sand and gravel block 8","1","N/A","N/A","N/A","N/A","N/A","N/A","N/A","N/A","N/A","N/A","N/A","N/A","N/A","N/A","N/A","N/A","N/A","N/A","N/A","N/A","N/A","N/A","N/A","N/A","N/A","N/A","N/A","N/A","N/A","N/A","N/A","N/A","N/A","N/A","N/A","N/A","N/A","N/A","N/A","N/A","N/A","N/A","N/A","N/A","N/A","N/A","N/A","N/A","N/A","N/A","N/A","N/A","N/A","N/A","N/A","N/A","N/A","N/A","N/A","N/A","N/A","N/A","N/A","N/A","N/A","N/A","N/A","N/A","N/A","N/A","N/A","N/A","N/A","N/A","N/A","N/A","N/A","N/A","N/A","N/A","N/A","N/A","N/A","N/A","N/A","N/A","N/A","N/A","N/A","N/A","N/A","N/A","N/A","N/A","N/A","N/A","N/A","N/A","N/A","N/A","N/A","N/A","N/A","N/A","N/A","N/A","N/A","N/A","N/A","N/A","N/A","N/A","N/A","N/A","N/A","N/A","N/A","N/A","N/A","N/A","N/A","N/A","N/A","N/A","N/A","N/A","N/A","N/A","N/A","N/A","N/A","N/A","N/A","N/A","N/A","N/A","N/A","N/A","N/A","N/A","N/A","N/A","N/A","N/A","N/A","N/A","N/A","N/A","N/A","N/A","N/A","N/A","N/A","N/A","N/A","N/A","N/A","N/A","N/A","N/A","N/A","N/A","N/A","N/A","N/A","N/A","N/A","N/A","N/A","N/A","N/A","N/A","N/A","N/A","N/A","N/A","N/A","N/A","N/A","N/A","N/A","N/A","N/A","N/A","N/A","N/A","N/A","N/A","N/A","N/A","N/A","N/A","N/A","N/A","N/A","N/A","N/A","N/A","N/A","N/A","N/A","N/A","N/A","N/A","N/A","N/A","N/A","N/A","N/A","N/A","N/A","N/A","N/A","N/A","N/A","N/A","N/A","N/A","N/A","N/A","N/A","N/A","N/A","N/A","N/A","N/A","N/A","N/A","N/A","N/A","N/A","N/A","N/A","N/A","N/A","N/A","N/A","N/A","N/A","N/A","N/A","N/A","N/A","N/A","N/A","N/A"
"Indore(block 9), Bharuch 2022","Gujarat","Bharuch","https://storage.googleapis.com/download/storage/v1/b/ved_prod__media/o/pdfs%2F13555a32-be13-4bdd-b3fc-38b8a37656fd.pdf?generation=1687952199469058&alt=media",1,"Narmada",1,"N/A",66206,"N/A","Jhagadia","Narmada","Serial Number,Latitude,Longitude
1,21° 55' 10.9685"" N,73° 13' 56.2922"" E 
2,21° 55' 10.9685"" N,73° 14' 01.0347"" E
3,21° 55' 06.0461"" N,73° 13' 56.2922"" E 
4,21° 55' 06.0461"" N,73° 14' 01.0347"" E
","N/A","N/A","N/A","N/A","N/A","Jhagadia","26-04-2022 18:30:00","Commissioner of Geology and Mining ","Mines and Geology Department","Mines and Geology Department","28-06-2023","Indore Ordinary sand and gravel block 9","1","N/A","N/A","N/A","N/A","N/A","N/A","N/A","N/A","N/A","N/A","N/A","N/A","N/A","N/A","N/A","N/A","N/A","N/A","N/A","N/A","N/A","N/A","N/A","N/A","N/A","N/A","N/A","N/A","N/A","N/A","N/A","N/A","N/A","N/A","N/A","N/A","N/A","N/A","N/A","N/A","N/A","N/A","N/A","N/A","N/A","N/A","N/A","N/A","N/A","N/A","N/A","N/A","N/A","N/A","N/A","N/A","N/A","N/A","N/A","N/A","N/A","N/A","N/A","N/A","N/A","N/A","N/A","N/A","N/A","N/A","N/A","N/A","N/A","N/A","N/A","N/A","N/A","N/A","N/A","N/A","N/A","N/A","N/A","N/A","N/A","N/A","N/A","N/A","N/A","N/A","N/A","N/A","N/A","N/A","N/A","N/A","N/A","N/A","N/A","N/A","N/A","N/A","N/A","N/A","N/A","N/A","N/A","N/A","N/A","N/A","N/A","N/A","N/A","N/A","N/A","N/A","N/A","N/A","N/A","N/A","N/A","N/A","N/A","N/A","N/A","N/A","N/A","N/A","N/A","N/A","N/A","N/A","N/A","N/A","N/A","N/A","N/A","N/A","N/A","N/A","N/A","N/A","N/A","N/A","N/A","N/A","N/A","N/A","N/A","N/A","N/A","N/A","N/A","N/A","N/A","N/A","N/A","N/A","N/A","N/A","N/A","N/A","N/A","N/A","N/A","N/A","N/A","N/A","N/A","N/A","N/A","N/A","N/A","N/A","N/A","N/A","N/A","N/A","N/A","N/A","N/A","N/A","N/A","N/A","N/A","N/A","N/A","N/A","N/A","N/A","N/A","N/A","N/A","N/A","N/A","N/A","N/A","N/A","N/A","N/A","N/A","N/A","N/A","N/A","N/A","N/A","N/A","N/A","N/A","N/A","N/A","N/A","N/A","N/A","N/A","N/A","N/A","N/A","N/A","N/A","N/A","N/A","N/A","N/A","N/A","N/A","N/A","N/A","N/A","N/A","N/A","N/A","N/A","N/A","N/A","N/A","N/A","N/A","N/A","N/A","N/A","N/A","N/A","N/A","N/A","N/A"
"Indore(block 10), bharuch 2022","Gujarat","Bharuch","https://storage.googleapis.com/download/storage/v1/b/ved_prod__media/o/pdfs%2Fa6a8846d-2ba7-4f16-b329-72b23dcea053.pdf?generation=1687952523655394&alt=media",1,"Narmada",1,"N/A",66341,"N/A","Jhagadia","Narmada","Serial Number,Latitude,Longitude
1,21° 55' 12.6062"" N,73° 13' 54.1183"" E 
2,21° 55' 12.6062"" N,73° 13' 58.9030"" E
3,21° 55' 07.6819"" N,73° 13' 54.1183"" E 
4,21° 55' 07.6819"" N,73° 13' 58.9030"" E
","N/A","N/A","N/A","N/A","N/A","Jhagadia","26-04-2022 18:30:00","Commissioner of Geology and Mining","Mines and Geology Department","Mines and Geology Department","28-06-2023","Indore Ordinary sand and gravel block 10","1","N/A","N/A","N/A","N/A","N/A","N/A","N/A","N/A","N/A","N/A","N/A","N/A","N/A","N/A","N/A","N/A","N/A","N/A","N/A","N/A","N/A","N/A","N/A","N/A","N/A","N/A","N/A","N/A","N/A","N/A","N/A","N/A","N/A","N/A","N/A","N/A","N/A","N/A","N/A","N/A","N/A","N/A","N/A","N/A","N/A","N/A","N/A","N/A","N/A","N/A","N/A","N/A","N/A","N/A","N/A","N/A","N/A","N/A","N/A","N/A","N/A","N/A","N/A","N/A","N/A","N/A","N/A","N/A","N/A","N/A","N/A","N/A","N/A","N/A","N/A","N/A","N/A","N/A","N/A","N/A","N/A","N/A","N/A","N/A","N/A","N/A","N/A","N/A","N/A","N/A","N/A","N/A","N/A","N/A","N/A","N/A","N/A","N/A","N/A","N/A","N/A","N/A","N/A","N/A","N/A","N/A","N/A","N/A","N/A","N/A","N/A","N/A","N/A","N/A","N/A","N/A","N/A","N/A","N/A","N/A","N/A","N/A","N/A","N/A","N/A","N/A","N/A","N/A","N/A","N/A","N/A","N/A","N/A","N/A","N/A","N/A","N/A","N/A","N/A","N/A","N/A","N/A","N/A","N/A","N/A","N/A","N/A","N/A","N/A","N/A","N/A","N/A","N/A","N/A","N/A","N/A","N/A","N/A","N/A","N/A","N/A","N/A","N/A","N/A","N/A","N/A","N/A","N/A","N/A","N/A","N/A","N/A","N/A","N/A","N/A","N/A","N/A","N/A","N/A","N/A","N/A","N/A","N/A","N/A","N/A","N/A","N/A","N/A","N/A","N/A","N/A","N/A","N/A","N/A","N/A","N/A","N/A","N/A","N/A","N/A","N/A","N/A","N/A","N/A","N/A","N/A","N/A","N/A","N/A","N/A","N/A","N/A","N/A","N/A","N/A","N/A","N/A","N/A","N/A","N/A","N/A","N/A","N/A","N/A","N/A","N/A","N/A","N/A","N/A","N/A","N/A","N/A","N/A","N/A","N/A","N/A","N/A","N/A","N/A","N/A","N/A","N/A","N/A","N/A","N/A","N/A"
"Indore(block 11), bharuch -2022","Gujarat","Bharuch","https://storage.googleapis.com/download/storage/v1/b/ved_prod__media/o/pdfs%2F09d3a4dd-ca75-4b41-9228-13d1f18c5a30.pdf?generation=1687952993554052&alt=media",1,"Narmada",1,"N/A",63495,"N/A","Jhagadia","Narmada","Serial Number,Latitude,Longitude
1,21° 55' 14.3103"" N,73° 13' 52.0265"" E 
2,21° 55' 14.3103"" N,73° 13' 56.7960"" E
3,21° 55' 09.3576"" N,73° 13' 52.0265"" E 
4,21° 55' 09.3576"" N,73° 13' 56.7960"" E
","N/A","N/A","N/A","N/A","N/A","Jhagadia","26-04-2022 18:30:00","Commissioner of Geology and Mining","Mines and Geology Department","Mines and Geology Department","28-06-2023","Indore Ordinary sand and gravel block 11","1","N/A","N/A","N/A","N/A","N/A","N/A","N/A","N/A","N/A","N/A","N/A","N/A","N/A","N/A","N/A","N/A","N/A","N/A","N/A","N/A","N/A","N/A","N/A","N/A","N/A","N/A","N/A","N/A","N/A","N/A","N/A","N/A","N/A","N/A","N/A","N/A","N/A","N/A","N/A","N/A","N/A","N/A","N/A","N/A","N/A","N/A","N/A","N/A","N/A","N/A","N/A","N/A","N/A","N/A","N/A","N/A","N/A","N/A","N/A","N/A","N/A","N/A","N/A","N/A","N/A","N/A","N/A","N/A","N/A","N/A","N/A","N/A","N/A","N/A","N/A","N/A","N/A","N/A","N/A","N/A","N/A","N/A","N/A","N/A","N/A","N/A","N/A","N/A","N/A","N/A","N/A","N/A","N/A","N/A","N/A","N/A","N/A","N/A","N/A","N/A","N/A","N/A","N/A","N/A","N/A","N/A","N/A","N/A","N/A","N/A","N/A","N/A","N/A","N/A","N/A","N/A","N/A","N/A","N/A","N/A","N/A","N/A","N/A","N/A","N/A","N/A","N/A","N/A","N/A","N/A","N/A","N/A","N/A","N/A","N/A","N/A","N/A","N/A","N/A","N/A","N/A","N/A","N/A","N/A","N/A","N/A","N/A","N/A","N/A","N/A","N/A","N/A","N/A","N/A","N/A","N/A","N/A","N/A","N/A","N/A","N/A","N/A","N/A","N/A","N/A","N/A","N/A","N/A","N/A","N/A","N/A","N/A","N/A","N/A","N/A","N/A","N/A","N/A","N/A","N/A","N/A","N/A","N/A","N/A","N/A","N/A","N/A","N/A","N/A","N/A","N/A","N/A","N/A","N/A","N/A","N/A","N/A","N/A","N/A","N/A","N/A","N/A","N/A","N/A","N/A","N/A","N/A","N/A","N/A","N/A","N/A","N/A","N/A","N/A","N/A","N/A","N/A","N/A","N/A","N/A","N/A","N/A","N/A","N/A","N/A","N/A","N/A","N/A","N/A","N/A","N/A","N/A","N/A","N/A","N/A","N/A","N/A","N/A","N/A","N/A","N/A","N/A","N/A","N/A","N/A","N/A"
"Indore(block 12), bharuch -2022","Gujarat","Bharuch","https://storage.googleapis.com/download/storage/v1/b/ved_prod__media/o/pdfs%2Fcf4d6e98-9f4a-4c6b-947c-45405f72b98d.pdf?generation=1687953465524420&alt=media",1,"Narmada",1,"N/A",55007,"N/A","Jhagadia","Narmada","Serial Number,Latitude,Longitude
1,21° 55' 15.9039"" N ,73° 13' 49.8266"" E 
2,21° 55' 15.9039"" N ,73° 13' 54.6043"" E
3,21° 55' 10.9700"" N,73° 13' 49.8266"" E 
4,21° 55' 10.9700"" N,73° 13' 54.6043"" E
-,-,-
","N/A","N/A","N/A","N/A","N/A","Jhagadia","26-04-2022 18:30:00","Commissioner of Geology and Mining ","Mines and Geology Department","Mines and Geology Department","28-06-2023","Indore Ordinary sand and gravel block 12","1","N/A","N/A","N/A","N/A","N/A","N/A","N/A","N/A","N/A","N/A","N/A","N/A","N/A","N/A","N/A","N/A","N/A","N/A","N/A","N/A","N/A","N/A","N/A","N/A","N/A","N/A","N/A","N/A","N/A","N/A","N/A","N/A","N/A","N/A","N/A","N/A","N/A","N/A","N/A","N/A","N/A","N/A","N/A","N/A","N/A","N/A","N/A","N/A","N/A","N/A","N/A","N/A","N/A","N/A","N/A","N/A","N/A","N/A","N/A","N/A","N/A","N/A","N/A","N/A","N/A","N/A","N/A","N/A","N/A","N/A","N/A","N/A","N/A","N/A","N/A","N/A","N/A","N/A","N/A","N/A","N/A","N/A","N/A","N/A","N/A","N/A","N/A","N/A","N/A","N/A","N/A","N/A","N/A","N/A","N/A","N/A","N/A","N/A","N/A","N/A","N/A","N/A","N/A","N/A","N/A","N/A","N/A","N/A","N/A","N/A","N/A","N/A","N/A","N/A","N/A","N/A","N/A","N/A","N/A","N/A","N/A","N/A","N/A","N/A","N/A","N/A","N/A","N/A","N/A","N/A","N/A","N/A","N/A","N/A","N/A","N/A","N/A","N/A","N/A","N/A","N/A","N/A","N/A","N/A","N/A","N/A","N/A","N/A","N/A","N/A","N/A","N/A","N/A","N/A","N/A","N/A","N/A","N/A","N/A","N/A","N/A","N/A","N/A","N/A","N/A","N/A","N/A","N/A","N/A","N/A","N/A","N/A","N/A","N/A","N/A","N/A","N/A","N/A","N/A","N/A","N/A","N/A","N/A","N/A","N/A","N/A","N/A","N/A","N/A","N/A","N/A","N/A","N/A","N/A","N/A","N/A","N/A","N/A","N/A","N/A","N/A","N/A","N/A","N/A","N/A","N/A","N/A","N/A","N/A","N/A","N/A","N/A","N/A","N/A","N/A","N/A","N/A","N/A","N/A","N/A","N/A","N/A","N/A","N/A","N/A","N/A","N/A","N/A","N/A","N/A","N/A","N/A","N/A","N/A","N/A","N/A","N/A","N/A","N/A","N/A","N/A","N/A","N/A","N/A","N/A","N/A"
"Indore(block 13), bharuch- 2022","Gujarat","Bharuch","https://storage.googleapis.com/download/storage/v1/b/ved_prod__media/o/pdfs%2F4624da48-21c0-4fd4-be3a-f548f84eb8c0.pdf?generation=1688031551505850&alt=media",1,"Narmada",1,"N/A",57715,"N/A","Jhagadia","Narmada","Serial Number,Latitude,Longitude
1,21° 55' 14.2518"" N,73° 14' 03.6944"" E
2,21° 55' 14.2518"" N,73° 13' 58.9030"" E
3,21° 55' 09.3118"" N,73° 14' 03.6944"" E
4,21° 55' 09.3118"" N,73° 13' 58.9030"" E
","N/A","N/A","N/A","N/A","N/A","Jhagadia","26-04-2022 18:30:00","Commissioner of Geology and Mining ","Mines and Geology Department","Mines and Geology Department","29-06-2023","Indore Ordinary sand and gravel block 13","1","N/A","N/A","N/A","N/A","N/A","N/A","N/A","N/A","N/A","N/A","N/A","N/A","N/A","N/A","N/A","N/A","N/A","N/A","N/A","N/A","N/A","N/A","N/A","N/A","N/A","N/A","N/A","N/A","N/A","N/A","N/A","N/A","N/A","N/A","N/A","N/A","N/A","N/A","N/A","N/A","N/A","N/A","N/A","N/A","N/A","N/A","N/A","N/A","N/A","N/A","N/A","N/A","N/A","N/A","N/A","N/A","N/A","N/A","N/A","N/A","N/A","N/A","N/A","N/A","N/A","N/A","N/A","N/A","N/A","N/A","N/A","N/A","N/A","N/A","N/A","N/A","N/A","N/A","N/A","N/A","N/A","N/A","N/A","N/A","N/A","N/A","N/A","N/A","N/A","N/A","N/A","N/A","N/A","N/A","N/A","N/A","N/A","N/A","N/A","N/A","N/A","N/A","N/A","N/A","N/A","N/A","N/A","N/A","N/A","N/A","N/A","N/A","N/A","N/A","N/A","N/A","N/A","N/A","N/A","N/A","N/A","N/A","N/A","N/A","N/A","N/A","N/A","N/A","N/A","N/A","N/A","N/A","N/A","N/A","N/A","N/A","N/A","N/A","N/A","N/A","N/A","N/A","N/A","N/A","N/A","N/A","N/A","N/A","N/A","N/A","N/A","N/A","N/A","N/A","N/A","N/A","N/A","N/A","N/A","N/A","N/A","N/A","N/A","N/A","N/A","N/A","N/A","N/A","N/A","N/A","N/A","N/A","N/A","N/A","N/A","N/A","N/A","N/A","N/A","N/A","N/A","N/A","N/A","N/A","N/A","N/A","N/A","N/A","N/A","N/A","N/A","N/A","N/A","N/A","N/A","N/A","N/A","N/A","N/A","N/A","N/A","N/A","N/A","N/A","N/A","N/A","N/A","N/A","N/A","N/A","N/A","N/A","N/A","N/A","N/A","N/A","N/A","N/A","N/A","N/A","N/A","N/A","N/A","N/A","N/A","N/A","N/A","N/A","N/A","N/A","N/A","N/A","N/A","N/A","N/A","N/A","N/A","N/A","N/A","N/A","N/A","N/A","N/A","N/A","N/A","N/A"
"Indore(block 14), bharuch -2022","Gujarat","Bharuch","https://storage.googleapis.com/download/storage/v1/b/ved_prod__media/o/pdfs%2F435672b4-e45b-433a-9bc2-11432550d086.pdf?generation=1688031778260433&alt=media",1,"Narmada",1,"N/A",58715,"N/A","Jhagadia","Narmada","Serial Number,Latitude,Longitude
1,21° 55' 15.8502"" N,73° 13' 56.7960"" E 
2,21° 55' 15.8502"" N,73° 14' 01.5772"" E
3,21° 55' 10.9685"" N,73° 13' 56.7960"" E 
4,21° 55' 10.9685"" N,73° 14' 01.5772"" E
","N/A","N/A","N/A","N/A","N/A","Jhagadia","26-04-2022 18:30:00","Commissioner of Geology and Mining ","Mines and Geology Department","Mines and Geology Department","29-06-2023","Indore Ordinary sand and gravel block 14","1","N/A","N/A","N/A","N/A","N/A","N/A","N/A","N/A","N/A","N/A","N/A","N/A","N/A","N/A","N/A","N/A","N/A","N/A","N/A","N/A","N/A","N/A","N/A","N/A","N/A","N/A","N/A","N/A","N/A","N/A","N/A","N/A","N/A","N/A","N/A","N/A","N/A","N/A","N/A","N/A","N/A","N/A","N/A","N/A","N/A","N/A","N/A","N/A","N/A","N/A","N/A","N/A","N/A","N/A","N/A","N/A","N/A","N/A","N/A","N/A","N/A","N/A","N/A","N/A","N/A","N/A","N/A","N/A","N/A","N/A","N/A","N/A","N/A","N/A","N/A","N/A","N/A","N/A","N/A","N/A","N/A","N/A","N/A","N/A","N/A","N/A","N/A","N/A","N/A","N/A","N/A","N/A","N/A","N/A","N/A","N/A","N/A","N/A","N/A","N/A","N/A","N/A","N/A","N/A","N/A","N/A","N/A","N/A","N/A","N/A","N/A","N/A","N/A","N/A","N/A","N/A","N/A","N/A","N/A","N/A","N/A","N/A","N/A","N/A","N/A","N/A","N/A","N/A","N/A","N/A","N/A","N/A","N/A","N/A","N/A","N/A","N/A","N/A","N/A","N/A","N/A","N/A","N/A","N/A","N/A","N/A","N/A","N/A","N/A","N/A","N/A","N/A","N/A","N/A","N/A","N/A","N/A","N/A","N/A","N/A","N/A","N/A","N/A","N/A","N/A","N/A","N/A","N/A","N/A","N/A","N/A","N/A","N/A","N/A","N/A","N/A","N/A","N/A","N/A","N/A","N/A","N/A","N/A","N/A","N/A","N/A","N/A","N/A","N/A","N/A","N/A","N/A","N/A","N/A","N/A","N/A","N/A","N/A","N/A","N/A","N/A","N/A","N/A","N/A","N/A","N/A","N/A","N/A","N/A","N/A","N/A","N/A","N/A","N/A","N/A","N/A","N/A","N/A","N/A","N/A","N/A","N/A","N/A","N/A","N/A","N/A","N/A","N/A","N/A","N/A","N/A","N/A","N/A","N/A","N/A","N/A","N/A","N/A","N/A","N/A","N/A","N/A","N/A","N/A","N/A","N/A"
"Indore(block 15), bharuch -2022","Gujarat","Bharuch","https://storage.googleapis.com/download/storage/v1/b/ved_prod__media/o/pdfs%2F67238a4a-525c-4d8f-b809-c15f6e6ba7f9.pdf?generation=1688032107073094&alt=media",1,"Narmada",1,"N/A",66869,"N/A","Jhagadia","Narmada","Serial Number,Latitude,Longitude
1,21° 55' 17.4479"" N,73° 13' 54.6043"" E
2,21° 55' 17.4479"" N ,73° 13' 59.5199"" E
3,21° 55' 12.6062"" N,73° 13' 54.6043"" E
4,21° 55' 12.6062"" N,73° 13' 59.5199"" E
-,-,-
","N/A","N/A","N/A","N/A","N/A","Jhagadia","22-12-2022 18:30:00","Commissioner of Geology and Mining","Mines and Geology Department","Mines and Geology Department","29-06-2023","Indore Ordinary sand and gravel block 15","1","N/A","N/A","N/A","N/A","N/A","N/A","N/A","N/A","N/A","N/A","N/A","N/A","N/A","N/A","N/A","N/A","N/A","N/A","N/A","N/A","N/A","N/A","N/A","N/A","N/A","N/A","N/A","N/A","N/A","N/A","N/A","N/A","N/A","N/A","N/A","N/A","N/A","N/A","N/A","N/A","N/A","N/A","N/A","N/A","N/A","N/A","N/A","N/A","N/A","N/A","N/A","N/A","N/A","N/A","N/A","N/A","N/A","N/A","N/A","N/A","N/A","N/A","N/A","N/A","N/A","N/A","N/A","N/A","N/A","N/A","N/A","N/A","N/A","N/A","N/A","N/A","N/A","N/A","N/A","N/A","N/A","N/A","N/A","N/A","N/A","N/A","N/A","N/A","N/A","N/A","N/A","N/A","N/A","N/A","N/A","N/A","N/A","N/A","N/A","N/A","N/A","N/A","N/A","N/A","N/A","N/A","N/A","N/A","N/A","N/A","N/A","N/A","N/A","N/A","N/A","N/A","N/A","N/A","N/A","N/A","N/A","N/A","N/A","N/A","N/A","N/A","N/A","N/A","N/A","N/A","N/A","N/A","N/A","N/A","N/A","N/A","N/A","N/A","N/A","N/A","N/A","N/A","N/A","N/A","N/A","N/A","N/A","N/A","N/A","N/A","N/A","N/A","N/A","N/A","N/A","N/A","N/A","N/A","N/A","N/A","N/A","N/A","N/A","N/A","N/A","N/A","N/A","N/A","N/A","N/A","N/A","N/A","N/A","N/A","N/A","N/A","N/A","N/A","N/A","N/A","N/A","N/A","N/A","N/A","N/A","N/A","N/A","N/A","N/A","N/A","N/A","N/A","N/A","N/A","N/A","N/A","N/A","N/A","N/A","N/A","N/A","N/A","N/A","N/A","N/A","N/A","N/A","N/A","N/A","N/A","N/A","N/A","N/A","N/A","N/A","N/A","N/A","N/A","N/A","N/A","N/A","N/A","N/A","N/A","N/A","N/A","N/A","N/A","N/A","N/A","N/A","N/A","N/A","N/A","N/A","N/A","N/A","N/A","N/A","N/A","N/A","N/A","N/A","N/A","N/A","N/A"
"Indore(block 16), bharuch- 2022","Gujarat","Bharuch","https://storage.googleapis.com/download/storage/v1/b/ved_prod__media/o/pdfs%2F782e5e1d-32de-4d94-96cc-5d10014be2f8.pdf?generation=1688032343128524&alt=media",1,"Narmada",1,"N/A",67796,"N/A","Jhagadia","Narmada","Serial Number,Latitude,Longitude
1,21° 55' 19.1379"" N ,73° 13' 52.5546"" E
2,21° 55' 19.1379"" N ,73° 13' 57.4624"" E
3,21° 55' 14.3103"" N,73° 13' 52.5546"" E
4,21° 55' 14.3103"" N,73° 13' 57.4624"" E
","N/A","N/A","N/A","N/A","N/A","Jhagadia","26-04-2022 18:30:00","Commissioner of Geology and Mining ","Mines and Geology Department","Mines and Geology Department","29-06-2023","Indore Ordinary sand and gravel block 16","1","N/A","N/A","N/A","N/A","N/A","N/A","N/A","N/A","N/A","N/A","N/A","N/A","N/A","N/A","N/A","N/A","N/A","N/A","N/A","N/A","N/A","N/A","N/A","N/A","N/A","N/A","N/A","N/A","N/A","N/A","N/A","N/A","N/A","N/A","N/A","N/A","N/A","N/A","N/A","N/A","N/A","N/A","N/A","N/A","N/A","N/A","N/A","N/A","N/A","N/A","N/A","N/A","N/A","N/A","N/A","N/A","N/A","N/A","N/A","N/A","N/A","N/A","N/A","N/A","N/A","N/A","N/A","N/A","N/A","N/A","N/A","N/A","N/A","N/A","N/A","N/A","N/A","N/A","N/A","N/A","N/A","N/A","N/A","N/A","N/A","N/A","N/A","N/A","N/A","N/A","N/A","N/A","N/A","N/A","N/A","N/A","N/A","N/A","N/A","N/A","N/A","N/A","N/A","N/A","N/A","N/A","N/A","N/A","N/A","N/A","N/A","N/A","N/A","N/A","N/A","N/A","N/A","N/A","N/A","N/A","N/A","N/A","N/A","N/A","N/A","N/A","N/A","N/A","N/A","N/A","N/A","N/A","N/A","N/A","N/A","N/A","N/A","N/A","N/A","N/A","N/A","N/A","N/A","N/A","N/A","N/A","N/A","N/A","N/A","N/A","N/A","N/A","N/A","N/A","N/A","N/A","N/A","N/A","N/A","N/A","N/A","N/A","N/A","N/A","N/A","N/A","N/A","N/A","N/A","N/A","N/A","N/A","N/A","N/A","N/A","N/A","N/A","N/A","N/A","N/A","N/A","N/A","N/A","N/A","N/A","N/A","N/A","N/A","N/A","N/A","N/A","N/A","N/A","N/A","N/A","N/A","N/A","N/A","N/A","N/A","N/A","N/A","N/A","N/A","N/A","N/A","N/A","N/A","N/A","N/A","N/A","N/A","N/A","N/A","N/A","N/A","N/A","N/A","N/A","N/A","N/A","N/A","N/A","N/A","N/A","N/A","N/A","N/A","N/A","N/A","N/A","N/A","N/A","N/A","N/A","N/A","N/A","N/A","N/A","N/A","N/A","N/A","N/A","N/A","N/A","N/A"
"Indore(block 17), bharuch- 2022","Gujarat","Bharuch","https://storage.googleapis.com/download/storage/v1/b/ved_prod__media/o/pdfs%2F53b5ea70-4598-46f5-8261-89bcb5f4ecfb.pdf?generation=1688032585272079&alt=media",1,"Narmada",1,"N/A",62825,"N/A","Jhagadia","Narmada","Serial Number,Latitude,Longitude
1,21° 55' 18.6538"" N,73° 14' 02.3261"" E 
2,21° 55' 18.6538"" N,73° 14' 08.0418"" E
3,21° 55' 12.8122"" N,73° 14' 02.3261"" E 
4,21° 55' 12.8122"" N,73° 14' 08.0418"" E
","N/A","N/A","N/A","N/A","N/A","Jhagadia","26-04-2022 18:30:00","Commissioner of Geology and Mining ","Mines and Geology Department","Mines and Geology Department","29-06-2023","Indore Ordinary sand and gravel block 17","1","N/A","N/A","N/A","N/A","N/A","N/A","N/A","N/A","N/A","N/A","N/A","N/A","N/A","N/A","N/A","N/A","N/A","N/A","N/A","N/A","N/A","N/A","N/A","N/A","N/A","N/A","N/A","N/A","N/A","N/A","N/A","N/A","N/A","N/A","N/A","N/A","N/A","N/A","N/A","N/A","N/A","N/A","N/A","N/A","N/A","N/A","N/A","N/A","N/A","N/A","N/A","N/A","N/A","N/A","N/A","N/A","N/A","N/A","N/A","N/A","N/A","N/A","N/A","N/A","N/A","N/A","N/A","N/A","N/A","N/A","N/A","N/A","N/A","N/A","N/A","N/A","N/A","N/A","N/A","N/A","N/A","N/A","N/A","N/A","N/A","N/A","N/A","N/A","N/A","N/A","N/A","N/A","N/A","N/A","N/A","N/A","N/A","N/A","N/A","N/A","N/A","N/A","N/A","N/A","N/A","N/A","N/A","N/A","N/A","N/A","N/A","N/A","N/A","N/A","N/A","N/A","N/A","N/A","N/A","N/A","N/A","N/A","N/A","N/A","N/A","N/A","N/A","N/A","N/A","N/A","N/A","N/A","N/A","N/A","N/A","N/A","N/A","N/A","N/A","N/A","N/A","N/A","N/A","N/A","N/A","N/A","N/A","N/A","N/A","N/A","N/A","N/A","N/A","N/A","N/A","N/A","N/A","N/A","N/A","N/A","N/A","N/A","N/A","N/A","N/A","N/A","N/A","N/A","N/A","N/A","N/A","N/A","N/A","N/A","N/A","N/A","N/A","N/A","N/A","N/A","N/A","N/A","N/A","N/A","N/A","N/A","N/A","N/A","N/A","N/A","N/A","N/A","N/A","N/A","N/A","N/A","N/A","N/A","N/A","N/A","N/A","N/A","N/A","N/A","N/A","N/A","N/A","N/A","N/A","N/A","N/A","N/A","N/A","N/A","N/A","N/A","N/A","N/A","N/A","N/A","N/A","N/A","N/A","N/A","N/A","N/A","N/A","N/A","N/A","N/A","N/A","N/A","N/A","N/A","N/A","N/A","N/A","N/A","N/A","N/A","N/A","N/A","N/A","N/A","N/A","N/A"
"Indore(block 18), bharuch -2022","Gujarat","Bharuch","https://storage.googleapis.com/download/storage/v1/b/ved_prod__media/o/pdfs%2F92d29a0a-755b-433b-981c-d8cb1d050c3b.pdf?generation=1688032819070905&alt=media",1,"Narmada",1,"N/A",57354,"N/A","Jhagadia","Narmada","Serial Number,Latitude,Longitude
1,21° 55' 19.8616"" N ,73° 14' 00.9451"" E
2,21° 55' 19.8616"" N ,73° 14' 06.5510"" E
3,21° 55' 14.0036"" N,73° 14' 00.9451"" E
4,21° 55' 14.0036"" N,73° 14' 06.5510"" E
-,-,-
","N/A","N/A","N/A","N/A","N/A","Jhagadia","26-04-2022 18:30:00","Commissioner of geology and mining ","Mines and Geology Department","Mines and Geology Department","29-06-2023","Indore Ordinary sand and gravel Block 18","1","N/A","N/A","N/A","N/A","N/A","N/A","N/A","N/A","N/A","N/A","N/A","N/A","N/A","N/A","N/A","N/A","N/A","N/A","N/A","N/A","N/A","N/A","N/A","N/A","N/A","N/A","N/A","N/A","N/A","N/A","N/A","N/A","N/A","N/A","N/A","N/A","N/A","N/A","N/A","N/A","N/A","N/A","N/A","N/A","N/A","N/A","N/A","N/A","N/A","N/A","N/A","N/A","N/A","N/A","N/A","N/A","N/A","N/A","N/A","N/A","N/A","N/A","N/A","N/A","N/A","N/A","N/A","N/A","N/A","N/A","N/A","N/A","N/A","N/A","N/A","N/A","N/A","N/A","N/A","N/A","N/A","N/A","N/A","N/A","N/A","N/A","N/A","N/A","N/A","N/A","N/A","N/A","N/A","N/A","N/A","N/A","N/A","N/A","N/A","N/A","N/A","N/A","N/A","N/A","N/A","N/A","N/A","N/A","N/A","N/A","N/A","N/A","N/A","N/A","N/A","N/A","N/A","N/A","N/A","N/A","N/A","N/A","N/A","N/A","N/A","N/A","N/A","N/A","N/A","N/A","N/A","N/A","N/A","N/A","N/A","N/A","N/A","N/A","N/A","N/A","N/A","N/A","N/A","N/A","N/A","N/A","N/A","N/A","N/A","N/A","N/A","N/A","N/A","N/A","N/A","N/A","N/A","N/A","N/A","N/A","N/A","N/A","N/A","N/A","N/A","N/A","N/A","N/A","N/A","N/A","N/A","N/A","N/A","N/A","N/A","N/A","N/A","N/A","N/A","N/A","N/A","N/A","N/A","N/A","N/A","N/A","N/A","N/A","N/A","N/A","N/A","N/A","N/A","N/A","N/A","N/A","N/A","N/A","N/A","N/A","N/A","N/A","N/A","N/A","N/A","N/A","N/A","N/A","N/A","N/A","N/A","N/A","N/A","N/A","N/A","N/A","N/A","N/A","N/A","N/A","N/A","N/A","N/A","N/A","N/A","N/A","N/A","N/A","N/A","N/A","N/A","N/A","N/A","N/A","N/A","N/A","N/A","N/A","N/A","N/A","N/A","N/A","N/A","N/A","N/A","N/A"
"Indore(block 19), bharuch -2022","Gujarat","Bharuch","https://storage.googleapis.com/download/storage/v1/b/ved_prod__media/o/pdfs%2Fb033ab41-017b-4b0e-9469-742402ddf71a.pdf?generation=1688033062874286&alt=media",1,"Narmada",1,"N/A",59359,"N/A","Jhagadia","Narmada","Serial Number,Latitude,Longitude
1,21° 55' 21.0143"" N,73° 13' 59.5335"" E 
2,21° 55' 21.0143"" N,73° 14' 05.1619"" E
3,21° 55' 15.0775"" N,73° 13' 59.5335"" E 
4,21° 55' 15.0775"" N,73° 14' 05.1619"" E
","N/A","N/A","N/A","N/A","N/A","Jhagadia","26-04-2022 18:30:00","Commissioner of Geology and Mining","Mines and Geology Department","Mines and Geology Department","29-06-2023","Indore Ordinary sand and gravel block 19","1","N/A","N/A","N/A","N/A","N/A","N/A","N/A","N/A","N/A","N/A","N/A","N/A","N/A","N/A","N/A","N/A","N/A","N/A","N/A","N/A","N/A","N/A","N/A","N/A","N/A","N/A","N/A","N/A","N/A","N/A","N/A","N/A","N/A","N/A","N/A","N/A","N/A","N/A","N/A","N/A","N/A","N/A","N/A","N/A","N/A","N/A","N/A","N/A","N/A","N/A","N/A","N/A","N/A","N/A","N/A","N/A","N/A","N/A","N/A","N/A","N/A","N/A","N/A","N/A","N/A","N/A","N/A","N/A","N/A","N/A","N/A","N/A","N/A","N/A","N/A","N/A","N/A","N/A","N/A","N/A","N/A","N/A","N/A","N/A","N/A","N/A","N/A","N/A","N/A","N/A","N/A","N/A","N/A","N/A","N/A","N/A","N/A","N/A","N/A","N/A","N/A","N/A","N/A","N/A","N/A","N/A","N/A","N/A","N/A","N/A","N/A","N/A","N/A","N/A","N/A","N/A","N/A","N/A","N/A","N/A","N/A","N/A","N/A","N/A","N/A","N/A","N/A","N/A","N/A","N/A","N/A","N/A","N/A","N/A","N/A","N/A","N/A","N/A","N/A","N/A","N/A","N/A","N/A","N/A","N/A","N/A","N/A","N/A","N/A","N/A","N/A","N/A","N/A","N/A","N/A","N/A","N/A","N/A","N/A","N/A","N/A","N/A","N/A","N/A","N/A","N/A","N/A","N/A","N/A","N/A","N/A","N/A","N/A","N/A","N/A","N/A","N/A","N/A","N/A","N/A","N/A","N/A","N/A","N/A","N/A","N/A","N/A","N/A","N/A","N/A","N/A","N/A","N/A","N/A","N/A","N/A","N/A","N/A","N/A","N/A","N/A","N/A","N/A","N/A","N/A","N/A","N/A","N/A","N/A","N/A","N/A","N/A","N/A","N/A","N/A","N/A","N/A","N/A","N/A","N/A","N/A","N/A","N/A","N/A","N/A","N/A","N/A","N/A","N/A","N/A","N/A","N/A","N/A","N/A","N/A","N/A","N/A","N/A","N/A","N/A","N/A","N/A","N/A","N/A","N/A","N/A"
"Indore(block 20), bharuch -2022","Gujarat","Bharuch","https://storage.googleapis.com/download/storage/v1/b/ved_prod__media/o/pdfs%2F099e05d8-84ba-4c19-942d-f9df558a89ba.pdf?generation=1688033330101715&alt=media",1,"Narmada",1,"N/A",63373,"N/A","Jhagadia","Narmada","Serial Number,Latitude,Longitude
1,21° 55' 22.1552"" N ,73° 13' 58.1733"" E 
2,21° 55' 22.1552"" N ,73° 14' 03.8354"" E
3,21° 55' 16.1752"" N,73° 13' 58.1733"" E 
4,21° 55' 16.1752"" N,73° 14' 03.8354"" E
-,-,-
","N/A","N/A","N/A","N/A","N/A","Jhagadia","26-04-2022 18:30:00","Commissioner of Geology and Mining","Mines and Geology Department","Mines and Geology Department","29-06-2023","Indore Ordinary sand and gravel block 20","1","N/A","N/A","N/A","N/A","N/A","N/A","N/A","N/A","N/A","N/A","N/A","N/A","N/A","N/A","N/A","N/A","N/A","N/A","N/A","N/A","N/A","N/A","N/A","N/A","N/A","N/A","N/A","N/A","N/A","N/A","N/A","N/A","N/A","N/A","N/A","N/A","N/A","N/A","N/A","N/A","N/A","N/A","N/A","N/A","N/A","N/A","N/A","N/A","N/A","N/A","N/A","N/A","N/A","N/A","N/A","N/A","N/A","N/A","N/A","N/A","N/A","N/A","N/A","N/A","N/A","N/A","N/A","N/A","N/A","N/A","N/A","N/A","N/A","N/A","N/A","N/A","N/A","N/A","N/A","N/A","N/A","N/A","N/A","N/A","N/A","N/A","N/A","N/A","N/A","N/A","N/A","N/A","N/A","N/A","N/A","N/A","N/A","N/A","N/A","N/A","N/A","N/A","N/A","N/A","N/A","N/A","N/A","N/A","N/A","N/A","N/A","N/A","N/A","N/A","N/A","N/A","N/A","N/A","N/A","N/A","N/A","N/A","N/A","N/A","N/A","N/A","N/A","N/A","N/A","N/A","N/A","N/A","N/A","N/A","N/A","N/A","N/A","N/A","N/A","N/A","N/A","N/A","N/A","N/A","N/A","N/A","N/A","N/A","N/A","N/A","N/A","N/A","N/A","N/A","N/A","N/A","N/A","N/A","N/A","N/A","N/A","N/A","N/A","N/A","N/A","N/A","N/A","N/A","N/A","N/A","N/A","N/A","N/A","N/A","N/A","N/A","N/A","N/A","N/A","N/A","N/A","N/A","N/A","N/A","N/A","N/A","N/A","N/A","N/A","N/A","N/A","N/A","N/A","N/A","N/A","N/A","N/A","N/A","N/A","N/A","N/A","N/A","N/A","N/A","N/A","N/A","N/A","N/A","N/A","N/A","N/A","N/A","N/A","N/A","N/A","N/A","N/A","N/A","N/A","N/A","N/A","N/A","N/A","N/A","N/A","N/A","N/A","N/A","N/A","N/A","N/A","N/A","N/A","N/A","N/A","N/A","N/A","N/A","N/A","N/A","N/A","N/A","N/A","N/A","N/A","N/A"
"Indore(block 21), bharuch -2022","Gujarat","Bharuch","https://storage.googleapis.com/download/storage/v1/b/ved_prod__media/o/pdfs%2F17a6e4da-2e7d-4f98-b9ed-97c4e5fe9121.pdf?generation=1688033552866896&alt=media",1,"Narmada",1,"N/A",63905,"N/A","Jhagadia","Narmada","Serial Number,Latitude,Longitude
1,21° 55' 23.3073"" N ,73° 13' 56.8764"" E
2,21° 55' 23.3073"" N ,73° 14' 02.5082"" E
3,21° 55' 17.2323"" N,73° 13' 56.8764"" E
4,21° 55' 17.2323"" N,73° 14' 02.5082"" E
","N/A","N/A","N/A","N/A","N/A","Jhagadia","26-04-2022 18:30:00","Commissioner of Geology and Mining","Mines and Geology Department","Mines and Geology Department","29-06-2023","Indore Ordinary sand and gravel block 21","1","N/A","N/A","N/A","N/A","N/A","N/A","N/A","N/A","N/A","N/A","N/A","N/A","N/A","N/A","N/A","N/A","N/A","N/A","N/A","N/A","N/A","N/A","N/A","N/A","N/A","N/A","N/A","N/A","N/A","N/A","N/A","N/A","N/A","N/A","N/A","N/A","N/A","N/A","N/A","N/A","N/A","N/A","N/A","N/A","N/A","N/A","N/A","N/A","N/A","N/A","N/A","N/A","N/A","N/A","N/A","N/A","N/A","N/A","N/A","N/A","N/A","N/A","N/A","N/A","N/A","N/A","N/A","N/A","N/A","N/A","N/A","N/A","N/A","N/A","N/A","N/A","N/A","N/A","N/A","N/A","N/A","N/A","N/A","N/A","N/A","N/A","N/A","N/A","N/A","N/A","N/A","N/A","N/A","N/A","N/A","N/A","N/A","N/A","N/A","N/A","N/A","N/A","N/A","N/A","N/A","N/A","N/A","N/A","N/A","N/A","N/A","N/A","N/A","N/A","N/A","N/A","N/A","N/A","N/A","N/A","N/A","N/A","N/A","N/A","N/A","N/A","N/A","N/A","N/A","N/A","N/A","N/A","N/A","N/A","N/A","N/A","N/A","N/A","N/A","N/A","N/A","N/A","N/A","N/A","N/A","N/A","N/A","N/A","N/A","N/A","N/A","N/A","N/A","N/A","N/A","N/A","N/A","N/A","N/A","N/A","N/A","N/A","N/A","N/A","N/A","N/A","N/A","N/A","N/A","N/A","N/A","N/A","N/A","N/A","N/A","N/A","N/A","N/A","N/A","N/A","N/A","N/A","N/A","N/A","N/A","N/A","N/A","N/A","N/A","N/A","N/A","N/A","N/A","N/A","N/A","N/A","N/A","N/A","N/A","N/A","N/A","N/A","N/A","N/A","N/A","N/A","N/A","N/A","N/A","N/A","N/A","N/A","N/A","N/A","N/A","N/A","N/A","N/A","N/A","N/A","N/A","N/A","N/A","N/A","N/A","N/A","N/A","N/A","N/A","N/A","N/A","N/A","N/A","N/A","N/A","N/A","N/A","N/A","N/A","N/A","N/A","N/A","N/A","N/A","N/A","N/A"
"Indore(block 22), bharuch 2022","Gujarat","Bharuch","https://storage.googleapis.com/download/storage/v1/b/ved_prod__media/o/pdfs%2F456c33e4-690f-494b-968b-aad4604c4a5e.pdf?generation=1688033790751164&alt=media",1,"Narmada",1,"N/A",65577,"N/A","Jhagadia","Narmada","Serial Number,Latitude,Longitude
1,21° 55' 24.4067"" N,73° 13' 55.4561"" E 
2,21° 55' 24.4067"" N,73° 14' 01.0939"" E
3,21° 55' 18.2377"" N,73° 13' 55.4561"" E 
4,21° 55' 18.2377"" N,73° 14' 01.0939"" E
","N/A","N/A","N/A","N/A","N/A","Jhagadia","26-04-2022 18:30:00","Commissioner of Geology and Mining","Mines and Geology Department","Mines and Geology Department","29-06-2023","Indore Ordinary sand and gravel block 22","1","N/A","N/A","N/A","N/A","N/A","N/A","N/A","N/A","N/A","N/A","N/A","N/A","N/A","N/A","N/A","N/A","N/A","N/A","N/A","N/A","N/A","N/A","N/A","N/A","N/A","N/A","N/A","N/A","N/A","N/A","N/A","N/A","N/A","N/A","N/A","N/A","N/A","N/A","N/A","N/A","N/A","N/A","N/A","N/A","N/A","N/A","N/A","N/A","N/A","N/A","N/A","N/A","N/A","N/A","N/A","N/A","N/A","N/A","N/A","N/A","N/A","N/A","N/A","N/A","N/A","N/A","N/A","N/A","N/A","N/A","N/A","N/A","N/A","N/A","N/A","N/A","N/A","N/A","N/A","N/A","N/A","N/A","N/A","N/A","N/A","N/A","N/A","N/A","N/A","N/A","N/A","N/A","N/A","N/A","N/A","N/A","N/A","N/A","N/A","N/A","N/A","N/A","N/A","N/A","N/A","N/A","N/A","N/A","N/A","N/A","N/A","N/A","N/A","N/A","N/A","N/A","N/A","N/A","N/A","N/A","N/A","N/A","N/A","N/A","N/A","N/A","N/A","N/A","N/A","N/A","N/A","N/A","N/A","N/A","N/A","N/A","N/A","N/A","N/A","N/A","N/A","N/A","N/A","N/A","N/A","N/A","N/A","N/A","N/A","N/A","N/A","N/A","N/A","N/A","N/A","N/A","N/A","N/A","N/A","N/A","N/A","N/A","N/A","N/A","N/A","N/A","N/A","N/A","N/A","N/A","N/A","N/A","N/A","N/A","N/A","N/A","N/A","N/A","N/A","N/A","N/A","N/A","N/A","N/A","N/A","N/A","N/A","N/A","N/A","N/A","N/A","N/A","N/A","N/A","N/A","N/A","N/A","N/A","N/A","N/A","N/A","N/A","N/A","N/A","N/A","N/A","N/A","N/A","N/A","N/A","N/A","N/A","N/A","N/A","N/A","N/A","N/A","N/A","N/A","N/A","N/A","N/A","N/A","N/A","N/A","N/A","N/A","N/A","N/A","N/A","N/A","N/A","N/A","N/A","N/A","N/A","N/A","N/A","N/A","N/A","N/A","N/A","N/A","N/A","N/A","N/A"
"Indore(block 23), bharuch - 2022","Gujarat","Bharuch","https://storage.googleapis.com/download/storage/v1/b/ved_prod__media/o/pdfs%2F903e90a1-755c-4651-81e3-8a5712959b02.pdf?generation=1688034067066432&alt=media",1,"Narmada",1,"N/A",80802,"N/A","Jhagadia","Narmada","Serial Number,Latitude,Longitude
1,21° 55' 28.6002"" N ,73° 13' 59.7507"" E 
2,21° 55' 28.6002"" N ,73° 14' 05.9305"" E
3,21° 55' 23.0371"" N,73° 13' 59.7507"" E 
4,21° 55' 23.0371"" N,73° 14' 05.9305"" E
","N/A","N/A","N/A","N/A","N/A","Jhagadia","26-04-2022 18:30:00","Commissioner of Geology and Mining","Mines and Geology Department","Mines and Geology Department","29-06-2023","Indore Ordinary sand and gravel block 23","1.27","N/A","N/A","N/A","N/A","N/A","N/A","N/A","N/A","N/A","N/A","N/A","N/A","N/A","N/A","N/A","N/A","N/A","N/A","N/A","N/A","N/A","N/A","N/A","N/A","N/A","N/A","N/A","N/A","N/A","N/A","N/A","N/A","N/A","N/A","N/A","N/A","N/A","N/A","N/A","N/A","N/A","N/A","N/A","N/A","N/A","N/A","N/A","N/A","N/A","N/A","N/A","N/A","N/A","N/A","N/A","N/A","N/A","N/A","N/A","N/A","N/A","N/A","N/A","N/A","N/A","N/A","N/A","N/A","N/A","N/A","N/A","N/A","N/A","N/A","N/A","N/A","N/A","N/A","N/A","N/A","N/A","N/A","N/A","N/A","N/A","N/A","N/A","N/A","N/A","N/A","N/A","N/A","N/A","N/A","N/A","N/A","N/A","N/A","N/A","N/A","N/A","N/A","N/A","N/A","N/A","N/A","N/A","N/A","N/A","N/A","N/A","N/A","N/A","N/A","N/A","N/A","N/A","N/A","N/A","N/A","N/A","N/A","N/A","N/A","N/A","N/A","N/A","N/A","N/A","N/A","N/A","N/A","N/A","N/A","N/A","N/A","N/A","N/A","N/A","N/A","N/A","N/A","N/A","N/A","N/A","N/A","N/A","N/A","N/A","N/A","N/A","N/A","N/A","N/A","N/A","N/A","N/A","N/A","N/A","N/A","N/A","N/A","N/A","N/A","N/A","N/A","N/A","N/A","N/A","N/A","N/A","N/A","N/A","N/A","N/A","N/A","N/A","N/A","N/A","N/A","N/A","N/A","N/A","N/A","N/A","N/A","N/A","N/A","N/A","N/A","N/A","N/A","N/A","N/A","N/A","N/A","N/A","N/A","N/A","N/A","N/A","N/A","N/A","N/A","N/A","N/A","N/A","N/A","N/A","N/A","N/A","N/A","N/A","N/A","N/A","N/A","N/A","N/A","N/A","N/A","N/A","N/A","N/A","N/A","N/A","N/A","N/A","N/A","N/A","N/A","N/A","N/A","N/A","N/A","N/A","N/A","N/A","N/A","N/A","N/A","N/A","N/A","N/A","N/A","N/A","N/A"
"Indore(block 24), bharuch -2022","Gujarat","Bharuch","https://storage.googleapis.com/download/storage/v1/b/ved_prod__media/o/pdfs%2F4c9b2898-679d-4ba9-946b-b0bf8e8233f2.pdf?generation=1688034346122881&alt=media",1,"Narmada",1,"N/A",81243,"N/A","Jhagadia","Narmada","Serial Number,Latitude,Longitude
1,21° 55' 32.1804"" N,73° 14' 04.0962"" E 
2,21° 55' 32.1804"" N,73° 14' 10.0326"" E
3,21° 55' 26.7692"" N,73° 14' 04.0962"" E 
4,21° 55' 26.7692"" N,73° 14' 10.0326"" E
-,-,-
","N/A","N/A","N/A","N/A","N/A","Jhagadia","26-04-2022 18:30:00","Commissioner of Geology and Mining","Mines and Geology Department","Mines and Geology Department","29-06-2023","Indore Ordinary sand and gravel block 24","1.27","N/A","N/A","N/A","N/A","N/A","N/A","N/A","N/A","N/A","N/A","N/A","N/A","N/A","N/A","N/A","N/A","N/A","N/A","N/A","N/A","N/A","N/A","N/A","N/A","N/A","N/A","N/A","N/A","N/A","N/A","N/A","N/A","N/A","N/A","N/A","N/A","N/A","N/A","N/A","N/A","N/A","N/A","N/A","N/A","N/A","N/A","N/A","N/A","N/A","N/A","N/A","N/A","N/A","N/A","N/A","N/A","N/A","N/A","N/A","N/A","N/A","N/A","N/A","N/A","N/A","N/A","N/A","N/A","N/A","N/A","N/A","N/A","N/A","N/A","N/A","N/A","N/A","N/A","N/A","N/A","N/A","N/A","N/A","N/A","N/A","N/A","N/A","N/A","N/A","N/A","N/A","N/A","N/A","N/A","N/A","N/A","N/A","N/A","N/A","N/A","N/A","N/A","N/A","N/A","N/A","N/A","N/A","N/A","N/A","N/A","N/A","N/A","N/A","N/A","N/A","N/A","N/A","N/A","N/A","N/A","N/A","N/A","N/A","N/A","N/A","N/A","N/A","N/A","N/A","N/A","N/A","N/A","N/A","N/A","N/A","N/A","N/A","N/A","N/A","N/A","N/A","N/A","N/A","N/A","N/A","N/A","N/A","N/A","N/A","N/A","N/A","N/A","N/A","N/A","N/A","N/A","N/A","N/A","N/A","N/A","N/A","N/A","N/A","N/A","N/A","N/A","N/A","N/A","N/A","N/A","N/A","N/A","N/A","N/A","N/A","N/A","N/A","N/A","N/A","N/A","N/A","N/A","N/A","N/A","N/A","N/A","N/A","N/A","N/A","N/A","N/A","N/A","N/A","N/A","N/A","N/A","N/A","N/A","N/A","N/A","N/A","N/A","N/A","N/A","N/A","N/A","N/A","N/A","N/A","N/A","N/A","N/A","N/A","N/A","N/A","N/A","N/A","N/A","N/A","N/A","N/A","N/A","N/A","N/A","N/A","N/A","N/A","N/A","N/A","N/A","N/A","N/A","N/A","N/A","N/A","N/A","N/A","N/A","N/A","N/A","N/A","N/A","N/A","N/A","N/A","N/A"
"Tarsali(block 1), bharuch -2022","Gujarat","Bharuch","https://storage.googleapis.com/download/storage/v1/b/ved_prod__media/o/pdfs%2F3437de98-712a-426b-81ef-ea390bf35099.pdf?generation=1688034581323561&alt=media",1,"Narmada",1,"N/A",207000,"N/A","Jhagadia","Narmada","Serial Number,Latitude,Longitude
1,21° 50' 34.7664"" N,73° 08' 08.6268"" E
2,21° 50' 34.7664"" N,73° 07' 59.0691"" E
3,21° 50' 30.0881"" N,73° 08' 08.6268"" E
4,21° 50' 30.0881"" N,73° 07' 59.0691"" E
","N/A","N/A","N/A","N/A","N/A","Jhagadia","25-01-2022 18:30:00","Commissioner of Geology and Mining ","Mines and Geology Department","Mines and Geology Department","29-06-2023","Tarsali ordinary sand block 1","2.5","N/A","N/A","N/A","N/A","N/A","N/A","N/A","N/A","N/A","N/A","N/A","N/A","N/A","N/A","N/A","N/A","N/A","N/A","N/A","N/A","N/A","N/A","N/A","N/A","N/A","N/A","N/A","N/A","N/A","N/A","N/A","N/A","N/A","N/A","N/A","N/A","N/A","N/A","N/A","N/A","N/A","N/A","N/A","N/A","N/A","N/A","N/A","N/A","N/A","N/A","N/A","N/A","N/A","N/A","N/A","N/A","N/A","N/A","N/A","N/A","N/A","N/A","N/A","N/A","N/A","N/A","N/A","N/A","N/A","N/A","N/A","N/A","N/A","N/A","N/A","N/A","N/A","N/A","N/A","N/A","N/A","N/A","N/A","N/A","N/A","N/A","N/A","N/A","N/A","N/A","N/A","N/A","N/A","N/A","N/A","N/A","N/A","N/A","N/A","N/A","N/A","N/A","N/A","N/A","N/A","N/A","N/A","N/A","N/A","N/A","N/A","N/A","N/A","N/A","N/A","N/A","N/A","N/A","N/A","N/A","N/A","N/A","N/A","N/A","N/A","N/A","N/A","N/A","N/A","N/A","N/A","N/A","N/A","N/A","N/A","N/A","N/A","N/A","N/A","N/A","N/A","N/A","N/A","N/A","N/A","N/A","N/A","N/A","N/A","N/A","N/A","N/A","N/A","N/A","N/A","N/A","N/A","N/A","N/A","N/A","N/A","N/A","N/A","N/A","N/A","N/A","N/A","N/A","N/A","N/A","N/A","N/A","N/A","N/A","N/A","N/A","N/A","N/A","N/A","N/A","N/A","N/A","N/A","N/A","N/A","N/A","N/A","N/A","N/A","N/A","N/A","N/A","N/A","N/A","N/A","N/A","N/A","N/A","N/A","N/A","N/A","N/A","N/A","N/A","N/A","N/A","N/A","N/A","N/A","N/A","N/A","N/A","N/A","N/A","N/A","N/A","N/A","N/A","N/A","N/A","N/A","N/A","N/A","N/A","N/A","N/A","N/A","N/A","N/A","N/A","N/A","N/A","N/A","N/A","N/A","N/A","N/A","N/A","N/A","N/A","N/A","N/A","N/A","N/A","N/A","N/A"
"Tarsali(block 2), bharuch 2022","Gujarat","Bharuch","https://storage.googleapis.com/download/storage/v1/b/ved_prod__media/o/pdfs%2F07c0cb74-9c71-40b2-ac9b-3af61c42db77.pdf?generation=1688034962468862&alt=media",1,"Narmada",1,"N/A",145425,"N/A","Jhagadia","Narmada","Serial Number,Latitude,Longitude
1,21° 50' 31.7112"" N ,73° 08' 04.6722"" E
2,21° 50' 31.7112"" N ,73° 07' 58.7771"" E
3,21° 50' 27.1851"" N,73° 08' 04.6722"" E
4,21° 50' 27.1851"" N,73° 07' 58.7771"" E
-,-,-
","N/A","N/A","N/A","N/A","N/A","Jhagadia","25-01-2022 18:30:00","Commissioner of Geology and Mining ","Mines and Geology Department","Mines and Geology Department","29-06-2023","Tarsali ordinary sand block 2","1.75","N/A","N/A","N/A","N/A","N/A","N/A","N/A","N/A","N/A","N/A","N/A","N/A","N/A","N/A","N/A","N/A","N/A","N/A","N/A","N/A","N/A","N/A","N/A","N/A","N/A","N/A","N/A","N/A","N/A","N/A","N/A","N/A","N/A","N/A","N/A","N/A","N/A","N/A","N/A","N/A","N/A","N/A","N/A","N/A","N/A","N/A","N/A","N/A","N/A","N/A","N/A","N/A","N/A","N/A","N/A","N/A","N/A","N/A","N/A","N/A","N/A","N/A","N/A","N/A","N/A","N/A","N/A","N/A","N/A","N/A","N/A","N/A","N/A","N/A","N/A","N/A","N/A","N/A","N/A","N/A","N/A","N/A","N/A","N/A","N/A","N/A","N/A","N/A","N/A","N/A","N/A","N/A","N/A","N/A","N/A","N/A","N/A","N/A","N/A","N/A","N/A","N/A","N/A","N/A","N/A","N/A","N/A","N/A","N/A","N/A","N/A","N/A","N/A","N/A","N/A","N/A","N/A","N/A","N/A","N/A","N/A","N/A","N/A","N/A","N/A","N/A","N/A","N/A","N/A","N/A","N/A","N/A","N/A","N/A","N/A","N/A","N/A","N/A","N/A","N/A","N/A","N/A","N/A","N/A","N/A","N/A","N/A","N/A","N/A","N/A","N/A","N/A","N/A","N/A","N/A","N/A","N/A","N/A","N/A","N/A","N/A","N/A","N/A","N/A","N/A","N/A","N/A","N/A","N/A","N/A","N/A","N/A","N/A","N/A","N/A","N/A","N/A","N/A","N/A","N/A","N/A","N/A","N/A","N/A","N/A","N/A","N/A","N/A","N/A","N/A","N/A","N/A","N/A","N/A","N/A","N/A","N/A","N/A","N/A","N/A","N/A","N/A","N/A","N/A","N/A","N/A","N/A","N/A","N/A","N/A","N/A","N/A","N/A","N/A","N/A","N/A","N/A","N/A","N/A","N/A","N/A","N/A","N/A","N/A","N/A","N/A","N/A","N/A","N/A","N/A","N/A","N/A","N/A","N/A","N/A","N/A","N/A","N/A","N/A","N/A","N/A","N/A","N/A","N/A","N/A","N/A"
"Gambhira(block 1), Anand -2022","Gujarat","Anand","https://storage.googleapis.com/download/storage/v1/b/ved_prod__media/o/pdfs%2F442fc975-301f-486b-8603-b1dca6e1210b.pdf?generation=1688365467611506&alt=media",1,"Mahi",1,"N/A",64215,"N/A","Anklav","Mahi","Serial Number,Latitude,Longitude
1,22° 16' 28.7438"" N ,72° 57' 40.4438"" E 
2,22° 16' 28.7438"" N ,72° 57' 34.0835"" E
3,22° 16' 26.1696"" N,72° 57' 40.4438"" E 
4,22° 16' 26.1696"" N,72° 57' 34.0835"" E
","N/A","N/A","N/A","N/A","N/A","Anklav","25-01-2022 18:30:00","Commissioner of Geology and Mining ","Mines and Geology Department","Mines and Geology Department","03-07-2023","Gambhira ordinary sand block 1","0.80.47","N/A","N/A","N/A","N/A","N/A","N/A","N/A","N/A","N/A","N/A","N/A","N/A","N/A","N/A","N/A","N/A","N/A","N/A","N/A","N/A","N/A","N/A","N/A","N/A","N/A","N/A","N/A","N/A","N/A","N/A","N/A","N/A","N/A","N/A","N/A","N/A","N/A","N/A","N/A","N/A","N/A","N/A","N/A","N/A","N/A","N/A","N/A","N/A","N/A","N/A","N/A","N/A","N/A","N/A","N/A","N/A","N/A","N/A","N/A","N/A","N/A","N/A","N/A","N/A","N/A","N/A","N/A","N/A","N/A","N/A","N/A","N/A","N/A","N/A","N/A","N/A","N/A","N/A","N/A","N/A","N/A","N/A","N/A","N/A","N/A","N/A","N/A","N/A","N/A","N/A","N/A","N/A","N/A","N/A","N/A","N/A","N/A","N/A","N/A","N/A","N/A","N/A","N/A","N/A","N/A","N/A","N/A","N/A","N/A","N/A","N/A","N/A","N/A","N/A","N/A","N/A","N/A","N/A","N/A","N/A","N/A","N/A","N/A","N/A","N/A","N/A","N/A","N/A","N/A","N/A","N/A","N/A","N/A","N/A","N/A","N/A","N/A","N/A","N/A","N/A","N/A","N/A","N/A","N/A","N/A","N/A","N/A","N/A","N/A","N/A","N/A","N/A","N/A","N/A","N/A","N/A","N/A","N/A","N/A","N/A","N/A","N/A","N/A","N/A","N/A","N/A","N/A","N/A","N/A","N/A","N/A","N/A","N/A","N/A","N/A","N/A","N/A","N/A","N/A","N/A","N/A","N/A","N/A","N/A","N/A","N/A","N/A","N/A","N/A","N/A","N/A","N/A","N/A","N/A","N/A","N/A","N/A","N/A","N/A","N/A","N/A","N/A","N/A","N/A","N/A","N/A","N/A","N/A","N/A","N/A","N/A","N/A","N/A","N/A","N/A","N/A","N/A","N/A","N/A","N/A","N/A","N/A","N/A","N/A","N/A","N/A","N/A","N/A","N/A","N/A","N/A","N/A","N/A","N/A","N/A","N/A","N/A","N/A","N/A","N/A","N/A","N/A","N/A","N/A","N/A","N/A"
"Kahanvadi(block 1), Anand -2022","Gujarat","Anand","https://storage.googleapis.com/download/storage/v1/b/ved_prod__media/o/pdfs%2F6e5aa395-b363-4a57-8248-357d6cdf42b4.pdf?generation=1688365838519904&alt=media",1,"Mahi",1,"N/A",63010,"N/A","Anklav","Mahi","Serial Number,Latitude,Longitude
1,22° 23' 47.0872"" N ,73° 04' 12.0361"" E 
2,22° 23' 47.0872"" N ,73° 04' 08.2408"" E
3,22° 23' 42.5098"" N,73° 04' 12.0361"" E 
4,22° 23' 42.5098"" N,73° 04' 08.2408"" E
","N/A","N/A","N/A","N/A","N/A","Anklav","28-02-2022 18:30:00","Commissioner of Geology and Mining","Mines and Geology Department","Mines and Geology Department","03-07-2023","Kahanvadi Ordinary sand and gravel block 1","1","N/A","N/A","N/A","N/A","N/A","N/A","N/A","N/A","N/A","N/A","N/A","N/A","N/A","N/A","N/A","N/A","N/A","N/A","N/A","N/A","N/A","N/A","N/A","N/A","N/A","N/A","N/A","N/A","N/A","N/A","N/A","N/A","N/A","N/A","N/A","N/A","N/A","N/A","N/A","N/A","N/A","N/A","N/A","N/A","N/A","N/A","N/A","N/A","N/A","N/A","N/A","N/A","N/A","N/A","N/A","N/A","N/A","N/A","N/A","N/A","N/A","N/A","N/A","N/A","N/A","N/A","N/A","N/A","N/A","N/A","N/A","N/A","N/A","N/A","N/A","N/A","N/A","N/A","N/A","N/A","N/A","N/A","N/A","N/A","N/A","N/A","N/A","N/A","N/A","N/A","N/A","N/A","N/A","N/A","N/A","N/A","N/A","N/A","N/A","N/A","N/A","N/A","N/A","N/A","N/A","N/A","N/A","N/A","N/A","N/A","N/A","N/A","N/A","N/A","N/A","N/A","N/A","N/A","N/A","N/A","N/A","N/A","N/A","N/A","N/A","N/A","N/A","N/A","N/A","N/A","N/A","N/A","N/A","N/A","N/A","N/A","N/A","N/A","N/A","N/A","N/A","N/A","N/A","N/A","N/A","N/A","N/A","N/A","N/A","N/A","N/A","N/A","N/A","N/A","N/A","N/A","N/A","N/A","N/A","N/A","N/A","N/A","N/A","N/A","N/A","N/A","N/A","N/A","N/A","N/A","N/A","N/A","N/A","N/A","N/A","N/A","N/A","N/A","N/A","N/A","N/A","N/A","N/A","N/A","N/A","N/A","N/A","N/A","N/A","N/A","N/A","N/A","N/A","N/A","N/A","N/A","N/A","N/A","N/A","N/A","N/A","N/A","N/A","N/A","N/A","N/A","N/A","N/A","N/A","N/A","N/A","N/A","N/A","N/A","N/A","N/A","N/A","N/A","N/A","N/A","N/A","N/A","N/A","N/A","N/A","N/A","N/A","N/A","N/A","N/A","N/A","N/A","N/A","N/A","N/A","N/A","N/A","N/A","N/A","N/A","N/A","N/A","N/A","N/A","N/A","N/A"
"Kahanvadi(block 2), Anand -2022","Gujarat","Anand","https://storage.googleapis.com/download/storage/v1/b/ved_prod__media/o/pdfs%2F944eaf14-81d1-44ec-a2ce-ea2611d70b25.pdf?generation=1688366185234039&alt=media",1,"Mahi",1,"N/A",53186,"N/A","Anklav","Mahi","Serial Number,Latitude,Longitude
1,22° 23' 43.1463"" N,73° 04' 10.8487"" E
2,22° 23' 43.1463"" N,73° 04' 07.2553"" E
3,22° 23' 38.0018"" N,73° 04' 10.8487"" E
4,22° 23' 38.0018"" N,73° 04' 07.2553"" E
","N/A","N/A","N/A","N/A","N/A","Anklav","28-02-2022 18:30:00","Commissioner of Geology and Mining ","Mines and Geology Department","Mines and Geology Department","03-07-2023","Kahanvadi Ordinary sand and gravel block 2","1","N/A","N/A","N/A","N/A","N/A","N/A","N/A","N/A","N/A","N/A","N/A","N/A","N/A","N/A","N/A","N/A","N/A","N/A","N/A","N/A","N/A","N/A","N/A","N/A","N/A","N/A","N/A","N/A","N/A","N/A","N/A","N/A","N/A","N/A","N/A","N/A","N/A","N/A","N/A","N/A","N/A","N/A","N/A","N/A","N/A","N/A","N/A","N/A","N/A","N/A","N/A","N/A","N/A","N/A","N/A","N/A","N/A","N/A","N/A","N/A","N/A","N/A","N/A","N/A","N/A","N/A","N/A","N/A","N/A","N/A","N/A","N/A","N/A","N/A","N/A","N/A","N/A","N/A","N/A","N/A","N/A","N/A","N/A","N/A","N/A","N/A","N/A","N/A","N/A","N/A","N/A","N/A","N/A","N/A","N/A","N/A","N/A","N/A","N/A","N/A","N/A","N/A","N/A","N/A","N/A","N/A","N/A","N/A","N/A","N/A","N/A","N/A","N/A","N/A","N/A","N/A","N/A","N/A","N/A","N/A","N/A","N/A","N/A","N/A","N/A","N/A","N/A","N/A","N/A","N/A","N/A","N/A","N/A","N/A","N/A","N/A","N/A","N/A","N/A","N/A","N/A","N/A","N/A","N/A","N/A","N/A","N/A","N/A","N/A","N/A","N/A","N/A","N/A","N/A","N/A","N/A","N/A","N/A","N/A","N/A","N/A","N/A","N/A","N/A","N/A","N/A","N/A","N/A","N/A","N/A","N/A","N/A","N/A","N/A","N/A","N/A","N/A","N/A","N/A","N/A","N/A","N/A","N/A","N/A","N/A","N/A","N/A","N/A","N/A","N/A","N/A","N/A","N/A","N/A","N/A","N/A","N/A","N/A","N/A","N/A","N/A","N/A","N/A","N/A","N/A","N/A","N/A","N/A","N/A","N/A","N/A","N/A","N/A","N/A","N/A","N/A","N/A","N/A","N/A","N/A","N/A","N/A","N/A","N/A","N/A","N/A","N/A","N/A","N/A","N/A","N/A","N/A","N/A","N/A","N/A","N/A","N/A","N/A","N/A","N/A","N/A","N/A","N/A","N/A","N/A","N/A"
"Kahanvadi(block 3), Anand -2022","Gujarat","Anand","https://storage.googleapis.com/download/storage/v1/b/ved_prod__media/o/pdfs%2Fdb2550ab-c36a-4c2a-9f2a-8009fc266497.pdf?generation=1688381831353619&alt=media",1,"Mahi",1,"N/A",64293,"N/A","Anklav","Mahi","Serial Number,Latitude,Longitude
1,22° 23' 38.6210"" N,73° 04' 09.4052"" E
2,22° 23' 38.6210"" N,73° 04' 05.6142"" E
3,22° 23' 33.0546"" N,73° 04' 09.4052"" E
4,22° 23' 33.0546"" N,73° 04' 05.6142"" E
","N/A","N/A","N/A","N/A","N/A","Anklav","28-02-2022 18:30:00","Commissioner of Geology and Mining","Mines and Geology Department","Mines and Geology Department","03-07-2023","Kahanvadi Ordinary sand and gravel block 3","1","N/A","N/A","N/A","N/A","N/A","N/A","N/A","N/A","N/A","N/A","N/A","N/A","N/A","N/A","N/A","N/A","N/A","N/A","N/A","N/A","N/A","N/A","N/A","N/A","N/A","N/A","N/A","N/A","N/A","N/A","N/A","N/A","N/A","N/A","N/A","N/A","N/A","N/A","N/A","N/A","N/A","N/A","N/A","N/A","N/A","N/A","N/A","N/A","N/A","N/A","N/A","N/A","N/A","N/A","N/A","N/A","N/A","N/A","N/A","N/A","N/A","N/A","N/A","N/A","N/A","N/A","N/A","N/A","N/A","N/A","N/A","N/A","N/A","N/A","N/A","N/A","N/A","N/A","N/A","N/A","N/A","N/A","N/A","N/A","N/A","N/A","N/A","N/A","N/A","N/A","N/A","N/A","N/A","N/A","N/A","N/A","N/A","N/A","N/A","N/A","N/A","N/A","N/A","N/A","N/A","N/A","N/A","N/A","N/A","N/A","N/A","N/A","N/A","N/A","N/A","N/A","N/A","N/A","N/A","N/A","N/A","N/A","N/A","N/A","N/A","N/A","N/A","N/A","N/A","N/A","N/A","N/A","N/A","N/A","N/A","N/A","N/A","N/A","N/A","N/A","N/A","N/A","N/A","N/A","N/A","N/A","N/A","N/A","N/A","N/A","N/A","N/A","N/A","N/A","N/A","N/A","N/A","N/A","N/A","N/A","N/A","N/A","N/A","N/A","N/A","N/A","N/A","N/A","N/A","N/A","N/A","N/A","N/A","N/A","N/A","N/A","N/A","N/A","N/A","N/A","N/A","N/A","N/A","N/A","N/A","N/A","N/A","N/A","N/A","N/A","N/A","N/A","N/A","N/A","N/A","N/A","N/A","N/A","N/A","N/A","N/A","N/A","N/A","N/A","N/A","N/A","N/A","N/A","N/A","N/A","N/A","N/A","N/A","N/A","N/A","N/A","N/A","N/A","N/A","N/A","N/A","N/A","N/A","N/A","N/A","N/A","N/A","N/A","N/A","N/A","N/A","N/A","N/A","N/A","N/A","N/A","N/A","N/A","N/A","N/A","N/A","N/A","N/A","N/A","N/A","N/A"
"Kahanvadi(block 4), Anand -2022","Gujarat","Anand","https://storage.googleapis.com/download/storage/v1/b/ved_prod__media/o/pdfs%2Ff587e5a3-a835-4d34-871d-cde602b559c5.pdf?generation=1688382169505026&alt=media",1,"Mahi",1,"N/A",60698,"N/A","Anklav","Mahi","Serial Number,Latitude,Longitude
1,22° 23' 33.7533"" N ,73° 04' 07.5411"" E
2,22° 23' 33.7533"" N ,73° 04' 03.5437"" E
3,22° 23' 27.3375"" N,73° 04' 07.5411"" E
4,22° 23' 27.3375"" N,73° 04' 03.5437"" E
","N/A","N/A","N/A","N/A","N/A","Anklav","28-02-2022 18:30:00","Commissioner of Geology and Mining ","Mines and Geology Department","Mines and Geology Department","03-07-2023","Kahanvadi Ordinary sand and gravel block 4","1","N/A","N/A","N/A","N/A","N/A","N/A","N/A","N/A","N/A","N/A","N/A","N/A","N/A","N/A","N/A","N/A","N/A","N/A","N/A","N/A","N/A","N/A","N/A","N/A","N/A","N/A","N/A","N/A","N/A","N/A","N/A","N/A","N/A","N/A","N/A","N/A","N/A","N/A","N/A","N/A","N/A","N/A","N/A","N/A","N/A","N/A","N/A","N/A","N/A","N/A","N/A","N/A","N/A","N/A","N/A","N/A","N/A","N/A","N/A","N/A","N/A","N/A","N/A","N/A","N/A","N/A","N/A","N/A","N/A","N/A","N/A","N/A","N/A","N/A","N/A","N/A","N/A","N/A","N/A","N/A","N/A","N/A","N/A","N/A","N/A","N/A","N/A","N/A","N/A","N/A","N/A","N/A","N/A","N/A","N/A","N/A","N/A","N/A","N/A","N/A","N/A","N/A","N/A","N/A","N/A","N/A","N/A","N/A","N/A","N/A","N/A","N/A","N/A","N/A","N/A","N/A","N/A","N/A","N/A","N/A","N/A","N/A","N/A","N/A","N/A","N/A","N/A","N/A","N/A","N/A","N/A","N/A","N/A","N/A","N/A","N/A","N/A","N/A","N/A","N/A","N/A","N/A","N/A","N/A","N/A","N/A","N/A","N/A","N/A","N/A","N/A","N/A","N/A","N/A","N/A","N/A","N/A","N/A","N/A","N/A","N/A","N/A","N/A","N/A","N/A","N/A","N/A","N/A","N/A","N/A","N/A","N/A","N/A","N/A","N/A","N/A","N/A","N/A","N/A","N/A","N/A","N/A","N/A","N/A","N/A","N/A","N/A","N/A","N/A","N/A","N/A","N/A","N/A","N/A","N/A","N/A","N/A","N/A","N/A","N/A","N/A","N/A","N/A","N/A","N/A","N/A","N/A","N/A","N/A","N/A","N/A","N/A","N/A","N/A","N/A","N/A","N/A","N/A","N/A","N/A","N/A","N/A","N/A","N/A","N/A","N/A","N/A","N/A","N/A","N/A","N/A","N/A","N/A","N/A","N/A","N/A","N/A","N/A","N/A","N/A","N/A","N/A","N/A","N/A","N/A","N/A"
"Kahanvadi (block 5), Anand- 2022","Gujarat","Anand","https://storage.googleapis.com/download/storage/v1/b/ved_prod__media/o/pdfs%2F93624f45-4fff-44b8-aa4d-faede84d9def.pdf?generation=1688382487854004&alt=media",1,"Mahi",1,"N/A",64808,"N/A","Anklav","Mahi","Serial Number,Latitude,Longitude
1,22° 23' 28.0648"" N,73° 04' 05.1913"" E
2,22° 23' 28.0648"" N,73° 04' 00.8941"" E
3,22° 23' 22.1389"" N,73° 04' 05.1913"" E
4,22° 23' 22.1389"" N,73° 04' 00.8941"" E
","N/A","N/A","N/A","N/A","N/A","Anklav","28-02-2022 18:30:00","Commissioner of Geology and Mining ","Mines and Geology Department","Mines and Geology Department","03-07-2023","Kahanvadi Ordinary sand and gravel block 5","1","N/A","N/A","N/A","N/A","N/A","N/A","N/A","N/A","N/A","N/A","N/A","N/A","N/A","N/A","N/A","N/A","N/A","N/A","N/A","N/A","N/A","N/A","N/A","N/A","N/A","N/A","N/A","N/A","N/A","N/A","N/A","N/A","N/A","N/A","N/A","N/A","N/A","N/A","N/A","N/A","N/A","N/A","N/A","N/A","N/A","N/A","N/A","N/A","N/A","N/A","N/A","N/A","N/A","N/A","N/A","N/A","N/A","N/A","N/A","N/A","N/A","N/A","N/A","N/A","N/A","N/A","N/A","N/A","N/A","N/A","N/A","N/A","N/A","N/A","N/A","N/A","N/A","N/A","N/A","N/A","N/A","N/A","N/A","N/A","N/A","N/A","N/A","N/A","N/A","N/A","N/A","N/A","N/A","N/A","N/A","N/A","N/A","N/A","N/A","N/A","N/A","N/A","N/A","N/A","N/A","N/A","N/A","N/A","N/A","N/A","N/A","N/A","N/A","N/A","N/A","N/A","N/A","N/A","N/A","N/A","N/A","N/A","N/A","N/A","N/A","N/A","N/A","N/A","N/A","N/A","N/A","N/A","N/A","N/A","N/A","N/A","N/A","N/A","N/A","N/A","N/A","N/A","N/A","N/A","N/A","N/A","N/A","N/A","N/A","N/A","N/A","N/A","N/A","N/A","N/A","N/A","N/A","N/A","N/A","N/A","N/A","N/A","N/A","N/A","N/A","N/A","N/A","N/A","N/A","N/A","N/A","N/A","N/A","N/A","N/A","N/A","N/A","N/A","N/A","N/A","N/A","N/A","N/A","N/A","N/A","N/A","N/A","N/A","N/A","N/A","N/A","N/A","N/A","N/A","N/A","N/A","N/A","N/A","N/A","N/A","N/A","N/A","N/A","N/A","N/A","N/A","N/A","N/A","N/A","N/A","N/A","N/A","N/A","N/A","N/A","N/A","N/A","N/A","N/A","N/A","N/A","N/A","N/A","N/A","N/A","N/A","N/A","N/A","N/A","N/A","N/A","N/A","N/A","N/A","N/A","N/A","N/A","N/A","N/A","N/A","N/A","N/A","N/A","N/A","N/A","N/A"
"Kahanvadi (block 6), Anand -2022","Gujarat","Anand","https://storage.googleapis.com/download/storage/v1/b/ved_prod__media/o/pdfs%2F850e5b4e-af9a-4b27-a906-2509dc1fb327.pdf?generation=1688382832909767&alt=media",1,"Mahi",1,"N/A",68959,"N/A","Anklav","Mahi","Serial Number,Latitude,Longitude
1,22° 23' 23.1683"" N ,73° 04' 03.0547"" E 
2,22° 23' 23.1683"" N ,73° 03' 58.4883"" E
3,22° 23' 17.9872"" N,73° 04' 03.0547"" E 
4,22° 23' 17.9872"" N,73° 03' 58.4883"" E
","N/A","N/A","N/A","N/A","N/A","Anklav","28-02-2022 18:30:00","Commissioner of Geology and Mining ","Mines and Geology Department","Mines and Geology Department","03-07-2023","Kahanvadi Ordinary sand and gravel block 6","1","N/A","N/A","N/A","N/A","N/A","N/A","N/A","N/A","N/A","N/A","N/A","N/A","N/A","N/A","N/A","N/A","N/A","N/A","N/A","N/A","N/A","N/A","N/A","N/A","N/A","N/A","N/A","N/A","N/A","N/A","N/A","N/A","N/A","N/A","N/A","N/A","N/A","N/A","N/A","N/A","N/A","N/A","N/A","N/A","N/A","N/A","N/A","N/A","N/A","N/A","N/A","N/A","N/A","N/A","N/A","N/A","N/A","N/A","N/A","N/A","N/A","N/A","N/A","N/A","N/A","N/A","N/A","N/A","N/A","N/A","N/A","N/A","N/A","N/A","N/A","N/A","N/A","N/A","N/A","N/A","N/A","N/A","N/A","N/A","N/A","N/A","N/A","N/A","N/A","N/A","N/A","N/A","N/A","N/A","N/A","N/A","N/A","N/A","N/A","N/A","N/A","N/A","N/A","N/A","N/A","N/A","N/A","N/A","N/A","N/A","N/A","N/A","N/A","N/A","N/A","N/A","N/A","N/A","N/A","N/A","N/A","N/A","N/A","N/A","N/A","N/A","N/A","N/A","N/A","N/A","N/A","N/A","N/A","N/A","N/A","N/A","N/A","N/A","N/A","N/A","N/A","N/A","N/A","N/A","N/A","N/A","N/A","N/A","N/A","N/A","N/A","N/A","N/A","N/A","N/A","N/A","N/A","N/A","N/A","N/A","N/A","N/A","N/A","N/A","N/A","N/A","N/A","N/A","N/A","N/A","N/A","N/A","N/A","N/A","N/A","N/A","N/A","N/A","N/A","N/A","N/A","N/A","N/A","N/A","N/A","N/A","N/A","N/A","N/A","N/A","N/A","N/A","N/A","N/A","N/A","N/A","N/A","N/A","N/A","N/A","N/A","N/A","N/A","N/A","N/A","N/A","N/A","N/A","N/A","N/A","N/A","N/A","N/A","N/A","N/A","N/A","N/A","N/A","N/A","N/A","N/A","N/A","N/A","N/A","N/A","N/A","N/A","N/A","N/A","N/A","N/A","N/A","N/A","N/A","N/A","N/A","N/A","N/A","N/A","N/A","N/A","N/A","N/A","N/A","N/A","N/A"
"Kahanvadi (block 7), Anand- 2022","Gujarat","Anand","https://storage.googleapis.com/download/storage/v1/b/ved_prod__media/o/pdfs%2F58ec58e6-3e35-408a-9681-d9ac7fd7dcc0.pdf?generation=1688383123823970&alt=media",1,"Mahi",1,"N/A",64280,"N/A","Anklav","Mahi","Serial Number,Latitude,Longitude
1,22° 23' 19.1468"" N ,73° 04' 00.2271"" E 
2,22° 23' 19.1468"" N ,73° 03' 54.9258"" E
3,22° 23' 13.1131"" N,73° 04' 00.2271"" E 
4,22° 23' 13.1131"" N,73° 03' 54.9258"" E
","N/A","N/A","N/A","N/A","N/A","Anklav","28-02-2022 18:30:00","Commissioner of Geology and Mining ","Mines and Geology Department","Mines and Geology Department","03-07-2023","Kahanvadi Ordinary sand and gravel block 7","1","N/A","N/A","N/A","N/A","N/A","N/A","N/A","N/A","N/A","N/A","N/A","N/A","N/A","N/A","N/A","N/A","N/A","N/A","N/A","N/A","N/A","N/A","N/A","N/A","N/A","N/A","N/A","N/A","N/A","N/A","N/A","N/A","N/A","N/A","N/A","N/A","N/A","N/A","N/A","N/A","N/A","N/A","N/A","N/A","N/A","N/A","N/A","N/A","N/A","N/A","N/A","N/A","N/A","N/A","N/A","N/A","N/A","N/A","N/A","N/A","N/A","N/A","N/A","N/A","N/A","N/A","N/A","N/A","N/A","N/A","N/A","N/A","N/A","N/A","N/A","N/A","N/A","N/A","N/A","N/A","N/A","N/A","N/A","N/A","N/A","N/A","N/A","N/A","N/A","N/A","N/A","N/A","N/A","N/A","N/A","N/A","N/A","N/A","N/A","N/A","N/A","N/A","N/A","N/A","N/A","N/A","N/A","N/A","N/A","N/A","N/A","N/A","N/A","N/A","N/A","N/A","N/A","N/A","N/A","N/A","N/A","N/A","N/A","N/A","N/A","N/A","N/A","N/A","N/A","N/A","N/A","N/A","N/A","N/A","N/A","N/A","N/A","N/A","N/A","N/A","N/A","N/A","N/A","N/A","N/A","N/A","N/A","N/A","N/A","N/A","N/A","N/A","N/A","N/A","N/A","N/A","N/A","N/A","N/A","N/A","N/A","N/A","N/A","N/A","N/A","N/A","N/A","N/A","N/A","N/A","N/A","N/A","N/A","N/A","N/A","N/A","N/A","N/A","N/A","N/A","N/A","N/A","N/A","N/A","N/A","N/A","N/A","N/A","N/A","N/A","N/A","N/A","N/A","N/A","N/A","N/A","N/A","N/A","N/A","N/A","N/A","N/A","N/A","N/A","N/A","N/A","N/A","N/A","N/A","N/A","N/A","N/A","N/A","N/A","N/A","N/A","N/A","N/A","N/A","N/A","N/A","N/A","N/A","N/A","N/A","N/A","N/A","N/A","N/A","N/A","N/A","N/A","N/A","N/A","N/A","N/A","N/A","N/A","N/A","N/A","N/A","N/A","N/A","N/A","N/A","N/A"
"Kahanvadi (block 8), Anand-2022","Gujarat","Anand","https://storage.googleapis.com/download/storage/v1/b/ved_prod__media/o/pdfs%2F18bbc195-7330-4a54-b088-640368973bbc.pdf?generation=1688383376715312&alt=media",1,"Mahi",1,"N/A",59156,"N/A","Anklav","Mahi","Serial Number,Latitude,Longitude
1,22° 23' 14.1122"" N ,73° 03' 56.2988"" E 
2,22° 23' 14.1122"" N ,73° 03' 50.2056"" E
3,22° 23' 07.0598"" N,73° 03' 56.2988"" E 
4,22° 23' 07.0598"" N,73° 03' 50.2056"" E
","N/A","N/A","N/A","N/A","N/A","Anklav","28-02-2022 18:30:00","Commissioner of Geology and Mining ","Mines and Geology Department","Mines and Geology Department","03-07-2023","Kahanvadi Ordinary sand and gravel block 8","1","N/A","N/A","N/A","N/A","N/A","N/A","N/A","N/A","N/A","N/A","N/A","N/A","N/A","N/A","N/A","N/A","N/A","N/A","N/A","N/A","N/A","N/A","N/A","N/A","N/A","N/A","N/A","N/A","N/A","N/A","N/A","N/A","N/A","N/A","N/A","N/A","N/A","N/A","N/A","N/A","N/A","N/A","N/A","N/A","N/A","N/A","N/A","N/A","N/A","N/A","N/A","N/A","N/A","N/A","N/A","N/A","N/A","N/A","N/A","N/A","N/A","N/A","N/A","N/A","N/A","N/A","N/A","N/A","N/A","N/A","N/A","N/A","N/A","N/A","N/A","N/A","N/A","N/A","N/A","N/A","N/A","N/A","N/A","N/A","N/A","N/A","N/A","N/A","N/A","N/A","N/A","N/A","N/A","N/A","N/A","N/A","N/A","N/A","N/A","N/A","N/A","N/A","N/A","N/A","N/A","N/A","N/A","N/A","N/A","N/A","N/A","N/A","N/A","N/A","N/A","N/A","N/A","N/A","N/A","N/A","N/A","N/A","N/A","N/A","N/A","N/A","N/A","N/A","N/A","N/A","N/A","N/A","N/A","N/A","N/A","N/A","N/A","N/A","N/A","N/A","N/A","N/A","N/A","N/A","N/A","N/A","N/A","N/A","N/A","N/A","N/A","N/A","N/A","N/A","N/A","N/A","N/A","N/A","N/A","N/A","N/A","N/A","N/A","N/A","N/A","N/A","N/A","N/A","N/A","N/A","N/A","N/A","N/A","N/A","N/A","N/A","N/A","N/A","N/A","N/A","N/A","N/A","N/A","N/A","N/A","N/A","N/A","N/A","N/A","N/A","N/A","N/A","N/A","N/A","N/A","N/A","N/A","N/A","N/A","N/A","N/A","N/A","N/A","N/A","N/A","N/A","N/A","N/A","N/A","N/A","N/A","N/A","N/A","N/A","N/A","N/A","N/A","N/A","N/A","N/A","N/A","N/A","N/A","N/A","N/A","N/A","N/A","N/A","N/A","N/A","N/A","N/A","N/A","N/A","N/A","N/A","N/A","N/A","N/A","N/A","N/A","N/A","N/A","N/A","N/A","N/A"
"Kahanvadi (block 9), Anand- 2022","Gujarat","Anand","https://storage.googleapis.com/download/storage/v1/b/ved_prod__media/o/pdfs%2Fade8b5a0-567b-468d-8c5a-fe996138c8bf.pdf?generation=1688383631818861&alt=media",1,"Mahi",1,"N/A",98992,"N/A","Anklav","Mahi","Serial Number,Latitude,Longitude
1,22° 23' 07.6837"" N ,73° 03' 50.9990"" E
2,22° 23' 07.6837"" N ,73° 03' 44.1407"" E
3,22° 23' 00.1613"" N,73° 03' 50.9990"" E
4,22° 23' 00.1613"" N,73° 03' 44.1407"" E
","N/A","N/A","N/A","N/A","N/A","Anklav","28-02-2022 18:30:00","Commissioner of Geology and Mining ","Mines and Geology Department","Mines and Geology Department","03-07-2023","Kahanvadi Ordinary sand and gravel block 9","1.5","N/A","N/A","N/A","N/A","N/A","N/A","N/A","N/A","N/A","N/A","N/A","N/A","N/A","N/A","N/A","N/A","N/A","N/A","N/A","N/A","N/A","N/A","N/A","N/A","N/A","N/A","N/A","N/A","N/A","N/A","N/A","N/A","N/A","N/A","N/A","N/A","N/A","N/A","N/A","N/A","N/A","N/A","N/A","N/A","N/A","N/A","N/A","N/A","N/A","N/A","N/A","N/A","N/A","N/A","N/A","N/A","N/A","N/A","N/A","N/A","N/A","N/A","N/A","N/A","N/A","N/A","N/A","N/A","N/A","N/A","N/A","N/A","N/A","N/A","N/A","N/A","N/A","N/A","N/A","N/A","N/A","N/A","N/A","N/A","N/A","N/A","N/A","N/A","N/A","N/A","N/A","N/A","N/A","N/A","N/A","N/A","N/A","N/A","N/A","N/A","N/A","N/A","N/A","N/A","N/A","N/A","N/A","N/A","N/A","N/A","N/A","N/A","N/A","N/A","N/A","N/A","N/A","N/A","N/A","N/A","N/A","N/A","N/A","N/A","N/A","N/A","N/A","N/A","N/A","N/A","N/A","N/A","N/A","N/A","N/A","N/A","N/A","N/A","N/A","N/A","N/A","N/A","N/A","N/A","N/A","N/A","N/A","N/A","N/A","N/A","N/A","N/A","N/A","N/A","N/A","N/A","N/A","N/A","N/A","N/A","N/A","N/A","N/A","N/A","N/A","N/A","N/A","N/A","N/A","N/A","N/A","N/A","N/A","N/A","N/A","N/A","N/A","N/A","N/A","N/A","N/A","N/A","N/A","N/A","N/A","N/A","N/A","N/A","N/A","N/A","N/A","N/A","N/A","N/A","N/A","N/A","N/A","N/A","N/A","N/A","N/A","N/A","N/A","N/A","N/A","N/A","N/A","N/A","N/A","N/A","N/A","N/A","N/A","N/A","N/A","N/A","N/A","N/A","N/A","N/A","N/A","N/A","N/A","N/A","N/A","N/A","N/A","N/A","N/A","N/A","N/A","N/A","N/A","N/A","N/A","N/A","N/A","N/A","N/A","N/A","N/A","N/A","N/A","N/A","N/A","N/A"
"Kahanvadi (block 10), Anand-2022","Gujarat","Anand","https://storage.googleapis.com/download/storage/v1/b/ved_prod__media/o/pdfs%2F2171da4c-40ff-4f2e-a797-29d66c6d2b8f.pdf?generation=1688465734899732&alt=media",1,"Mahi",1,"N/A",56666,"N/A","Anklav","Mahi","Serial Number,Latitude,Longitude
1,22° 23' 01.9301"" N ,73° 03' 46.0237"" E 
2,22° 23' 01.9301"" N ,73° 03' 41.1758"" E
3,22° 22' 56.9827"" N,73° 03' 46.0237"" E 
4,22° 22' 56.9827"" N,73° 03' 41.1758"" E
","N/A","N/A","N/A","N/A","N/A","Anklav","28-02-2022 18:30:00","Commissioner of Geology and Mining","Mines and Geology Department","Mines and Geology Department","04-07-2023","Kahanvadi Ordinary sand and gravel block 10","1","N/A","N/A","N/A","N/A","N/A","N/A","N/A","N/A","N/A","N/A","N/A","N/A","N/A","N/A","N/A","N/A","N/A","N/A","N/A","N/A","N/A","N/A","N/A","N/A","N/A","N/A","N/A","N/A","N/A","N/A","N/A","N/A","N/A","N/A","N/A","N/A","N/A","N/A","N/A","N/A","N/A","N/A","N/A","N/A","N/A","N/A","N/A","N/A","N/A","N/A","N/A","N/A","N/A","N/A","N/A","N/A","N/A","N/A","N/A","N/A","N/A","N/A","N/A","N/A","N/A","N/A","N/A","N/A","N/A","N/A","N/A","N/A","N/A","N/A","N/A","N/A","N/A","N/A","N/A","N/A","N/A","N/A","N/A","N/A","N/A","N/A","N/A","N/A","N/A","N/A","N/A","N/A","N/A","N/A","N/A","N/A","N/A","N/A","N/A","N/A","N/A","N/A","N/A","N/A","N/A","N/A","N/A","N/A","N/A","N/A","N/A","N/A","N/A","N/A","N/A","N/A","N/A","N/A","N/A","N/A","N/A","N/A","N/A","N/A","N/A","N/A","N/A","N/A","N/A","N/A","N/A","N/A","N/A","N/A","N/A","N/A","N/A","N/A","N/A","N/A","N/A","N/A","N/A","N/A","N/A","N/A","N/A","N/A","N/A","N/A","N/A","N/A","N/A","N/A","N/A","N/A","N/A","N/A","N/A","N/A","N/A","N/A","N/A","N/A","N/A","N/A","N/A","N/A","N/A","N/A","N/A","N/A","N/A","N/A","N/A","N/A","N/A","N/A","N/A","N/A","N/A","N/A","N/A","N/A","N/A","N/A","N/A","N/A","N/A","N/A","N/A","N/A","N/A","N/A","N/A","N/A","N/A","N/A","N/A","N/A","N/A","N/A","N/A","N/A","N/A","N/A","N/A","N/A","N/A","N/A","N/A","N/A","N/A","N/A","N/A","N/A","N/A","N/A","N/A","N/A","N/A","N/A","N/A","N/A","N/A","N/A","N/A","N/A","N/A","N/A","N/A","N/A","N/A","N/A","N/A","N/A","N/A","N/A","N/A","N/A","N/A","N/A","N/A","N/A","N/A","N/A"
"Mota Kalodara(block 5), Anand-2022","Gujarat","Anand","https://storage.googleapis.com/download/storage/v1/b/ved_prod__media/o/pdfs%2F315ac14b-b819-4ba1-8e46-3492c17194e6.pdf?generation=1688465991018296&alt=media",1,"Sabarmati",1,"N/A",94050,"N/A","Tarapur","Sabarmati","Serial Number,Latitude,Longitude
1,22° 35' 55.8094"" N,72° 29' 16.7176"" E 
2,22° 35' 55.8094"" N ,72° 29' 11.8889"" E
3,22° 35' 47.9402"" N,72° 29' 16.7176"" E 
4,22° 35' 47.9402"" N,72° 29' 11.8889"" E
","N/A","N/A","N/A","N/A","N/A","Tarapur","27-09-2022 18:30:00","Commissioner of Geology and Mining","Mines and Geology Department","Mines and Geology Department","04-07-2023","Mota Kalodara ordinary sand block 5","1","N/A","N/A","N/A","N/A","N/A","N/A","N/A","N/A","N/A","N/A","N/A","N/A","N/A","N/A","N/A","N/A","N/A","N/A","N/A","N/A","N/A","N/A","N/A","N/A","N/A","N/A","N/A","N/A","N/A","N/A","N/A","N/A","N/A","N/A","N/A","N/A","N/A","N/A","N/A","N/A","N/A","N/A","N/A","N/A","N/A","N/A","N/A","N/A","N/A","N/A","N/A","N/A","N/A","N/A","N/A","N/A","N/A","N/A","N/A","N/A","N/A","N/A","N/A","N/A","N/A","N/A","N/A","N/A","N/A","N/A","N/A","N/A","N/A","N/A","N/A","N/A","N/A","N/A","N/A","N/A","N/A","N/A","N/A","N/A","N/A","N/A","N/A","N/A","N/A","N/A","N/A","N/A","N/A","N/A","N/A","N/A","N/A","N/A","N/A","N/A","N/A","N/A","N/A","N/A","N/A","N/A","N/A","N/A","N/A","N/A","N/A","N/A","N/A","N/A","N/A","N/A","N/A","N/A","N/A","N/A","N/A","N/A","N/A","N/A","N/A","N/A","N/A","N/A","N/A","N/A","N/A","N/A","N/A","N/A","N/A","N/A","N/A","N/A","N/A","N/A","N/A","N/A","N/A","N/A","N/A","N/A","N/A","N/A","N/A","N/A","N/A","N/A","N/A","N/A","N/A","N/A","N/A","N/A","N/A","N/A","N/A","N/A","N/A","N/A","N/A","N/A","N/A","N/A","N/A","N/A","N/A","N/A","N/A","N/A","N/A","N/A","N/A","N/A","N/A","N/A","N/A","N/A","N/A","N/A","N/A","N/A","N/A","N/A","N/A","N/A","N/A","N/A","N/A","N/A","N/A","N/A","N/A","N/A","N/A","N/A","N/A","N/A","N/A","N/A","N/A","N/A","N/A","N/A","N/A","N/A","N/A","N/A","N/A","N/A","N/A","N/A","N/A","N/A","N/A","N/A","N/A","N/A","N/A","N/A","N/A","N/A","N/A","N/A","N/A","N/A","N/A","N/A","N/A","N/A","N/A","N/A","N/A","N/A","N/A","N/A","N/A","N/A","N/A","N/A","N/A","N/A"
"Mota Kalodara (block 6), Anand-2022","Gujarat","Anand","https://storage.googleapis.com/download/storage/v1/b/ved_prod__media/o/pdfs%2Ff124a937-7c88-4da9-b43c-b29e6e84f115.pdf?generation=1688466371458956&alt=media",1,"Sabarmati",1,"N/A",129150,"N/A","Tarapur","Sabarmati","Serial Number,Latitude,Longitude
1,22° 35' 54.3012"" N ,72° 29' 18.7310"" E 
2,22° 35' 54.3012"" N ,72° 29' 13.3643"" E
3,22° 35' 47.3706"" N,72° 29' 18.7310"" E 
4,22° 35' 47.3706"" N,72° 29' 13.3643"" E
","N/A","N/A","N/A","N/A","N/A","Tarapur","27-09-2022 18:30:00","Commissioner of Geology and Mining ","Mines and Geology Department","Mines and Geology Department","04-07-2023","Mota Kalodara ordinary sand block 6","1.5","N/A","N/A","N/A","N/A","N/A","N/A","N/A","N/A","N/A","N/A","N/A","N/A","N/A","N/A","N/A","N/A","N/A","N/A","N/A","N/A","N/A","N/A","N/A","N/A","N/A","N/A","N/A","N/A","N/A","N/A","N/A","N/A","N/A","N/A","N/A","N/A","N/A","N/A","N/A","N/A","N/A","N/A","N/A","N/A","N/A","N/A","N/A","N/A","N/A","N/A","N/A","N/A","N/A","N/A","N/A","N/A","N/A","N/A","N/A","N/A","N/A","N/A","N/A","N/A","N/A","N/A","N/A","N/A","N/A","N/A","N/A","N/A","N/A","N/A","N/A","N/A","N/A","N/A","N/A","N/A","N/A","N/A","N/A","N/A","N/A","N/A","N/A","N/A","N/A","N/A","N/A","N/A","N/A","N/A","N/A","N/A","N/A","N/A","N/A","N/A","N/A","N/A","N/A","N/A","N/A","N/A","N/A","N/A","N/A","N/A","N/A","N/A","N/A","N/A","N/A","N/A","N/A","N/A","N/A","N/A","N/A","N/A","N/A","N/A","N/A","N/A","N/A","N/A","N/A","N/A","N/A","N/A","N/A","N/A","N/A","N/A","N/A","N/A","N/A","N/A","N/A","N/A","N/A","N/A","N/A","N/A","N/A","N/A","N/A","N/A","N/A","N/A","N/A","N/A","N/A","N/A","N/A","N/A","N/A","N/A","N/A","N/A","N/A","N/A","N/A","N/A","N/A","N/A","N/A","N/A","N/A","N/A","N/A","N/A","N/A","N/A","N/A","N/A","N/A","N/A","N/A","N/A","N/A","N/A","N/A","N/A","N/A","N/A","N/A","N/A","N/A","N/A","N/A","N/A","N/A","N/A","N/A","N/A","N/A","N/A","N/A","N/A","N/A","N/A","N/A","N/A","N/A","N/A","N/A","N/A","N/A","N/A","N/A","N/A","N/A","N/A","N/A","N/A","N/A","N/A","N/A","N/A","N/A","N/A","N/A","N/A","N/A","N/A","N/A","N/A","N/A","N/A","N/A","N/A","N/A","N/A","N/A","N/A","N/A","N/A","N/A","N/A","N/A","N/A","N/A","N/A"
"Mota Kalodara (block 7), Anand -2022","Gujarat","Anand","https://storage.googleapis.com/download/storage/v1/b/ved_prod__media/o/pdfs%2Fe0e4c47b-df0c-4896-880a-8169244a205c.pdf?generation=1688466644515719&alt=media",1,"Sabarmati",1,"N/A",128700,"N/A","Tarapur","Mahi","Serial Number,Latitude,Longitude
1,22° 35' 57.8400"" N ,72° 29' 21.8758"" E 
2,22° 35' 57.8400"" N ,72° 29' 16.7176"" E
3,22° 35' 51.2842"" N,72° 29' 21.8758"" E 
4,22° 35' 51.2842"" N,72° 29' 16.7176"" E
-,-,-
","N/A","N/A","N/A","N/A","N/A","Tarapur","27-09-2022 18:30:00","Commissioner of Geology and Mining ","Mines and Geology Department","Mines and Geology Department","04-07-2023","Mota Kalodara ordinary sand block 7","1.5","N/A","N/A","N/A","N/A","N/A","N/A","N/A","N/A","N/A","N/A","N/A","N/A","N/A","N/A","N/A","N/A","N/A","N/A","N/A","N/A","N/A","N/A","N/A","N/A","N/A","N/A","N/A","N/A","N/A","N/A","N/A","N/A","N/A","N/A","N/A","N/A","N/A","N/A","N/A","N/A","N/A","N/A","N/A","N/A","N/A","N/A","N/A","N/A","N/A","N/A","N/A","N/A","N/A","N/A","N/A","N/A","N/A","N/A","N/A","N/A","N/A","N/A","N/A","N/A","N/A","N/A","N/A","N/A","N/A","N/A","N/A","N/A","N/A","N/A","N/A","N/A","N/A","N/A","N/A","N/A","N/A","N/A","N/A","N/A","N/A","N/A","N/A","N/A","N/A","N/A","N/A","N/A","N/A","N/A","N/A","N/A","N/A","N/A","N/A","N/A","N/A","N/A","N/A","N/A","N/A","N/A","N/A","N/A","N/A","N/A","N/A","N/A","N/A","N/A","N/A","N/A","N/A","N/A","N/A","N/A","N/A","N/A","N/A","N/A","N/A","N/A","N/A","N/A","N/A","N/A","N/A","N/A","N/A","N/A","N/A","N/A","N/A","N/A","N/A","N/A","N/A","N/A","N/A","N/A","N/A","N/A","N/A","N/A","N/A","N/A","N/A","N/A","N/A","N/A","N/A","N/A","N/A","N/A","N/A","N/A","N/A","N/A","N/A","N/A","N/A","N/A","N/A","N/A","N/A","N/A","N/A","N/A","N/A","N/A","N/A","N/A","N/A","N/A","N/A","N/A","N/A","N/A","N/A","N/A","N/A","N/A","N/A","N/A","N/A","N/A","N/A","N/A","N/A","N/A","N/A","N/A","N/A","N/A","N/A","N/A","N/A","N/A","N/A","N/A","N/A","N/A","N/A","N/A","N/A","N/A","N/A","N/A","N/A","N/A","N/A","N/A","N/A","N/A","N/A","N/A","N/A","N/A","N/A","N/A","N/A","N/A","N/A","N/A","N/A","N/A","N/A","N/A","N/A","N/A","N/A","N/A","N/A","N/A","N/A","N/A","N/A","N/A","N/A","N/A","N/A","N/A"
"Mota Kalodara (block 8), Anand-2022","Gujarat","Anand","https://storage.googleapis.com/download/storage/v1/b/ved_prod__media/o/pdfs%2Fa359dffb-d142-4190-b8b0-a23ca9c3467a.pdf?generation=1688466869153618&alt=media",1,"Sabarmati",1,"N/A",129600,"N/A","Tarapur","Sabarmati","Serial Number,Latitude,Longitude
1,22° 36' 01.1758"" N ,72° 29' 25.0689"" E 
2,22° 36' 01.1758"" N ,72° 29' 19.8577"" E
3,22° 35' 54.6152"" N,72° 29' 25.0689"" E 
4,22° 35' 54.6152"" N,72° 29' 19.8577"" E
 -,-,-
","N/A","N/A","N/A","N/A","N/A","Tarapur","27-09-2022 18:30:00","Commissioner of Geology and Mining","Mines and Geology Department","Mines and Geology Department","04-07-2023","Mota Kalodara ordinary sand and gravel block 8","1.5","N/A","N/A","N/A","N/A","N/A","N/A","N/A","N/A","N/A","N/A","N/A","N/A","N/A","N/A","N/A","N/A","N/A","N/A","N/A","N/A","N/A","N/A","N/A","N/A","N/A","N/A","N/A","N/A","N/A","N/A","N/A","N/A","N/A","N/A","N/A","N/A","N/A","N/A","N/A","N/A","N/A","N/A","N/A","N/A","N/A","N/A","N/A","N/A","N/A","N/A","N/A","N/A","N/A","N/A","N/A","N/A","N/A","N/A","N/A","N/A","N/A","N/A","N/A","N/A","N/A","N/A","N/A","N/A","N/A","N/A","N/A","N/A","N/A","N/A","N/A","N/A","N/A","N/A","N/A","N/A","N/A","N/A","N/A","N/A","N/A","N/A","N/A","N/A","N/A","N/A","N/A","N/A","N/A","N/A","N/A","N/A","N/A","N/A","N/A","N/A","N/A","N/A","N/A","N/A","N/A","N/A","N/A","N/A","N/A","N/A","N/A","N/A","N/A","N/A","N/A","N/A","N/A","N/A","N/A","N/A","N/A","N/A","N/A","N/A","N/A","N/A","N/A","N/A","N/A","N/A","N/A","N/A","N/A","N/A","N/A","N/A","N/A","N/A","N/A","N/A","N/A","N/A","N/A","N/A","N/A","N/A","N/A","N/A","N/A","N/A","N/A","N/A","N/A","N/A","N/A","N/A","N/A","N/A","N/A","N/A","N/A","N/A","N/A","N/A","N/A","N/A","N/A","N/A","N/A","N/A","N/A","N/A","N/A","N/A","N/A","N/A","N/A","N/A","N/A","N/A","N/A","N/A","N/A","N/A","N/A","N/A","N/A","N/A","N/A","N/A","N/A","N/A","N/A","N/A","N/A","N/A","N/A","N/A","N/A","N/A","N/A","N/A","N/A","N/A","N/A","N/A","N/A","N/A","N/A","N/A","N/A","N/A","N/A","N/A","N/A","N/A","N/A","N/A","N/A","N/A","N/A","N/A","N/A","N/A","N/A","N/A","N/A","N/A","N/A","N/A","N/A","N/A","N/A","N/A","N/A","N/A","N/A","N/A","N/A","N/A","N/A","N/A","N/A","N/A","N/A","N/A"
"Mota Kalodara (block 9), Anand-2022","Gujarat","Anand","https://storage.googleapis.com/download/storage/v1/b/ved_prod__media/o/pdfs%2F223bbb64-1464-4c47-bfa6-989ff5d26552.pdf?generation=1688467112719500&alt=media",1,"Sabarmati",1,"N/A",129600,"N/A","Tarapur","Sabarmati","Serial Number,Latitude,Longitude
1,22° 36' 04.3720"" N ,72° 29' 29.1806"" E 
2,22° 36' 04.3720"" N ,72° 29' 22.8178"" E
3,22° 35' 56.9808"" N,72° 29' 29.1806"" E 
4,22° 35' 56.9808"" N,72° 29' 22.8178"" E
","N/A","N/A","N/A","N/A","N/A","Tarapur","27-09-2022 18:30:00","Commissioner of Geology and Mining","Mines and Geology Department","Mines and Geology Department","04-07-2023","Mota Kalodara ordinary sand block 9","1.5","N/A","N/A","N/A","N/A","N/A","N/A","N/A","N/A","N/A","N/A","N/A","N/A","N/A","N/A","N/A","N/A","N/A","N/A","N/A","N/A","N/A","N/A","N/A","N/A","N/A","N/A","N/A","N/A","N/A","N/A","N/A","N/A","N/A","N/A","N/A","N/A","N/A","N/A","N/A","N/A","N/A","N/A","N/A","N/A","N/A","N/A","N/A","N/A","N/A","N/A","N/A","N/A","N/A","N/A","N/A","N/A","N/A","N/A","N/A","N/A","N/A","N/A","N/A","N/A","N/A","N/A","N/A","N/A","N/A","N/A","N/A","N/A","N/A","N/A","N/A","N/A","N/A","N/A","N/A","N/A","N/A","N/A","N/A","N/A","N/A","N/A","N/A","N/A","N/A","N/A","N/A","N/A","N/A","N/A","N/A","N/A","N/A","N/A","N/A","N/A","N/A","N/A","N/A","N/A","N/A","N/A","N/A","N/A","N/A","N/A","N/A","N/A","N/A","N/A","N/A","N/A","N/A","N/A","N/A","N/A","N/A","N/A","N/A","N/A","N/A","N/A","N/A","N/A","N/A","N/A","N/A","N/A","N/A","N/A","N/A","N/A","N/A","N/A","N/A","N/A","N/A","N/A","N/A","N/A","N/A","N/A","N/A","N/A","N/A","N/A","N/A","N/A","N/A","N/A","N/A","N/A","N/A","N/A","N/A","N/A","N/A","N/A","N/A","N/A","N/A","N/A","N/A","N/A","N/A","N/A","N/A","N/A","N/A","N/A","N/A","N/A","N/A","N/A","N/A","N/A","N/A","N/A","N/A","N/A","N/A","N/A","N/A","N/A","N/A","N/A","N/A","N/A","N/A","N/A","N/A","N/A","N/A","N/A","N/A","N/A","N/A","N/A","N/A","N/A","N/A","N/A","N/A","N/A","N/A","N/A","N/A","N/A","N/A","N/A","N/A","N/A","N/A","N/A","N/A","N/A","N/A","N/A","N/A","N/A","N/A","N/A","N/A","N/A","N/A","N/A","N/A","N/A","N/A","N/A","N/A","N/A","N/A","N/A","N/A","N/A","N/A","N/A","N/A","N/A","N/A","N/A"
"Mota Kalodara (block 10), Anand-2022","Gujarat","Anand","https://storage.googleapis.com/download/storage/v1/b/ved_prod__media/o/pdfs%2Fe749f48c-a779-411d-b182-ddf688ec34d0.pdf?generation=1688468445462083&alt=media",1,"Sabarmati",1,"N/A",130050,"N/A","Tarapur","Sabarmati","Serial Number,Latitude,Longitude
1,22° 36' 06.2272"" N ,72° 29' 33.7515"" E 
2,22° 36' 06.2272"" N ,72° 29' 28.4742"" E
3,22° 36' 00.2035"" N,72° 29' 33.7515"" E
4,22° 36' 00.2035"" N,72° 29' 28.4742"" E
-,-,-
","N/A","N/A","N/A","N/A","N/A","Tarapur","27-09-2022 18:30:00","Commissioner of Geology and Mining ","Mines and Geology Department","Mines and Geology Department","04-07-2023","Mota Kalodara ordinary sand block 10","1.5","N/A","N/A","N/A","N/A","N/A","N/A","N/A","N/A","N/A","N/A","N/A","N/A","N/A","N/A","N/A","N/A","N/A","N/A","N/A","N/A","N/A","N/A","N/A","N/A","N/A","N/A","N/A","N/A","N/A","N/A","N/A","N/A","N/A","N/A","N/A","N/A","N/A","N/A","N/A","N/A","N/A","N/A","N/A","N/A","N/A","N/A","N/A","N/A","N/A","N/A","N/A","N/A","N/A","N/A","N/A","N/A","N/A","N/A","N/A","N/A","N/A","N/A","N/A","N/A","N/A","N/A","N/A","N/A","N/A","N/A","N/A","N/A","N/A","N/A","N/A","N/A","N/A","N/A","N/A","N/A","N/A","N/A","N/A","N/A","N/A","N/A","N/A","N/A","N/A","N/A","N/A","N/A","N/A","N/A","N/A","N/A","N/A","N/A","N/A","N/A","N/A","N/A","N/A","N/A","N/A","N/A","N/A","N/A","N/A","N/A","N/A","N/A","N/A","N/A","N/A","N/A","N/A","N/A","N/A","N/A","N/A","N/A","N/A","N/A","N/A","N/A","N/A","N/A","N/A","N/A","N/A","N/A","N/A","N/A","N/A","N/A","N/A","N/A","N/A","N/A","N/A","N/A","N/A","N/A","N/A","N/A","N/A","N/A","N/A","N/A","N/A","N/A","N/A","N/A","N/A","N/A","N/A","N/A","N/A","N/A","N/A","N/A","N/A","N/A","N/A","N/A","N/A","N/A","N/A","N/A","N/A","N/A","N/A","N/A","N/A","N/A","N/A","N/A","N/A","N/A","N/A","N/A","N/A","N/A","N/A","N/A","N/A","N/A","N/A","N/A","N/A","N/A","N/A","N/A","N/A","N/A","N/A","N/A","N/A","N/A","N/A","N/A","N/A","N/A","N/A","N/A","N/A","N/A","N/A","N/A","N/A","N/A","N/A","N/A","N/A","N/A","N/A","N/A","N/A","N/A","N/A","N/A","N/A","N/A","N/A","N/A","N/A","N/A","N/A","N/A","N/A","N/A","N/A","N/A","N/A","N/A","N/A","N/A","N/A","N/A","N/A","N/A","N/A","N/A","N/A","N/A"
"Mota Kalodara (block 11), Anand-2022","Gujarat","Anand","https://storage.googleapis.com/download/storage/v1/b/ved_prod__media/o/pdfs%2Fac16a129-9110-4440-a12a-d098239cb8f3.pdf?generation=1688468743020479&alt=media",1,"Sabarmati",1,"N/A",86400,"N/A","Tarapur","Sabarmati","Serial Number,Latitude,Longitude
1,22° 36' 01.6699"" N,72° 29' 35.9306"" E 
2,22° 36' 01.6699"" N,72° 29' 31.7455"" E
3,22° 36' 06.3675"" N,72° 29' 35.9306"" E 
4,22° 36' 06.3675"" N,72° 29' 31.7455"" E
","N/A","N/A","N/A","N/A","N/A","Tarapur","27-09-2022 18:30:00","Commissioner of Mining and Geology","Mines and Geology Department","Mines and Geology Department","04-07-2023","Mota Kalodara ordinary sand block 11","1","N/A","N/A","N/A","N/A","N/A","N/A","N/A","N/A","N/A","N/A","N/A","N/A","N/A","N/A","N/A","N/A","N/A","N/A","N/A","N/A","N/A","N/A","N/A","N/A","N/A","N/A","N/A","N/A","N/A","N/A","N/A","N/A","N/A","N/A","N/A","N/A","N/A","N/A","N/A","N/A","N/A","N/A","N/A","N/A","N/A","N/A","N/A","N/A","N/A","N/A","N/A","N/A","N/A","N/A","N/A","N/A","N/A","N/A","N/A","N/A","N/A","N/A","N/A","N/A","N/A","N/A","N/A","N/A","N/A","N/A","N/A","N/A","N/A","N/A","N/A","N/A","N/A","N/A","N/A","N/A","N/A","N/A","N/A","N/A","N/A","N/A","N/A","N/A","N/A","N/A","N/A","N/A","N/A","N/A","N/A","N/A","N/A","N/A","N/A","N/A","N/A","N/A","N/A","N/A","N/A","N/A","N/A","N/A","N/A","N/A","N/A","N/A","N/A","N/A","N/A","N/A","N/A","N/A","N/A","N/A","N/A","N/A","N/A","N/A","N/A","N/A","N/A","N/A","N/A","N/A","N/A","N/A","N/A","N/A","N/A","N/A","N/A","N/A","N/A","N/A","N/A","N/A","N/A","N/A","N/A","N/A","N/A","N/A","N/A","N/A","N/A","N/A","N/A","N/A","N/A","N/A","N/A","N/A","N/A","N/A","N/A","N/A","N/A","N/A","N/A","N/A","N/A","N/A","N/A","N/A","N/A","N/A","N/A","N/A","N/A","N/A","N/A","N/A","N/A","N/A","N/A","N/A","N/A","N/A","N/A","N/A","N/A","N/A","N/A","N/A","N/A","N/A","N/A","N/A","N/A","N/A","N/A","N/A","N/A","N/A","N/A","N/A","N/A","N/A","N/A","N/A","N/A","N/A","N/A","N/A","N/A","N/A","N/A","N/A","N/A","N/A","N/A","N/A","N/A","N/A","N/A","N/A","N/A","N/A","N/A","N/A","N/A","N/A","N/A","N/A","N/A","N/A","N/A","N/A","N/A","N/A","N/A","N/A","N/A","N/A","N/A","N/A","N/A","N/A","N/A","N/A"
"Chandrakona (Paschim Medinipur) , 2017","West Bengal","Paschim Medinipur","https://storage.googleapis.com/download/storage/v1/b/ved_prod__media/o/pdfs%2Fc5e07d9f-4653-4a98-aa6c-9add8a709c0e.pdf?generation=1688532569357390&alt=media",1,"Silabati",5,"N/A","N/A","N/A","Chandrakona - I, Chandrakona - II","Silabati","Serial Number,Latitude,Longitude
1,22°48'54.73""N,87°32'6.66""E
2,22°48'54.06""N,87°32'6.18""E
3,22°48'48.14""N,87°32'10.43""E
4,22°48'47.80""N,87°32'9.49""E
","manual mining ","Chandrakona - I, Chandrakona - II","Silabati","Serial Number,Latitude,Longitude
1,22°48'47.24""N,87°32'10.80""E
2,22°48'46.88""N,22°48'46.88""N
3,22°48'35.64""N,87°32'14.84""E
4,22°48'35.27""N,87°32'14.19""E
","manual mining ","Chandrakona - I, Chandrakona - II","10-10-2017 18:30:00","https://www.paschimmedinipur.gov.in","District Committee for competitive Bidding","Minor Mineral Section , District HQ","05-07-2023","DHARMAPOTA","0.81 ","N/A","Rs. 533481 ","DHARMAPOTA","1.15","N/A","Rs 571556","JARA",".74"," 3700 cum","Rs 92505","Chandrakona - I, Chandrakona - II","Silabati","Serial Number,Latitude,Longitude
1,22°45'41.78""N,87°34'6.81""E
2,22°45'42.20""N,87°34'6.64""E
3,22°45'35.54""N,87°34'24.09""E
4,22°45'35.40""N,87°34'23.75""E
","manual mining","SHIRSA",".26","1300 cum","Rs 32512","Chandrakona - I, Chandrakona - II","Silabati","Serial Number,Latitude,Longitude
1,22°48'28.17""N,87°31'41.56""E
2,22°48'28.07""N,87°31'41.68""E
3,22°48'24.18""N,87°31'34.13""E
4,22°48'24.46""N,87°31'34.10""E
","mathod of mining is manual","CHHOTA AKNA",".35","1750 cum","Rs 43761","Chandrakona - I, Chandrakona - II","Silabati","Serial Number,Latitude,Longitude
1,22°45'6.11""N,87°33'43.75""E
2,22°45'6.09""N,87°33'43.88""E
3,22°44'55.10""N,87°33'49.66""E
4,22°44'54.99""N,87°33'49.30""E
","method of mining is manual","N/A","N/A","N/A","N/A","N/A","N/A","N/A","N/A","N/A","N/A","N/A","N/A","N/A","N/A","N/A","N/A","N/A","N/A","N/A","N/A","N/A","N/A","N/A","N/A","N/A","N/A","N/A","N/A","N/A","N/A","N/A","N/A","N/A","N/A","N/A","N/A","N/A","N/A","N/A","N/A","N/A","N/A","N/A","N/A","N/A","N/A","N/A","N/A","N/A","N/A","N/A","N/A","N/A","N/A","N/A","N/A","N/A","N/A","N/A","N/A","N/A","N/A","N/A","N/A","N/A","N/A","N/A","N/A","N/A","N/A","N/A","N/A","N/A","N/A","N/A","N/A","N/A","N/A","N/A","N/A","N/A","N/A","N/A","N/A","N/A","N/A","N/A","N/A","N/A","N/A","N/A","N/A","N/A","N/A","N/A","N/A","N/A","N/A","N/A","N/A","N/A","N/A","N/A","N/A","N/A","N/A","N/A","N/A","N/A","N/A","N/A","N/A","N/A","N/A","N/A","N/A","N/A","N/A","N/A","N/A","N/A","N/A","N/A","N/A","N/A","N/A","N/A","N/A","N/A","N/A","N/A","N/A","N/A","N/A","N/A","N/A","N/A","N/A","N/A","N/A","N/A","N/A","N/A","N/A","N/A","N/A","N/A","N/A","N/A","N/A","N/A","N/A","N/A","N/A","N/A","N/A","N/A","N/A","N/A","N/A","N/A","N/A","N/A","N/A","N/A","N/A","N/A","N/A","N/A","N/A","N/A","N/A","N/A","N/A","N/A","N/A","N/A","N/A","N/A","N/A","N/A","N/A","N/A","N/A","N/A","N/A","N/A","N/A","N/A","N/A","N/A","N/A","N/A","N/A","N/A","N/A","N/A","N/A","N/A","N/A","N/A","N/A","N/A","N/A","N/A","N/A","N/A","N/A","N/A","N/A","N/A","N/A","N/A","N/A","N/A","N/A"
"Rakhiyal(block 1), Aravalli-2022","Gujarat","Sabar Kantha","https://storage.googleapis.com/download/storage/v1/b/ved_prod__media/o/pdfs%2F509fda43-d7f1-4ccc-bb5b-419f11906245.pdf?generation=1688544234734892&alt=media",1,"Meshwo",1,"N/A",21487,"N/A","Modasa","Meshwo","Serial Number,Latitude,Longitude
1,23° 31' 52.2806"" N,73° 15' 00.6520"" E
2,23° 31' 52.2806"" N,73° 14' 56.6915"" E
3,23° 31' 45.8696"" N,73° 15' 00.6520"" E
4,23° 31' 45.8696"" N,73° 14' 56.6915"" E
-,-,-
","N/A","N/A","N/A","N/A","N/A","Modasa","04-05-2022 18:30:00","Commissioner of Geology and Mining ","Mines and Geology Department","Mines and Geology Department","05-07-2023","Rakhiyal ordinary sand and gravel block 1","1","N/A","N/A","N/A","N/A","N/A","N/A","N/A","N/A","N/A","N/A","N/A","N/A","N/A","N/A","N/A","N/A","N/A","N/A","N/A","N/A","N/A","N/A","N/A","N/A","N/A","N/A","N/A","N/A","N/A","N/A","N/A","N/A","N/A","N/A","N/A","N/A","N/A","N/A","N/A","N/A","N/A","N/A","N/A","N/A","N/A","N/A","N/A","N/A","N/A","N/A","N/A","N/A","N/A","N/A","N/A","N/A","N/A","N/A","N/A","N/A","N/A","N/A","N/A","N/A","N/A","N/A","N/A","N/A","N/A","N/A","N/A","N/A","N/A","N/A","N/A","N/A","N/A","N/A","N/A","N/A","N/A","N/A","N/A","N/A","N/A","N/A","N/A","N/A","N/A","N/A","N/A","N/A","N/A","N/A","N/A","N/A","N/A","N/A","N/A","N/A","N/A","N/A","N/A","N/A","N/A","N/A","N/A","N/A","N/A","N/A","N/A","N/A","N/A","N/A","N/A","N/A","N/A","N/A","N/A","N/A","N/A","N/A","N/A","N/A","N/A","N/A","N/A","N/A","N/A","N/A","N/A","N/A","N/A","N/A","N/A","N/A","N/A","N/A","N/A","N/A","N/A","N/A","N/A","N/A","N/A","N/A","N/A","N/A","N/A","N/A","N/A","N/A","N/A","N/A","N/A","N/A","N/A","N/A","N/A","N/A","N/A","N/A","N/A","N/A","N/A","N/A","N/A","N/A","N/A","N/A","N/A","N/A","N/A","N/A","N/A","N/A","N/A","N/A","N/A","N/A","N/A","N/A","N/A","N/A","N/A","N/A","N/A","N/A","N/A","N/A","N/A","N/A","N/A","N/A","N/A","N/A","N/A","N/A","N/A","N/A","N/A","N/A","N/A","N/A","N/A","N/A","N/A","N/A","N/A","N/A","N/A","N/A","N/A","N/A","N/A","N/A","N/A","N/A","N/A","N/A","N/A","N/A","N/A","N/A","N/A","N/A","N/A","N/A","N/A","N/A","N/A","N/A","N/A","N/A","N/A","N/A","N/A","N/A","N/A","N/A","N/A","N/A","N/A","N/A","N/A","N/A"
"Rakhiyal(block 2), Aravalli-2022","Gujarat","Sabar Kantha","https://storage.googleapis.com/download/storage/v1/b/ved_prod__media/o/pdfs%2F97552294-b6ed-4ed7-84d9-b615bdde84f5.pdf?generation=1688544632075171&alt=media",1,"Meshwo",1,"N/A",32320,"N/A","Modasa","Meshwo","Serial Number,Latitude,Longitude
1,23° 31' 46.4973"" N ,73° 14' 59.7767"" E 
2,23° 31' 46.4973"" N ,73° 14' 54.8413"" E
3,23° 31' 43.0673"" N,73° 14' 59.7767"" E 
4,23° 31' 43.0673"" N,73° 14' 54.8413"" E
","N/A","N/A","N/A","N/A","N/A","Modasa","04-05-2022 18:30:00","Commissioner of Mines and Geology ","Mines and Geology Department","Mines and Geology Department","05-07-2023","Rakhiyal ordinary sand and gravel block 2","1","N/A","N/A","N/A","N/A","N/A","N/A","N/A","N/A","N/A","N/A","N/A","N/A","N/A","N/A","N/A","N/A","N/A","N/A","N/A","N/A","N/A","N/A","N/A","N/A","N/A","N/A","N/A","N/A","N/A","N/A","N/A","N/A","N/A","N/A","N/A","N/A","N/A","N/A","N/A","N/A","N/A","N/A","N/A","N/A","N/A","N/A","N/A","N/A","N/A","N/A","N/A","N/A","N/A","N/A","N/A","N/A","N/A","N/A","N/A","N/A","N/A","N/A","N/A","N/A","N/A","N/A","N/A","N/A","N/A","N/A","N/A","N/A","N/A","N/A","N/A","N/A","N/A","N/A","N/A","N/A","N/A","N/A","N/A","N/A","N/A","N/A","N/A","N/A","N/A","N/A","N/A","N/A","N/A","N/A","N/A","N/A","N/A","N/A","N/A","N/A","N/A","N/A","N/A","N/A","N/A","N/A","N/A","N/A","N/A","N/A","N/A","N/A","N/A","N/A","N/A","N/A","N/A","N/A","N/A","N/A","N/A","N/A","N/A","N/A","N/A","N/A","N/A","N/A","N/A","N/A","N/A","N/A","N/A","N/A","N/A","N/A","N/A","N/A","N/A","N/A","N/A","N/A","N/A","N/A","N/A","N/A","N/A","N/A","N/A","N/A","N/A","N/A","N/A","N/A","N/A","N/A","N/A","N/A","N/A","N/A","N/A","N/A","N/A","N/A","N/A","N/A","N/A","N/A","N/A","N/A","N/A","N/A","N/A","N/A","N/A","N/A","N/A","N/A","N/A","N/A","N/A","N/A","N/A","N/A","N/A","N/A","N/A","N/A","N/A","N/A","N/A","N/A","N/A","N/A","N/A","N/A","N/A","N/A","N/A","N/A","N/A","N/A","N/A","N/A","N/A","N/A","N/A","N/A","N/A","N/A","N/A","N/A","N/A","N/A","N/A","N/A","N/A","N/A","N/A","N/A","N/A","N/A","N/A","N/A","N/A","N/A","N/A","N/A","N/A","N/A","N/A","N/A","N/A","N/A","N/A","N/A","N/A","N/A","N/A","N/A","N/A","N/A","N/A","N/A","N/A","N/A"
"Rakhiyal(block 3), Aravalli-2022","Gujarat","Sabar Kantha","https://storage.googleapis.com/download/storage/v1/b/ved_prod__media/o/pdfs%2F3d6d4a1f-1dd0-48a6-bf6d-869e7f0b298e.pdf?generation=1688544868787221&alt=media",1,"Meshwo",1,"N/A",26136,"N/A","Modasa","Meshwo","Serial Number,Latitude,Longitude
1,23° 31' 43.8630"" N ,73° 14' 59.6463"" E 
2,23° 31' 43.8630"" N ,73° 14' 54.1186"" E
3,23° 31' 40.9957"" N,73° 14' 59.6463"" E 
4,23° 31' 40.9957"" N,73° 14' 54.1186"" E
","N/A","N/A","N/A","N/A","N/A","Modasa","04-05-2022 18:30:00","Commissioner of Geology and Mining ","Mines and Geology Department","Mines and Geology Department","05-07-2023","Rakhiyal ordinary sand and gravel block 3","1","N/A","N/A","N/A","N/A","N/A","N/A","N/A","N/A","N/A","N/A","N/A","N/A","N/A","N/A","N/A","N/A","N/A","N/A","N/A","N/A","N/A","N/A","N/A","N/A","N/A","N/A","N/A","N/A","N/A","N/A","N/A","N/A","N/A","N/A","N/A","N/A","N/A","N/A","N/A","N/A","N/A","N/A","N/A","N/A","N/A","N/A","N/A","N/A","N/A","N/A","N/A","N/A","N/A","N/A","N/A","N/A","N/A","N/A","N/A","N/A","N/A","N/A","N/A","N/A","N/A","N/A","N/A","N/A","N/A","N/A","N/A","N/A","N/A","N/A","N/A","N/A","N/A","N/A","N/A","N/A","N/A","N/A","N/A","N/A","N/A","N/A","N/A","N/A","N/A","N/A","N/A","N/A","N/A","N/A","N/A","N/A","N/A","N/A","N/A","N/A","N/A","N/A","N/A","N/A","N/A","N/A","N/A","N/A","N/A","N/A","N/A","N/A","N/A","N/A","N/A","N/A","N/A","N/A","N/A","N/A","N/A","N/A","N/A","N/A","N/A","N/A","N/A","N/A","N/A","N/A","N/A","N/A","N/A","N/A","N/A","N/A","N/A","N/A","N/A","N/A","N/A","N/A","N/A","N/A","N/A","N/A","N/A","N/A","N/A","N/A","N/A","N/A","N/A","N/A","N/A","N/A","N/A","N/A","N/A","N/A","N/A","N/A","N/A","N/A","N/A","N/A","N/A","N/A","N/A","N/A","N/A","N/A","N/A","N/A","N/A","N/A","N/A","N/A","N/A","N/A","N/A","N/A","N/A","N/A","N/A","N/A","N/A","N/A","N/A","N/A","N/A","N/A","N/A","N/A","N/A","N/A","N/A","N/A","N/A","N/A","N/A","N/A","N/A","N/A","N/A","N/A","N/A","N/A","N/A","N/A","N/A","N/A","N/A","N/A","N/A","N/A","N/A","N/A","N/A","N/A","N/A","N/A","N/A","N/A","N/A","N/A","N/A","N/A","N/A","N/A","N/A","N/A","N/A","N/A","N/A","N/A","N/A","N/A","N/A","N/A","N/A","N/A","N/A","N/A","N/A","N/A"
"Rakhiyal(block 4), Aravalli -2022","Gujarat","Sabar Kantha","https://storage.googleapis.com/download/storage/v1/b/ved_prod__media/o/pdfs%2Faee3df78-8e28-429c-82c0-d02be9762603.pdf?generation=1688545118587717&alt=media",1,"Meshwo",1,"N/A",66048,"N/A","Modasa","Meshwo","Serial Number,Latitude,Longitude
1,23° 31' 41.1677"" N ,73° 14' 56.8038"" E
2,23° 31' 41.1677"" N ,73° 14' 53.3369"" E
3,23° 31' 36.5619"" N,73° 14' 56.8038"" E
4,23° 31' 36.5619"" N,73° 14' 53.3369"" E
","N/A","N/A","N/A","N/A","N/A","Modasa","04-05-2022 18:30:00","Commissioner of Geology and Mining ","Mines and Geology Department","Mines and Geology Department","05-07-2023","Rakhiyal ordinary sand and gravel block 4","1","N/A","N/A","N/A","N/A","N/A","N/A","N/A","N/A","N/A","N/A","N/A","N/A","N/A","N/A","N/A","N/A","N/A","N/A","N/A","N/A","N/A","N/A","N/A","N/A","N/A","N/A","N/A","N/A","N/A","N/A","N/A","N/A","N/A","N/A","N/A","N/A","N/A","N/A","N/A","N/A","N/A","N/A","N/A","N/A","N/A","N/A","N/A","N/A","N/A","N/A","N/A","N/A","N/A","N/A","N/A","N/A","N/A","N/A","N/A","N/A","N/A","N/A","N/A","N/A","N/A","N/A","N/A","N/A","N/A","N/A","N/A","N/A","N/A","N/A","N/A","N/A","N/A","N/A","N/A","N/A","N/A","N/A","N/A","N/A","N/A","N/A","N/A","N/A","N/A","N/A","N/A","N/A","N/A","N/A","N/A","N/A","N/A","N/A","N/A","N/A","N/A","N/A","N/A","N/A","N/A","N/A","N/A","N/A","N/A","N/A","N/A","N/A","N/A","N/A","N/A","N/A","N/A","N/A","N/A","N/A","N/A","N/A","N/A","N/A","N/A","N/A","N/A","N/A","N/A","N/A","N/A","N/A","N/A","N/A","N/A","N/A","N/A","N/A","N/A","N/A","N/A","N/A","N/A","N/A","N/A","N/A","N/A","N/A","N/A","N/A","N/A","N/A","N/A","N/A","N/A","N/A","N/A","N/A","N/A","N/A","N/A","N/A","N/A","N/A","N/A","N/A","N/A","N/A","N/A","N/A","N/A","N/A","N/A","N/A","N/A","N/A","N/A","N/A","N/A","N/A","N/A","N/A","N/A","N/A","N/A","N/A","N/A","N/A","N/A","N/A","N/A","N/A","N/A","N/A","N/A","N/A","N/A","N/A","N/A","N/A","N/A","N/A","N/A","N/A","N/A","N/A","N/A","N/A","N/A","N/A","N/A","N/A","N/A","N/A","N/A","N/A","N/A","N/A","N/A","N/A","N/A","N/A","N/A","N/A","N/A","N/A","N/A","N/A","N/A","N/A","N/A","N/A","N/A","N/A","N/A","N/A","N/A","N/A","N/A","N/A","N/A","N/A","N/A","N/A","N/A","N/A"
"Rakhiyal (block 5), Aravalli-2022","Gujarat","Sabar Kantha","https://storage.googleapis.com/download/storage/v1/b/ved_prod__media/o/pdfs%2F1619a4d0-6941-4b73-9404-b6d841efe530.pdf?generation=1688551845830694&alt=media",1,"Meshwo",1,"N/A",22487,"N/A","Modasa","Meshwo","Serial Number,Latitude,Longitude
1,23° 31' 41.3536"" N,73° 14' 59.3298"" E 
2,23° 31' 41.3536"" N,73° 14' 56.4144"" E
3,23° 31' 36.6314"" N,73° 14' 59.3298"" E 
4,23° 31' 36.6314"" N,73° 14' 56.4144"" E
","N/A","N/A","N/A","N/A","N/A","Modasa","04-05-2022 18:30:00","Commissioner of Geology and Mining","Mines and Geology Department","Mines and Geology Department","05-07-2023","Rakhiyal ordinary sand and gravel block 5","1","N/A","N/A","N/A","N/A","N/A","N/A","N/A","N/A","N/A","N/A","N/A","N/A","N/A","N/A","N/A","N/A","N/A","N/A","N/A","N/A","N/A","N/A","N/A","N/A","N/A","N/A","N/A","N/A","N/A","N/A","N/A","N/A","N/A","N/A","N/A","N/A","N/A","N/A","N/A","N/A","N/A","N/A","N/A","N/A","N/A","N/A","N/A","N/A","N/A","N/A","N/A","N/A","N/A","N/A","N/A","N/A","N/A","N/A","N/A","N/A","N/A","N/A","N/A","N/A","N/A","N/A","N/A","N/A","N/A","N/A","N/A","N/A","N/A","N/A","N/A","N/A","N/A","N/A","N/A","N/A","N/A","N/A","N/A","N/A","N/A","N/A","N/A","N/A","N/A","N/A","N/A","N/A","N/A","N/A","N/A","N/A","N/A","N/A","N/A","N/A","N/A","N/A","N/A","N/A","N/A","N/A","N/A","N/A","N/A","N/A","N/A","N/A","N/A","N/A","N/A","N/A","N/A","N/A","N/A","N/A","N/A","N/A","N/A","N/A","N/A","N/A","N/A","N/A","N/A","N/A","N/A","N/A","N/A","N/A","N/A","N/A","N/A","N/A","N/A","N/A","N/A","N/A","N/A","N/A","N/A","N/A","N/A","N/A","N/A","N/A","N/A","N/A","N/A","N/A","N/A","N/A","N/A","N/A","N/A","N/A","N/A","N/A","N/A","N/A","N/A","N/A","N/A","N/A","N/A","N/A","N/A","N/A","N/A","N/A","N/A","N/A","N/A","N/A","N/A","N/A","N/A","N/A","N/A","N/A","N/A","N/A","N/A","N/A","N/A","N/A","N/A","N/A","N/A","N/A","N/A","N/A","N/A","N/A","N/A","N/A","N/A","N/A","N/A","N/A","N/A","N/A","N/A","N/A","N/A","N/A","N/A","N/A","N/A","N/A","N/A","N/A","N/A","N/A","N/A","N/A","N/A","N/A","N/A","N/A","N/A","N/A","N/A","N/A","N/A","N/A","N/A","N/A","N/A","N/A","N/A","N/A","N/A","N/A","N/A","N/A","N/A","N/A","N/A","N/A","N/A","N/A"
"Rakhiyal (block 6), Aravalli-2022","Gujarat","Sabar Kantha","https://storage.googleapis.com/download/storage/v1/b/ved_prod__media/o/pdfs%2F8909f10a-870b-4ed8-be44-1aadee483adb.pdf?generation=1688552083552342&alt=media",1,"Meshwo",1,"N/A",17394,"N/A","Modasa","Meshwo","Serial Number,Latitude,Longitude
1,23° 31' 41.4100"" N ,73° 15' 01.9373"" E
2,23° 31' 41.4100"" N ,73° 14' 58.8939"" E
3,23° 31' 36.6215"" N,73° 15' 01.9373"" E
4,23° 31' 36.6215"" N,73° 14' 58.8939"" E
","N/A","N/A","N/A","N/A","N/A","Modasa","04-05-2022 18:30:00","Commissioner of Geology and Mining ","Mines and Geology Department","Mines and Geology Department","05-07-2023","Rakhiyal ordinary sand and gravel block 6","1","N/A","N/A","N/A","N/A","N/A","N/A","N/A","N/A","N/A","N/A","N/A","N/A","N/A","N/A","N/A","N/A","N/A","N/A","N/A","N/A","N/A","N/A","N/A","N/A","N/A","N/A","N/A","N/A","N/A","N/A","N/A","N/A","N/A","N/A","N/A","N/A","N/A","N/A","N/A","N/A","N/A","N/A","N/A","N/A","N/A","N/A","N/A","N/A","N/A","N/A","N/A","N/A","N/A","N/A","N/A","N/A","N/A","N/A","N/A","N/A","N/A","N/A","N/A","N/A","N/A","N/A","N/A","N/A","N/A","N/A","N/A","N/A","N/A","N/A","N/A","N/A","N/A","N/A","N/A","N/A","N/A","N/A","N/A","N/A","N/A","N/A","N/A","N/A","N/A","N/A","N/A","N/A","N/A","N/A","N/A","N/A","N/A","N/A","N/A","N/A","N/A","N/A","N/A","N/A","N/A","N/A","N/A","N/A","N/A","N/A","N/A","N/A","N/A","N/A","N/A","N/A","N/A","N/A","N/A","N/A","N/A","N/A","N/A","N/A","N/A","N/A","N/A","N/A","N/A","N/A","N/A","N/A","N/A","N/A","N/A","N/A","N/A","N/A","N/A","N/A","N/A","N/A","N/A","N/A","N/A","N/A","N/A","N/A","N/A","N/A","N/A","N/A","N/A","N/A","N/A","N/A","N/A","N/A","N/A","N/A","N/A","N/A","N/A","N/A","N/A","N/A","N/A","N/A","N/A","N/A","N/A","N/A","N/A","N/A","N/A","N/A","N/A","N/A","N/A","N/A","N/A","N/A","N/A","N/A","N/A","N/A","N/A","N/A","N/A","N/A","N/A","N/A","N/A","N/A","N/A","N/A","N/A","N/A","N/A","N/A","N/A","N/A","N/A","N/A","N/A","N/A","N/A","N/A","N/A","N/A","N/A","N/A","N/A","N/A","N/A","N/A","N/A","N/A","N/A","N/A","N/A","N/A","N/A","N/A","N/A","N/A","N/A","N/A","N/A","N/A","N/A","N/A","N/A","N/A","N/A","N/A","N/A","N/A","N/A","N/A","N/A","N/A","N/A","N/A","N/A","N/A"
"Rakhiyal (block 7), Aravalli-20","Gujarat","Sabar Kantha","https://storage.googleapis.com/download/storage/v1/b/ved_prod__media/o/pdfs%2Fa165508a-7e01-447e-98f8-01a035780b94.pdf?generation=1688637375796384&alt=media",1,"Meshwo",1,"N/A",24098,"N/A","Modasa","Meshwo","Serial Number,Latitude,Longitude
1,23° 31' 40.4450"" N ,73° 15' 05.5409"" E
2,23° 31' 40.4450"" N ,73° 15' 01.6103"" E
3,23° 31' 36.1905"" N,73° 15' 05.5409"" E
4,23° 31' 36.1905"" N,73° 15' 01.6103"" E
","N/A","N/A","N/A","N/A","N/A","Modasa","29-06-2022 18:30:00","Commissioner of Geology and Mining ","Mines and Geology Department","Mines and Geology Department","06-07-2023","Rakhiyal ordinary sand and gravel block 7","1","N/A","N/A","N/A","N/A","N/A","N/A","N/A","N/A","N/A","N/A","N/A","N/A","N/A","N/A","N/A","N/A","N/A","N/A","N/A","N/A","N/A","N/A","N/A","N/A","N/A","N/A","N/A","N/A","N/A","N/A","N/A","N/A","N/A","N/A","N/A","N/A","N/A","N/A","N/A","N/A","N/A","N/A","N/A","N/A","N/A","N/A","N/A","N/A","N/A","N/A","N/A","N/A","N/A","N/A","N/A","N/A","N/A","N/A","N/A","N/A","N/A","N/A","N/A","N/A","N/A","N/A","N/A","N/A","N/A","N/A","N/A","N/A","N/A","N/A","N/A","N/A","N/A","N/A","N/A","N/A","N/A","N/A","N/A","N/A","N/A","N/A","N/A","N/A","N/A","N/A","N/A","N/A","N/A","N/A","N/A","N/A","N/A","N/A","N/A","N/A","N/A","N/A","N/A","N/A","N/A","N/A","N/A","N/A","N/A","N/A","N/A","N/A","N/A","N/A","N/A","N/A","N/A","N/A","N/A","N/A","N/A","N/A","N/A","N/A","N/A","N/A","N/A","N/A","N/A","N/A","N/A","N/A","N/A","N/A","N/A","N/A","N/A","N/A","N/A","N/A","N/A","N/A","N/A","N/A","N/A","N/A","N/A","N/A","N/A","N/A","N/A","N/A","N/A","N/A","N/A","N/A","N/A","N/A","N/A","N/A","N/A","N/A","N/A","N/A","N/A","N/A","N/A","N/A","N/A","N/A","N/A","N/A","N/A","N/A","N/A","N/A","N/A","N/A","N/A","N/A","N/A","N/A","N/A","N/A","N/A","N/A","N/A","N/A","N/A","N/A","N/A","N/A","N/A","N/A","N/A","N/A","N/A","N/A","N/A","N/A","N/A","N/A","N/A","N/A","N/A","N/A","N/A","N/A","N/A","N/A","N/A","N/A","N/A","N/A","N/A","N/A","N/A","N/A","N/A","N/A","N/A","N/A","N/A","N/A","N/A","N/A","N/A","N/A","N/A","N/A","N/A","N/A","N/A","N/A","N/A","N/A","N/A","N/A","N/A","N/A","N/A","N/A","N/A","N/A","N/A","N/A"
"Rakhiyal (block 8), Aravalli-2022","Gujarat","Sabar Kantha","https://storage.googleapis.com/download/storage/v1/b/ved_prod__media/o/pdfs%2F57ebf6a3-09e8-4bd1-be4f-04cccda7ff6f.pdf?generation=1688637679393287&alt=media",1,"Meshwo",1,"N/A",30663,"N/A","Modasa","Meshwo","Serial Number,Latitude,Longitude
1,23° 31' 41.7627"" N,73° 15' 09.6198"" E
2,23° 31' 41.7627"" N,73° 15' 04.9405"" E
3,23° 31' 38.3104"" N,73° 15' 09.6198"" E
4,23° 31' 38.3104"" N,73° 15' 04.9405"" E
","N/A","N/A","N/A","N/A","N/A","Modasa","29-06-2022 18:30:00","Commissioner of Geology and Mining ","Mines and Geology Department","Mines and Geology Department","06-07-2023","Rakhiyal ordinary sand and gravel block 8","1","N/A","N/A","N/A","N/A","N/A","N/A","N/A","N/A","N/A","N/A","N/A","N/A","N/A","N/A","N/A","N/A","N/A","N/A","N/A","N/A","N/A","N/A","N/A","N/A","N/A","N/A","N/A","N/A","N/A","N/A","N/A","N/A","N/A","N/A","N/A","N/A","N/A","N/A","N/A","N/A","N/A","N/A","N/A","N/A","N/A","N/A","N/A","N/A","N/A","N/A","N/A","N/A","N/A","N/A","N/A","N/A","N/A","N/A","N/A","N/A","N/A","N/A","N/A","N/A","N/A","N/A","N/A","N/A","N/A","N/A","N/A","N/A","N/A","N/A","N/A","N/A","N/A","N/A","N/A","N/A","N/A","N/A","N/A","N/A","N/A","N/A","N/A","N/A","N/A","N/A","N/A","N/A","N/A","N/A","N/A","N/A","N/A","N/A","N/A","N/A","N/A","N/A","N/A","N/A","N/A","N/A","N/A","N/A","N/A","N/A","N/A","N/A","N/A","N/A","N/A","N/A","N/A","N/A","N/A","N/A","N/A","N/A","N/A","N/A","N/A","N/A","N/A","N/A","N/A","N/A","N/A","N/A","N/A","N/A","N/A","N/A","N/A","N/A","N/A","N/A","N/A","N/A","N/A","N/A","N/A","N/A","N/A","N/A","N/A","N/A","N/A","N/A","N/A","N/A","N/A","N/A","N/A","N/A","N/A","N/A","N/A","N/A","N/A","N/A","N/A","N/A","N/A","N/A","N/A","N/A","N/A","N/A","N/A","N/A","N/A","N/A","N/A","N/A","N/A","N/A","N/A","N/A","N/A","N/A","N/A","N/A","N/A","N/A","N/A","N/A","N/A","N/A","N/A","N/A","N/A","N/A","N/A","N/A","N/A","N/A","N/A","N/A","N/A","N/A","N/A","N/A","N/A","N/A","N/A","N/A","N/A","N/A","N/A","N/A","N/A","N/A","N/A","N/A","N/A","N/A","N/A","N/A","N/A","N/A","N/A","N/A","N/A","N/A","N/A","N/A","N/A","N/A","N/A","N/A","N/A","N/A","N/A","N/A","N/A","N/A","N/A","N/A","N/A","N/A","N/A","N/A"
"Rakhiyal(block 9), Aravalli-2022","Gujarat","Sabar Kantha","https://storage.googleapis.com/download/storage/v1/b/ved_prod__media/o/pdfs%2F3792baa3-fef0-41f3-8774-cf84ca9461e8.pdf?generation=1688638425134541&alt=media",1,"Meshwo",1,"N/A",26719,"N/A","Modasa","Meshwo","Serial Number,Latitude,Longitude
1,23° 31' 42.7959"" N,73° 15' 13.3969"" E
2,23° 31' 42.7959"" N,73° 15' 08.9958"" E
3,23° 31' 38.4367"" N,73° 15' 13.3969"" E
4,23° 31' 38.4367"" N,73° 15' 08.9958"" E
","N/A","N/A","N/A","N/A","N/A","Modasa","29-06-2022 18:30:00","Commissioner of Geology and Mining","Mines and Geology Department","Mines and Geology Department","06-07-2023","Rakhiyal ordinary sand and gravel block 9","1","N/A","N/A","N/A","N/A","N/A","N/A","N/A","N/A","N/A","N/A","N/A","N/A","N/A","N/A","N/A","N/A","N/A","N/A","N/A","N/A","N/A","N/A","N/A","N/A","N/A","N/A","N/A","N/A","N/A","N/A","N/A","N/A","N/A","N/A","N/A","N/A","N/A","N/A","N/A","N/A","N/A","N/A","N/A","N/A","N/A","N/A","N/A","N/A","N/A","N/A","N/A","N/A","N/A","N/A","N/A","N/A","N/A","N/A","N/A","N/A","N/A","N/A","N/A","N/A","N/A","N/A","N/A","N/A","N/A","N/A","N/A","N/A","N/A","N/A","N/A","N/A","N/A","N/A","N/A","N/A","N/A","N/A","N/A","N/A","N/A","N/A","N/A","N/A","N/A","N/A","N/A","N/A","N/A","N/A","N/A","N/A","N/A","N/A","N/A","N/A","N/A","N/A","N/A","N/A","N/A","N/A","N/A","N/A","N/A","N/A","N/A","N/A","N/A","N/A","N/A","N/A","N/A","N/A","N/A","N/A","N/A","N/A","N/A","N/A","N/A","N/A","N/A","N/A","N/A","N/A","N/A","N/A","N/A","N/A","N/A","N/A","N/A","N/A","N/A","N/A","N/A","N/A","N/A","N/A","N/A","N/A","N/A","N/A","N/A","N/A","N/A","N/A","N/A","N/A","N/A","N/A","N/A","N/A","N/A","N/A","N/A","N/A","N/A","N/A","N/A","N/A","N/A","N/A","N/A","N/A","N/A","N/A","N/A","N/A","N/A","N/A","N/A","N/A","N/A","N/A","N/A","N/A","N/A","N/A","N/A","N/A","N/A","N/A","N/A","N/A","N/A","N/A","N/A","N/A","N/A","N/A","N/A","N/A","N/A","N/A","N/A","N/A","N/A","N/A","N/A","N/A","N/A","N/A","N/A","N/A","N/A","N/A","N/A","N/A","N/A","N/A","N/A","N/A","N/A","N/A","N/A","N/A","N/A","N/A","N/A","N/A","N/A","N/A","N/A","N/A","N/A","N/A","N/A","N/A","N/A","N/A","N/A","N/A","N/A","N/A","N/A","N/A","N/A","N/A","N/A","N/A"
"Rakhiyal(block 10), Aravalli","Gujarat","Sabar Kantha","https://storage.googleapis.com/download/storage/v1/b/ved_prod__media/o/pdfs%2F6ab6dd55-6ec9-4801-84aa-9fe0c821a2a4.pdf?generation=1688638729553776&alt=media",1,"Meshwo",1,"N/A",33249,"N/A","Modasa","Meshwo","Serial Number,Latitude,Longitude
1,23° 31' 45.2867"" N,73° 15' 17.9858"" E
2,23° 31' 45.2867"" N,73° 15' 11.5809"" E
3,23° 31' 41.0341"" N,73° 15' 17.9858"" E
4,23° 31' 41.0341"" N,73° 15' 11.5809"" E
","N/A","N/A","N/A","N/A","N/A","Modasa","29-06-2023 18:30:00","Commissioner of Mines and Geology","Mines and Geology Department","Mines and Geology Department","06-07-2023","Rakhiyal ordinary sand and gravel block 10","1","N/A","N/A","N/A","N/A","N/A","N/A","N/A","N/A","N/A","N/A","N/A","N/A","N/A","N/A","N/A","N/A","N/A","N/A","N/A","N/A","N/A","N/A","N/A","N/A","N/A","N/A","N/A","N/A","N/A","N/A","N/A","N/A","N/A","N/A","N/A","N/A","N/A","N/A","N/A","N/A","N/A","N/A","N/A","N/A","N/A","N/A","N/A","N/A","N/A","N/A","N/A","N/A","N/A","N/A","N/A","N/A","N/A","N/A","N/A","N/A","N/A","N/A","N/A","N/A","N/A","N/A","N/A","N/A","N/A","N/A","N/A","N/A","N/A","N/A","N/A","N/A","N/A","N/A","N/A","N/A","N/A","N/A","N/A","N/A","N/A","N/A","N/A","N/A","N/A","N/A","N/A","N/A","N/A","N/A","N/A","N/A","N/A","N/A","N/A","N/A","N/A","N/A","N/A","N/A","N/A","N/A","N/A","N/A","N/A","N/A","N/A","N/A","N/A","N/A","N/A","N/A","N/A","N/A","N/A","N/A","N/A","N/A","N/A","N/A","N/A","N/A","N/A","N/A","N/A","N/A","N/A","N/A","N/A","N/A","N/A","N/A","N/A","N/A","N/A","N/A","N/A","N/A","N/A","N/A","N/A","N/A","N/A","N/A","N/A","N/A","N/A","N/A","N/A","N/A","N/A","N/A","N/A","N/A","N/A","N/A","N/A","N/A","N/A","N/A","N/A","N/A","N/A","N/A","N/A","N/A","N/A","N/A","N/A","N/A","N/A","N/A","N/A","N/A","N/A","N/A","N/A","N/A","N/A","N/A","N/A","N/A","N/A","N/A","N/A","N/A","N/A","N/A","N/A","N/A","N/A","N/A","N/A","N/A","N/A","N/A","N/A","N/A","N/A","N/A","N/A","N/A","N/A","N/A","N/A","N/A","N/A","N/A","N/A","N/A","N/A","N/A","N/A","N/A","N/A","N/A","N/A","N/A","N/A","N/A","N/A","N/A","N/A","N/A","N/A","N/A","N/A","N/A","N/A","N/A","N/A","N/A","N/A","N/A","N/A","N/A","N/A","N/A","N/A","N/A","N/A","N/A"
"Rakhiyal (block 11), Aravalli-2022","Gujarat","Sabar Kantha","https://storage.googleapis.com/download/storage/v1/b/ved_prod__media/o/pdfs%2F4262b0be-26a6-4ea5-9364-32298694be7a.pdf?generation=1688639512554290&alt=media",1,"Meshwo",1,"N/A",55646,"N/A","Modasa","Meshwo","Serial Number,Latitude,Longitude
1,23° 31' 43.7407"" N,73° 15' 18.9257"" E 
2,23° 31' 43.7407"" N,73° 15' 12.4889"" E
3,23° 31' 39.2723"" N,73° 15' 18.9257"" E 
4,23° 31' 39.2723"" N,73° 15' 12.4889"" E
","N/A","N/A","N/A","N/A","N/A","Modasa","29-06-2022 18:30:00","Commissioner of Geology and Mining ","Mines and Geology Department","Mines and Geology Department","06-07-2023","Rakhiyal ordinary sand and gravel block 11","1","N/A","N/A","N/A","N/A","N/A","N/A","N/A","N/A","N/A","N/A","N/A","N/A","N/A","N/A","N/A","N/A","N/A","N/A","N/A","N/A","N/A","N/A","N/A","N/A","N/A","N/A","N/A","N/A","N/A","N/A","N/A","N/A","N/A","N/A","N/A","N/A","N/A","N/A","N/A","N/A","N/A","N/A","N/A","N/A","N/A","N/A","N/A","N/A","N/A","N/A","N/A","N/A","N/A","N/A","N/A","N/A","N/A","N/A","N/A","N/A","N/A","N/A","N/A","N/A","N/A","N/A","N/A","N/A","N/A","N/A","N/A","N/A","N/A","N/A","N/A","N/A","N/A","N/A","N/A","N/A","N/A","N/A","N/A","N/A","N/A","N/A","N/A","N/A","N/A","N/A","N/A","N/A","N/A","N/A","N/A","N/A","N/A","N/A","N/A","N/A","N/A","N/A","N/A","N/A","N/A","N/A","N/A","N/A","N/A","N/A","N/A","N/A","N/A","N/A","N/A","N/A","N/A","N/A","N/A","N/A","N/A","N/A","N/A","N/A","N/A","N/A","N/A","N/A","N/A","N/A","N/A","N/A","N/A","N/A","N/A","N/A","N/A","N/A","N/A","N/A","N/A","N/A","N/A","N/A","N/A","N/A","N/A","N/A","N/A","N/A","N/A","N/A","N/A","N/A","N/A","N/A","N/A","N/A","N/A","N/A","N/A","N/A","N/A","N/A","N/A","N/A","N/A","N/A","N/A","N/A","N/A","N/A","N/A","N/A","N/A","N/A","N/A","N/A","N/A","N/A","N/A","N/A","N/A","N/A","N/A","N/A","N/A","N/A","N/A","N/A","N/A","N/A","N/A","N/A","N/A","N/A","N/A","N/A","N/A","N/A","N/A","N/A","N/A","N/A","N/A","N/A","N/A","N/A","N/A","N/A","N/A","N/A","N/A","N/A","N/A","N/A","N/A","N/A","N/A","N/A","N/A","N/A","N/A","N/A","N/A","N/A","N/A","N/A","N/A","N/A","N/A","N/A","N/A","N/A","N/A","N/A","N/A","N/A","N/A","N/A","N/A","N/A","N/A","N/A","N/A","N/A"
"Rakhiyal (block 12), Aravalli-2022","Gujarat","Sabar Kantha","https://storage.googleapis.com/download/storage/v1/b/ved_prod__media/o/pdfs%2F84284999-26aa-4871-a228-16aa30ce5e0b.pdf?generation=1688640944165475&alt=media",1,"Meshwo",1,"N/A",38061,"N/A","Modasa","Meshwo","Serial Number,Latitude,Longitude
1,23° 31' 48.7090"" N ,73° 15' 29.6224"" E
2,23° 31' 48.7090"" N ,73° 15' 17.9858"" E
3,23° 31' 42.2763"" N,73° 15' 29.6224"" E
4,23° 31' 42.2763"" N,73° 15' 17.9858"" E
","N/A","N/A","N/A","N/A","N/A","Modasa","29-06-2022 18:30:00","Commissioner of Geology and Mining ","Mines and Geology Department","Mines and Geology Department","06-07-2023","Rakhiyal ordinary sand and gravel block 12","1.5","N/A","N/A","N/A","N/A","N/A","N/A","N/A","N/A","N/A","N/A","N/A","N/A","N/A","N/A","N/A","N/A","N/A","N/A","N/A","N/A","N/A","N/A","N/A","N/A","N/A","N/A","N/A","N/A","N/A","N/A","N/A","N/A","N/A","N/A","N/A","N/A","N/A","N/A","N/A","N/A","N/A","N/A","N/A","N/A","N/A","N/A","N/A","N/A","N/A","N/A","N/A","N/A","N/A","N/A","N/A","N/A","N/A","N/A","N/A","N/A","N/A","N/A","N/A","N/A","N/A","N/A","N/A","N/A","N/A","N/A","N/A","N/A","N/A","N/A","N/A","N/A","N/A","N/A","N/A","N/A","N/A","N/A","N/A","N/A","N/A","N/A","N/A","N/A","N/A","N/A","N/A","N/A","N/A","N/A","N/A","N/A","N/A","N/A","N/A","N/A","N/A","N/A","N/A","N/A","N/A","N/A","N/A","N/A","N/A","N/A","N/A","N/A","N/A","N/A","N/A","N/A","N/A","N/A","N/A","N/A","N/A","N/A","N/A","N/A","N/A","N/A","N/A","N/A","N/A","N/A","N/A","N/A","N/A","N/A","N/A","N/A","N/A","N/A","N/A","N/A","N/A","N/A","N/A","N/A","N/A","N/A","N/A","N/A","N/A","N/A","N/A","N/A","N/A","N/A","N/A","N/A","N/A","N/A","N/A","N/A","N/A","N/A","N/A","N/A","N/A","N/A","N/A","N/A","N/A","N/A","N/A","N/A","N/A","N/A","N/A","N/A","N/A","N/A","N/A","N/A","N/A","N/A","N/A","N/A","N/A","N/A","N/A","N/A","N/A","N/A","N/A","N/A","N/A","N/A","N/A","N/A","N/A","N/A","N/A","N/A","N/A","N/A","N/A","N/A","N/A","N/A","N/A","N/A","N/A","N/A","N/A","N/A","N/A","N/A","N/A","N/A","N/A","N/A","N/A","N/A","N/A","N/A","N/A","N/A","N/A","N/A","N/A","N/A","N/A","N/A","N/A","N/A","N/A","N/A","N/A","N/A","N/A","N/A","N/A","N/A","N/A","N/A","N/A","N/A","N/A","N/A"
"Medhasan(block 1), Aravalli-2022","Gujarat","Sabar Kantha","https://storage.googleapis.com/download/storage/v1/b/ved_prod__media/o/pdfs%2F19a7d2e0-8c1c-42a2-91c3-a7e3b93c4764.pdf?generation=1688641232236594&alt=media",1,"Meshwo",1,"N/A",8240,"N/A","Modasa","Meshwo","Serial Number,Latitude,Longitude
1,23° 31' 32.1667"" N ,73° 13' 47.6832"" E
2,23° 31' 32.1667"" N ,73° 13' 38.5045"" E
3,23° 31' 35.3013"" N,73° 13' 47.6832"" E
4,23° 31' 35.3013"" N,73° 13' 38.5045"" E
","N/A","N/A","N/A","N/A","N/A","Modasa","04-05-2022 18:30:00","Commissioner of Geology and Mining ","Mines and Geology Department","Mines and Geology Department","06-07-2023","Medhasan ordinary sand and gravel block 1","1","N/A","N/A","N/A","N/A","N/A","N/A","N/A","N/A","N/A","N/A","N/A","N/A","N/A","N/A","N/A","N/A","N/A","N/A","N/A","N/A","N/A","N/A","N/A","N/A","N/A","N/A","N/A","N/A","N/A","N/A","N/A","N/A","N/A","N/A","N/A","N/A","N/A","N/A","N/A","N/A","N/A","N/A","N/A","N/A","N/A","N/A","N/A","N/A","N/A","N/A","N/A","N/A","N/A","N/A","N/A","N/A","N/A","N/A","N/A","N/A","N/A","N/A","N/A","N/A","N/A","N/A","N/A","N/A","N/A","N/A","N/A","N/A","N/A","N/A","N/A","N/A","N/A","N/A","N/A","N/A","N/A","N/A","N/A","N/A","N/A","N/A","N/A","N/A","N/A","N/A","N/A","N/A","N/A","N/A","N/A","N/A","N/A","N/A","N/A","N/A","N/A","N/A","N/A","N/A","N/A","N/A","N/A","N/A","N/A","N/A","N/A","N/A","N/A","N/A","N/A","N/A","N/A","N/A","N/A","N/A","N/A","N/A","N/A","N/A","N/A","N/A","N/A","N/A","N/A","N/A","N/A","N/A","N/A","N/A","N/A","N/A","N/A","N/A","N/A","N/A","N/A","N/A","N/A","N/A","N/A","N/A","N/A","N/A","N/A","N/A","N/A","N/A","N/A","N/A","N/A","N/A","N/A","N/A","N/A","N/A","N/A","N/A","N/A","N/A","N/A","N/A","N/A","N/A","N/A","N/A","N/A","N/A","N/A","N/A","N/A","N/A","N/A","N/A","N/A","N/A","N/A","N/A","N/A","N/A","N/A","N/A","N/A","N/A","N/A","N/A","N/A","N/A","N/A","N/A","N/A","N/A","N/A","N/A","N/A","N/A","N/A","N/A","N/A","N/A","N/A","N/A","N/A","N/A","N/A","N/A","N/A","N/A","N/A","N/A","N/A","N/A","N/A","N/A","N/A","N/A","N/A","N/A","N/A","N/A","N/A","N/A","N/A","N/A","N/A","N/A","N/A","N/A","N/A","N/A","N/A","N/A","N/A","N/A","N/A","N/A","N/A","N/A","N/A","N/A","N/A","N/A"
"Medhasan(block 2), Aravalli-2022","Gujarat","Sabar Kantha","https://storage.googleapis.com/download/storage/v1/b/ved_prod__media/o/pdfs%2Fe06a02ad-2837-40cc-9446-3ee1294852a6.pdf?generation=1688641553778164&alt=media",1,"Meshwo",1,"N/A",22184,"N/A","Modasa","Meshwo","Serial Number,Latitude,Longitude
1,23° 31' 32.7213"" N ,73° 13' 47.5577"" E 
2,23° 31' 32.7213"" N ,73° 13' 53.9353"" E
3,23° 31' 35.6213"" N,73° 13' 47.5577"" E 
4,23° 31' 35.6213"" N,73° 13' 53.9353"" E
-,-,-
","N/A","N/A","N/A","N/A","N/A","Modasa","04-05-2022 18:30:00","Commissioner of Geology and Mining ","Mines and Geology Department","Mines and Geology Department","06-07-2023","Medhasan Ordinary sand and gravel block 2","1","N/A","N/A","N/A","N/A","N/A","N/A","N/A","N/A","N/A","N/A","N/A","N/A","N/A","N/A","N/A","N/A","N/A","N/A","N/A","N/A","N/A","N/A","N/A","N/A","N/A","N/A","N/A","N/A","N/A","N/A","N/A","N/A","N/A","N/A","N/A","N/A","N/A","N/A","N/A","N/A","N/A","N/A","N/A","N/A","N/A","N/A","N/A","N/A","N/A","N/A","N/A","N/A","N/A","N/A","N/A","N/A","N/A","N/A","N/A","N/A","N/A","N/A","N/A","N/A","N/A","N/A","N/A","N/A","N/A","N/A","N/A","N/A","N/A","N/A","N/A","N/A","N/A","N/A","N/A","N/A","N/A","N/A","N/A","N/A","N/A","N/A","N/A","N/A","N/A","N/A","N/A","N/A","N/A","N/A","N/A","N/A","N/A","N/A","N/A","N/A","N/A","N/A","N/A","N/A","N/A","N/A","N/A","N/A","N/A","N/A","N/A","N/A","N/A","N/A","N/A","N/A","N/A","N/A","N/A","N/A","N/A","N/A","N/A","N/A","N/A","N/A","N/A","N/A","N/A","N/A","N/A","N/A","N/A","N/A","N/A","N/A","N/A","N/A","N/A","N/A","N/A","N/A","N/A","N/A","N/A","N/A","N/A","N/A","N/A","N/A","N/A","N/A","N/A","N/A","N/A","N/A","N/A","N/A","N/A","N/A","N/A","N/A","N/A","N/A","N/A","N/A","N/A","N/A","N/A","N/A","N/A","N/A","N/A","N/A","N/A","N/A","N/A","N/A","N/A","N/A","N/A","N/A","N/A","N/A","N/A","N/A","N/A","N/A","N/A","N/A","N/A","N/A","N/A","N/A","N/A","N/A","N/A","N/A","N/A","N/A","N/A","N/A","N/A","N/A","N/A","N/A","N/A","N/A","N/A","N/A","N/A","N/A","N/A","N/A","N/A","N/A","N/A","N/A","N/A","N/A","N/A","N/A","N/A","N/A","N/A","N/A","N/A","N/A","N/A","N/A","N/A","N/A","N/A","N/A","N/A","N/A","N/A","N/A","N/A","N/A","N/A","N/A","N/A","N/A","N/A","N/A"
"Medhasan(block 3), Aravalli-2022","Gujarat","Sabar Kantha","https://storage.googleapis.com/download/storage/v1/b/ved_prod__media/o/pdfs%2F1a56b602-37ca-4d5b-8833-a4156c015621.pdf?generation=1688641847346058&alt=media",1,"Meshwo",1,"N/A",27525,"N/A","Modasa","Meshwo","Serial Number,Latitude,Longitude
1,23° 31' 33.5900"" N ,73° 13' 57.6517"" E 
2,23° 31' 33.5900"" N ,73° 13' 52.2064"" E
3,23° 31' 39.5653"" N,73° 13' 57.6517"" E 
4,23° 31' 39.5653"" N,73° 13' 52.2064"" E
","N/A","N/A","N/A","N/A","N/A","Modasa","04-05-2022 18:30:00","Commissioner of Geology and Mining","Mines and Geology Department","Mines and Geology Department","06-07-2023","Medhasan Ordinary sand and gravel block 3","1","N/A","N/A","N/A","N/A","N/A","N/A","N/A","N/A","N/A","N/A","N/A","N/A","N/A","N/A","N/A","N/A","N/A","N/A","N/A","N/A","N/A","N/A","N/A","N/A","N/A","N/A","N/A","N/A","N/A","N/A","N/A","N/A","N/A","N/A","N/A","N/A","N/A","N/A","N/A","N/A","N/A","N/A","N/A","N/A","N/A","N/A","N/A","N/A","N/A","N/A","N/A","N/A","N/A","N/A","N/A","N/A","N/A","N/A","N/A","N/A","N/A","N/A","N/A","N/A","N/A","N/A","N/A","N/A","N/A","N/A","N/A","N/A","N/A","N/A","N/A","N/A","N/A","N/A","N/A","N/A","N/A","N/A","N/A","N/A","N/A","N/A","N/A","N/A","N/A","N/A","N/A","N/A","N/A","N/A","N/A","N/A","N/A","N/A","N/A","N/A","N/A","N/A","N/A","N/A","N/A","N/A","N/A","N/A","N/A","N/A","N/A","N/A","N/A","N/A","N/A","N/A","N/A","N/A","N/A","N/A","N/A","N/A","N/A","N/A","N/A","N/A","N/A","N/A","N/A","N/A","N/A","N/A","N/A","N/A","N/A","N/A","N/A","N/A","N/A","N/A","N/A","N/A","N/A","N/A","N/A","N/A","N/A","N/A","N/A","N/A","N/A","N/A","N/A","N/A","N/A","N/A","N/A","N/A","N/A","N/A","N/A","N/A","N/A","N/A","N/A","N/A","N/A","N/A","N/A","N/A","N/A","N/A","N/A","N/A","N/A","N/A","N/A","N/A","N/A","N/A","N/A","N/A","N/A","N/A","N/A","N/A","N/A","N/A","N/A","N/A","N/A","N/A","N/A","N/A","N/A","N/A","N/A","N/A","N/A","N/A","N/A","N/A","N/A","N/A","N/A","N/A","N/A","N/A","N/A","N/A","N/A","N/A","N/A","N/A","N/A","N/A","N/A","N/A","N/A","N/A","N/A","N/A","N/A","N/A","N/A","N/A","N/A","N/A","N/A","N/A","N/A","N/A","N/A","N/A","N/A","N/A","N/A","N/A","N/A","N/A","N/A","N/A","N/A","N/A","N/A","N/A"
"Paschim Medinipur , February , 2017","West Bengal","Paschim Medinipur","https://storage.googleapis.com/download/storage/v1/b/ved_prod__media/o/pdfs%2F34145fa1-883d-4c58-84d8-14dc16701b7b.pdf?generation=1688707229878422&alt=media",1,"Subarnarekha",14,"N/A","N/A","N/A","Gopiballavpur - II, Gopiballavpur - I","Subarnarekha","Serial Number,Latitude,Longitude
1,22°13'27.10""N,86°57'12.01""E
2,22°13'22.10""N,86°57'17.00""E
3,22°13'17.52""N,86°57'10.97""E
4,22°13'21.57""N,86°57'4.13""E
","N/A","Gopiballavpur - II, Gopiballavpur - I","Subarnarekha","Serial Number,Latitude,Longitude
1,22°13'5.69""N,86°56'57.47""E
2,22°13'1.03""N,86°57'2.30""E
3,22°12'56.54""N,86°56'54.60""E
4,22°13'1.13""N,86°56'49.66""E
","N/A","Gopiballavpur - I, Gopiballavpur - II","07-02-2017 18:30:00","https://wbindustries.gov.in","District Committee for competitive Bidding","District Committee","14-07-2023","AKNA","5","24862.8 cum","Rs 621579/-"," Malincha","5","24862.8","621568/-","Malincha","5","24862.5","621568/-","Gopiballavpur - I, Gopiballavpur - II","Subarnarekha","Serial Number,Latitude,Longitude
1,22°13'15.55""N,86°56'43.63""E
2,22°13'09.88""N,86°56'49.99""E
3,22°13'06.46""N,86°56'44.12""E
4,22°13'13.21""N,86°56'36.99""E
","N/A","Kuliana","5","24862.5","621568/-","Gopiballavpur - II, Gopiballavpur - I","Subarnarekha","Serial Number,Latitude,Longitude
1,22°12'49.71""N,86°55'58.53""E
2,22°12'44.52""N,86°56'1.83""E
3,22°12'42.63""N,86°55'51.35""E
4,22°12'47.79""N,86°55'48.12""E
","N/A","Kuliana","5","24862.5","621568/-","Gopiballavpur - II, Gopiballavpur - I","Subarnarekha","Serial Number,Latitude,Longitude
1,22°12'42.87""N,86°56'2.85""E
2,22°12'37.70""N,86°56'6.07""E
3,22°12'35.74""N,86°55'55.66""E
4,22°12'40.90""N,86°55'52.33""E
","N/A","N/A","N/A","N/A","N/A","N/A","N/A","N/A","N/A","N/A","N/A","N/A","N/A","N/A","N/A","N/A","N/A","N/A","N/A","N/A","N/A","N/A","N/A","N/A","N/A","N/A","N/A","N/A","N/A","N/A","N/A","N/A","N/A","N/A","N/A","N/A","N/A","N/A","N/A","N/A","N/A","N/A","N/A","N/A","N/A","N/A","N/A","N/A","N/A","N/A","N/A","N/A","N/A","N/A","N/A","N/A","N/A","N/A","N/A","N/A","N/A","N/A","N/A","N/A","N/A","N/A","N/A","N/A","N/A","N/A","N/A","N/A","N/A","N/A","N/A","N/A","N/A","N/A","N/A","N/A","N/A","N/A","N/A","N/A","N/A","N/A","N/A","N/A","N/A","N/A","N/A","N/A","N/A","N/A","N/A","N/A","N/A","N/A","N/A","N/A","N/A","N/A","N/A","N/A","N/A","N/A","N/A","N/A","N/A","N/A","N/A","N/A","N/A","N/A","N/A","N/A","N/A","N/A","N/A","N/A","N/A","N/A","N/A","N/A","N/A","N/A","N/A","N/A","N/A","N/A","N/A","N/A","N/A","N/A","N/A","N/A","N/A","N/A","N/A","N/A","N/A","N/A","N/A","N/A","N/A","N/A","N/A","N/A","N/A","N/A","N/A","N/A","N/A","N/A","N/A","N/A","N/A","N/A","N/A","N/A","N/A","N/A","N/A","N/A","N/A","N/A","N/A","N/A","N/A","N/A","N/A","N/A","N/A","N/A","N/A","N/A","N/A","N/A","N/A","N/A","N/A","N/A","N/A","N/A","N/A","N/A","N/A","N/A","N/A","N/A","N/A","N/A","N/A","N/A","N/A","N/A","N/A","N/A","N/A","N/A","N/A","N/A","N/A","N/A","N/A","N/A","N/A","N/A","N/A","N/A","N/A","N/A","N/A","N/A","N/A","N/A","N/A"
"Sanath(block 1), Banaskantha-2022","Gujarat","Banas Kantha","https://storage.googleapis.com/download/storage/v1/b/ved_prod__media/o/pdfs%2F80c18ca4-e945-4af6-8977-dbebd46009f3.pdf?generation=1688714235356864&alt=media",1,"Banas",1,"N/A",172800,"N/A","Deesa","Banas","Serial Number,Latitude,Longitude
1,24° 11' 21.7257"" N,72° 05' 15.7777"" E
2,24° 11' 21.7257"" N,72° 05' 09.3631"" E
3,24° 11' 15.1240"" N,72° 05' 15.7777"" E
4,24° 11' 15.1240"" N,72° 05' 09.3631"" E
","N/A","N/A","N/A","N/A","N/A","Deesa","24-03-2022 18:30:00","Commissioner of Mining and geology ","Mines and Geology Department","Mines and Geology Department","07-07-2023","Sanath ordinary sand block 1","2","N/A","N/A","N/A","N/A","N/A","N/A","N/A","N/A","N/A","N/A","N/A","N/A","N/A","N/A","N/A","N/A","N/A","N/A","N/A","N/A","N/A","N/A","N/A","N/A","N/A","N/A","N/A","N/A","N/A","N/A","N/A","N/A","N/A","N/A","N/A","N/A","N/A","N/A","N/A","N/A","N/A","N/A","N/A","N/A","N/A","N/A","N/A","N/A","N/A","N/A","N/A","N/A","N/A","N/A","N/A","N/A","N/A","N/A","N/A","N/A","N/A","N/A","N/A","N/A","N/A","N/A","N/A","N/A","N/A","N/A","N/A","N/A","N/A","N/A","N/A","N/A","N/A","N/A","N/A","N/A","N/A","N/A","N/A","N/A","N/A","N/A","N/A","N/A","N/A","N/A","N/A","N/A","N/A","N/A","N/A","N/A","N/A","N/A","N/A","N/A","N/A","N/A","N/A","N/A","N/A","N/A","N/A","N/A","N/A","N/A","N/A","N/A","N/A","N/A","N/A","N/A","N/A","N/A","N/A","N/A","N/A","N/A","N/A","N/A","N/A","N/A","N/A","N/A","N/A","N/A","N/A","N/A","N/A","N/A","N/A","N/A","N/A","N/A","N/A","N/A","N/A","N/A","N/A","N/A","N/A","N/A","N/A","N/A","N/A","N/A","N/A","N/A","N/A","N/A","N/A","N/A","N/A","N/A","N/A","N/A","N/A","N/A","N/A","N/A","N/A","N/A","N/A","N/A","N/A","N/A","N/A","N/A","N/A","N/A","N/A","N/A","N/A","N/A","N/A","N/A","N/A","N/A","N/A","N/A","N/A","N/A","N/A","N/A","N/A","N/A","N/A","N/A","N/A","N/A","N/A","N/A","N/A","N/A","N/A","N/A","N/A","N/A","N/A","N/A","N/A","N/A","N/A","N/A","N/A","N/A","N/A","N/A","N/A","N/A","N/A","N/A","N/A","N/A","N/A","N/A","N/A","N/A","N/A","N/A","N/A","N/A","N/A","N/A","N/A","N/A","N/A","N/A","N/A","N/A","N/A","N/A","N/A","N/A","N/A","N/A","N/A","N/A","N/A","N/A","N/A","N/A"
"Sanath(block 2), Banaskantha-2022","Gujarat","Banas Kantha","https://storage.googleapis.com/download/storage/v1/b/ved_prod__media/o/pdfs%2F1e1767dc-8681-4044-ae08-7f4ec1bb094e.pdf?generation=1688714526594974&alt=media",1,"Banas",1,"N/A",174600,"N/A","Deesa","Banas","Serial Number,Latitude,Longitude
1,24° 11' 24.6460"" N ,72° 05' 19.2175"" E 
2,24° 11' 24.6460"" N ,72° 05' 12.2721"" E
3,24° 11' 17.9273"" N,72° 05' 19.2175"" E 
4,24° 11' 17.9273"" N,72° 05' 12.2721"" E
","N/A","N/A","N/A","N/A","N/A","Deesa","24-03-2022 18:30:00","Commissioner of Geology and Mining ","Mines and Geology Department","Mines and Geology Department","07-07-2023","Sanath ordinary sand block 2","2","N/A","N/A","N/A","N/A","N/A","N/A","N/A","N/A","N/A","N/A","N/A","N/A","N/A","N/A","N/A","N/A","N/A","N/A","N/A","N/A","N/A","N/A","N/A","N/A","N/A","N/A","N/A","N/A","N/A","N/A","N/A","N/A","N/A","N/A","N/A","N/A","N/A","N/A","N/A","N/A","N/A","N/A","N/A","N/A","N/A","N/A","N/A","N/A","N/A","N/A","N/A","N/A","N/A","N/A","N/A","N/A","N/A","N/A","N/A","N/A","N/A","N/A","N/A","N/A","N/A","N/A","N/A","N/A","N/A","N/A","N/A","N/A","N/A","N/A","N/A","N/A","N/A","N/A","N/A","N/A","N/A","N/A","N/A","N/A","N/A","N/A","N/A","N/A","N/A","N/A","N/A","N/A","N/A","N/A","N/A","N/A","N/A","N/A","N/A","N/A","N/A","N/A","N/A","N/A","N/A","N/A","N/A","N/A","N/A","N/A","N/A","N/A","N/A","N/A","N/A","N/A","N/A","N/A","N/A","N/A","N/A","N/A","N/A","N/A","N/A","N/A","N/A","N/A","N/A","N/A","N/A","N/A","N/A","N/A","N/A","N/A","N/A","N/A","N/A","N/A","N/A","N/A","N/A","N/A","N/A","N/A","N/A","N/A","N/A","N/A","N/A","N/A","N/A","N/A","N/A","N/A","N/A","N/A","N/A","N/A","N/A","N/A","N/A","N/A","N/A","N/A","N/A","N/A","N/A","N/A","N/A","N/A","N/A","N/A","N/A","N/A","N/A","N/A","N/A","N/A","N/A","N/A","N/A","N/A","N/A","N/A","N/A","N/A","N/A","N/A","N/A","N/A","N/A","N/A","N/A","N/A","N/A","N/A","N/A","N/A","N/A","N/A","N/A","N/A","N/A","N/A","N/A","N/A","N/A","N/A","N/A","N/A","N/A","N/A","N/A","N/A","N/A","N/A","N/A","N/A","N/A","N/A","N/A","N/A","N/A","N/A","N/A","N/A","N/A","N/A","N/A","N/A","N/A","N/A","N/A","N/A","N/A","N/A","N/A","N/A","N/A","N/A","N/A","N/A","N/A","N/A"
"Sanath(block 3), Banaskantha-2022","Gujarat","Banas Kantha","https://storage.googleapis.com/download/storage/v1/b/ved_prod__media/o/pdfs%2F7538f5e6-2100-4898-b14e-c2c7f4b20131.pdf?generation=1688714754928199&alt=media",1,"Banas",1,"N/A",174600,"N/A","Deesa","Banas","Serial Number,Latitude,Longitude
1,24° 11' 27.4669"" N,72° 05' 22.1216"" E 
2,24° 11' 27.4669"" N,72° 05' 15.3390"" E
3,24° 11' 20.4434"" N,72° 05' 22.1216"" E 
4,24° 11' 20.4434"" N,72° 05' 15.3390"" E
","N/A","N/A","N/A","N/A","N/A","Deesa","24-03-2022 18:30:00","Commissioner of Geology and Mining ","Mines and Geology Department","Mines and Geology Department","07-07-2023","Sanath ordinary sand block 3","2","N/A","N/A","N/A","N/A","N/A","N/A","N/A","N/A","N/A","N/A","N/A","N/A","N/A","N/A","N/A","N/A","N/A","N/A","N/A","N/A","N/A","N/A","N/A","N/A","N/A","N/A","N/A","N/A","N/A","N/A","N/A","N/A","N/A","N/A","N/A","N/A","N/A","N/A","N/A","N/A","N/A","N/A","N/A","N/A","N/A","N/A","N/A","N/A","N/A","N/A","N/A","N/A","N/A","N/A","N/A","N/A","N/A","N/A","N/A","N/A","N/A","N/A","N/A","N/A","N/A","N/A","N/A","N/A","N/A","N/A","N/A","N/A","N/A","N/A","N/A","N/A","N/A","N/A","N/A","N/A","N/A","N/A","N/A","N/A","N/A","N/A","N/A","N/A","N/A","N/A","N/A","N/A","N/A","N/A","N/A","N/A","N/A","N/A","N/A","N/A","N/A","N/A","N/A","N/A","N/A","N/A","N/A","N/A","N/A","N/A","N/A","N/A","N/A","N/A","N/A","N/A","N/A","N/A","N/A","N/A","N/A","N/A","N/A","N/A","N/A","N/A","N/A","N/A","N/A","N/A","N/A","N/A","N/A","N/A","N/A","N/A","N/A","N/A","N/A","N/A","N/A","N/A","N/A","N/A","N/A","N/A","N/A","N/A","N/A","N/A","N/A","N/A","N/A","N/A","N/A","N/A","N/A","N/A","N/A","N/A","N/A","N/A","N/A","N/A","N/A","N/A","N/A","N/A","N/A","N/A","N/A","N/A","N/A","N/A","N/A","N/A","N/A","N/A","N/A","N/A","N/A","N/A","N/A","N/A","N/A","N/A","N/A","N/A","N/A","N/A","N/A","N/A","N/A","N/A","N/A","N/A","N/A","N/A","N/A","N/A","N/A","N/A","N/A","N/A","N/A","N/A","N/A","N/A","N/A","N/A","N/A","N/A","N/A","N/A","N/A","N/A","N/A","N/A","N/A","N/A","N/A","N/A","N/A","N/A","N/A","N/A","N/A","N/A","N/A","N/A","N/A","N/A","N/A","N/A","N/A","N/A","N/A","N/A","N/A","N/A","N/A","N/A","N/A","N/A","N/A","N/A"
"Sanath(block 4), Banaskantha","Gujarat","Banas Kantha","https://storage.googleapis.com/download/storage/v1/b/ved_prod__media/o/pdfs%2F27ff73cb-72b6-4676-9fca-1ac3989a5c32.pdf?generation=1688714984343361&alt=media",1,"Banas",1,"N/A",173400,"N/A","Deesa","Banas","Serial Number,Latitude,Longitude
1,24° 11' 29.5145"" N,72° 05' 24.9726"" E 
2,24° 11' 29.5145"" N,72° 05' 17.7434"" E
3,24° 11' 22.6044"" N,72° 05' 24.9726"" E 
4,24° 11' 22.6044"" N,72° 05' 17.7434"" E
","N/A","N/A","N/A","N/A","N/A","Deesa","24-03-2022 18:30:00","Commissioner of Geology and Mining ","Mines and Geology Department","Mines and Geology Department","07-07-2023","Sanath ordinary sand block 4","2","N/A","N/A","N/A","N/A","N/A","N/A","N/A","N/A","N/A","N/A","N/A","N/A","N/A","N/A","N/A","N/A","N/A","N/A","N/A","N/A","N/A","N/A","N/A","N/A","N/A","N/A","N/A","N/A","N/A","N/A","N/A","N/A","N/A","N/A","N/A","N/A","N/A","N/A","N/A","N/A","N/A","N/A","N/A","N/A","N/A","N/A","N/A","N/A","N/A","N/A","N/A","N/A","N/A","N/A","N/A","N/A","N/A","N/A","N/A","N/A","N/A","N/A","N/A","N/A","N/A","N/A","N/A","N/A","N/A","N/A","N/A","N/A","N/A","N/A","N/A","N/A","N/A","N/A","N/A","N/A","N/A","N/A","N/A","N/A","N/A","N/A","N/A","N/A","N/A","N/A","N/A","N/A","N/A","N/A","N/A","N/A","N/A","N/A","N/A","N/A","N/A","N/A","N/A","N/A","N/A","N/A","N/A","N/A","N/A","N/A","N/A","N/A","N/A","N/A","N/A","N/A","N/A","N/A","N/A","N/A","N/A","N/A","N/A","N/A","N/A","N/A","N/A","N/A","N/A","N/A","N/A","N/A","N/A","N/A","N/A","N/A","N/A","N/A","N/A","N/A","N/A","N/A","N/A","N/A","N/A","N/A","N/A","N/A","N/A","N/A","N/A","N/A","N/A","N/A","N/A","N/A","N/A","N/A","N/A","N/A","N/A","N/A","N/A","N/A","N/A","N/A","N/A","N/A","N/A","N/A","N/A","N/A","N/A","N/A","N/A","N/A","N/A","N/A","N/A","N/A","N/A","N/A","N/A","N/A","N/A","N/A","N/A","N/A","N/A","N/A","N/A","N/A","N/A","N/A","N/A","N/A","N/A","N/A","N/A","N/A","N/A","N/A","N/A","N/A","N/A","N/A","N/A","N/A","N/A","N/A","N/A","N/A","N/A","N/A","N/A","N/A","N/A","N/A","N/A","N/A","N/A","N/A","N/A","N/A","N/A","N/A","N/A","N/A","N/A","N/A","N/A","N/A","N/A","N/A","N/A","N/A","N/A","N/A","N/A","N/A","N/A","N/A","N/A","N/A","N/A","N/A"